Tracedata Num:40642
Tracedata:
0.000000	33.864000

0.002554	33.403000

0.005109	32.833000

0.007663	32.060000

0.010218	30.851000

0.012772	27.919000

0.015327	29.243000

0.017881	31.259000

0.020436	32.277000

0.022990	32.960000

0.025545	33.472000

0.028099	33.681000

0.030654	33.870000

0.033208	34.043000

0.035763	34.202000

0.038317	34.348000

0.040872	34.483000

0.043426	34.607000

0.045980	34.600000

0.048535	34.600000

0.051089	34.600000

0.053644	34.600000

0.056198	34.600000

0.058753	34.599000

0.061307	34.599000

0.063862	34.599000

0.066416	34.599000

0.068971	34.599000

0.071525	34.599000

0.074080	34.599000

0.076634	34.599000

0.079189	34.599000

0.081743	34.598000

0.084297	34.598000

0.086852	34.598000

0.089406	34.598000

0.091961	34.598000

0.094515	34.598000

0.097070	34.598000

0.099624	34.598000

0.102179	34.598000

0.104733	34.598000

0.107288	34.598000

0.109842	34.598000

0.112397	34.598000

0.114951	34.598000

0.117506	34.598000

0.120060	34.598000

0.122615	34.598000

0.125169	34.597000

0.127723	34.597000

0.130278	34.597000

0.132832	34.597000

0.135387	34.597000

0.137941	34.597000

0.140496	34.597000

0.143050	34.597000

0.145605	34.597000

0.148159	34.597000

0.150714	34.597000

0.153268	34.597000

0.155823	34.597000

0.158377	34.597000

0.160932	34.597000

0.163486	34.597000

0.166040	34.597000

0.168595	34.597000

0.171149	34.597000

0.173704	34.597000

0.176258	34.597000

0.178813	34.597000

0.181367	34.597000

0.183922	34.597000

0.186476	34.597000

0.189031	34.597000

0.191585	34.596000

0.194140	34.596000

0.196694	34.596000

0.199249	34.596000

0.201803	34.596000

0.204358	34.596000

0.206912	34.596000

0.209466	34.596000

0.212021	34.596000

0.214575	34.596000

0.217130	34.596000

0.219684	34.596000

0.222239	34.596000

0.224793	34.596000

0.227348	34.596000

0.229902	34.596000

0.232457	34.596000

0.235011	34.596000

0.237566	34.596000

0.240120	34.596000

0.242675	34.596000

0.245229	34.596000

0.247783	34.596000

0.250338	34.596000

0.252892	34.596000

0.255447	34.596000

0.258001	34.596000

0.260556	34.596000

0.263110	34.596000

0.265665	34.596000

0.268219	34.596000

0.270774	34.596000

0.273328	34.596000

0.275883	34.596000

0.278437	34.596000

0.280992	34.595000

0.283546	34.595000

0.286101	34.595000

0.288655	34.595000

0.291209	34.595000

0.293764	34.595000

0.296318	34.595000

0.298873	34.595000

0.301427	34.595000

0.303982	34.595000

0.306536	34.595000

0.309091	34.595000

0.311645	34.595000

0.314200	34.595000

0.316754	34.595000

0.319309	34.595000

0.321863	34.595000

0.324418	34.595000

0.326972	34.595000

0.329526	34.595000

0.332081	34.595000

0.334635	34.595000

0.337190	34.595000

0.339744	34.595000

0.342299	34.595000

0.344853	34.595000

0.347408	34.595000

0.349962	34.595000

0.352517	34.595000

0.355071	34.595000

0.357626	34.595000

0.360180	34.595000

0.362735	34.595000

0.365289	34.595000

0.367844	34.595000

0.370398	34.595000

0.372952	34.595000

0.375507	34.595000

0.378061	34.595000

0.380616	34.595000

0.383170	34.595000

0.385725	34.595000

0.388279	34.595000

0.390834	34.595000

0.393388	34.595000

0.395943	34.595000

0.398497	34.595000

0.401052	34.595000

0.403606	34.595000

0.406161	34.595000

0.408715	34.595000

0.411269	34.595000

0.413824	34.595000

0.416378	34.595000

0.418933	34.595000

0.421487	34.595000

0.424042	34.595000

0.426596	34.595000

0.429151	34.595000

0.431705	34.595000

0.434260	34.594000

0.436814	34.594000

0.439369	34.594000

0.441923	34.594000

0.444478	34.594000

0.447032	34.594000

0.449587	34.594000

0.452141	34.594000

0.454695	34.594000

0.457250	34.594000

0.459804	34.594000

0.462359	34.594000

0.464913	34.594000

0.467468	34.594000

0.470022	34.594000

0.472577	34.594000

0.475131	34.594000

0.477686	34.594000

0.480240	34.594000

0.482795	34.594000

0.485349	34.594000

0.487904	34.594000

0.490458	34.594000

0.493012	34.594000

0.495567	34.594000

0.498121	34.594000

0.500676	34.594000

0.503230	34.594000

0.505785	34.594000

0.508339	34.594000

0.510894	34.594000

0.513448	34.594000

0.516003	34.594000

0.518557	34.594000

0.521112	34.594000

0.523666	34.594000

0.526221	34.594000

0.528775	34.594000

0.531330	34.594000

0.533884	34.594000

0.536438	34.594000

0.538993	34.594000

0.541547	34.594000

0.544102	34.594000

0.546656	34.594000

0.549211	34.594000

0.551765	34.594000

0.554320	34.594000

0.556874	34.594000

0.559429	34.594000

0.561983	34.594000

0.564538	34.594000

0.567092	34.594000

0.569647	34.594000

0.572201	34.594000

0.574755	34.594000

0.577310	34.594000

0.579864	34.594000

0.582419	34.594000

0.584973	34.594000

0.587528	34.594000

0.590082	34.594000

0.592637	34.594000

0.595191	34.594000

0.597746	34.594000

0.600300	34.594000

0.602855	34.594000

0.605409	34.594000

0.607964	34.594000

0.610518	34.594000

0.613073	34.594000

0.615627	34.594000

0.618181	34.594000

0.620736	34.594000

0.623290	34.594000

0.625845	34.594000

0.628399	34.594000

0.630954	34.594000

0.633508	34.594000

0.636063	34.594000

0.638617	34.594000

0.641172	34.594000

0.643726	34.594000

0.646281	34.594000

0.648835	34.594000

0.651390	34.594000

0.653944	34.594000

0.656498	34.594000

0.659053	34.594000

0.661607	34.594000

0.664162	34.594000

0.666716	34.594000

0.669271	34.594000

0.671825	34.594000

0.674380	34.594000

0.676934	34.594000

0.679489	34.594000

0.682043	34.594000

0.684598	34.594000

0.687152	34.594000

0.689707	34.594000

0.692261	34.594000

0.694816	34.594000

0.697370	34.594000

0.699924	34.594000

0.702479	34.594000

0.705033	34.594000

0.707588	34.594000

0.710142	34.594000

0.712697	34.594000

0.715251	34.594000

0.717806	34.594000

0.720360	34.594000

0.722915	34.594000

0.725469	34.594000

0.728024	34.594000

0.730578	34.594000

0.733133	34.594000

0.735687	34.594000

0.738241	34.594000

0.740796	34.594000

0.743350	34.594000

0.745905	34.593000

0.748459	34.593000

0.751014	34.593000

0.753568	34.593000

0.756123	34.593000

0.758677	34.593000

0.761232	34.593000

0.763786	34.593000

0.766341	34.593000

0.768895	34.593000

0.771450	34.593000

0.774004	34.593000

0.776559	34.593000

0.779113	34.593000

0.781667	34.593000

0.784222	34.593000

0.786776	34.593000

0.789331	34.593000

0.791885	34.593000

0.794440	34.593000

0.796994	34.593000

0.799549	34.593000

0.802103	34.593000

0.804658	34.593000

0.807212	34.593000

0.809767	34.593000

0.812321	34.593000

0.814876	34.593000

0.817430	34.593000

0.819984	34.593000

0.822539	34.593000

0.825093	34.593000

0.827648	34.593000

0.830202	34.593000

0.832757	34.593000

0.835311	34.593000

0.837866	34.593000

0.840420	34.593000

0.842975	34.593000

0.845529	34.593000

0.848084	34.593000

0.850638	34.593000

0.853193	34.593000

0.855747	34.593000

0.858302	34.593000

0.860856	34.593000

0.863410	34.593000

0.865965	34.593000

0.868519	34.593000

0.871074	34.593000

0.873628	34.593000

0.876183	34.593000

0.878737	34.593000

0.881292	34.593000

0.883846	34.593000

0.886401	34.593000

0.888955	34.593000

0.891510	34.593000

0.894064	34.593000

0.896619	34.593000

0.899173	34.593000

0.901727	34.593000

0.904282	34.593000

0.906836	34.593000

0.909391	34.593000

0.911945	34.593000

0.914500	34.593000

0.917054	34.593000

0.919609	34.593000

0.922163	34.593000

0.924718	34.593000

0.927272	34.593000

0.929827	34.593000

0.932381	34.593000

0.934936	34.593000

0.937490	34.593000

0.940045	34.593000

0.942599	34.593000

0.945153	34.593000

0.947708	34.593000

0.950262	34.593000

0.952817	34.593000

0.955371	34.593000

0.957926	34.593000

0.960480	34.593000

0.963035	34.593000

0.965589	34.593000

0.968144	34.593000

0.970698	34.593000

0.973253	34.593000

0.975807	34.593000

0.978362	34.593000

0.980916	34.593000

0.983470	34.593000

0.986025	34.593000

0.988579	34.593000

0.991134	34.593000

0.993688	34.593000

0.996243	34.593000

0.998797	34.593000

1.001352	34.593000

1.003906	34.593000

1.006461	34.593000

1.009015	34.593000

1.011570	34.593000

1.014124	34.593000

1.016679	34.593000

1.019233	34.593000

1.021788	34.593000

1.024342	34.593000

1.026896	34.593000

1.029451	34.593000

1.032005	34.593000

1.034560	34.593000

1.037114	34.593000

1.039669	34.593000

1.042223	34.593000

1.044778	34.593000

1.047332	34.593000

1.049887	34.593000

1.052441	34.593000

1.054996	34.593000

1.057550	34.593000

1.060105	34.593000

1.062659	34.593000

1.065213	34.593000

1.067768	34.593000

1.070322	34.593000

1.072877	34.593000

1.075431	34.593000

1.077986	34.593000

1.080540	34.593000

1.083095	34.593000

1.085649	34.593000

1.088204	34.593000

1.090758	34.593000

1.093313	34.593000

1.095867	34.593000

1.098422	34.593000

1.100976	34.593000

1.103531	34.593000

1.106085	34.593000

1.108639	34.593000

1.111194	34.593000

1.113748	34.593000

1.116303	34.593000

1.118857	34.593000

1.121412	34.593000

1.123966	34.593000

1.126521	34.593000

1.129075	34.593000

1.131630	34.593000

1.134184	34.593000

1.136739	34.593000

1.139293	34.593000

1.141848	34.593000

1.144402	34.593000

1.146956	34.593000

1.149511	34.593000

1.152065	34.593000

1.154620	34.593000

1.157174	34.593000

1.159729	34.593000

1.162283	34.593000

1.164838	34.593000

1.167392	34.593000

1.169947	34.593000

1.172501	34.593000

1.175056	34.593000

1.177610	34.593000

1.180165	34.593000

1.182719	34.593000

1.185274	34.593000

1.187828	34.593000

1.190382	34.593000

1.192937	34.593000

1.195491	34.593000

1.198046	34.593000

1.200600	34.593000

1.203155	34.593000

1.205709	34.593000

1.208264	34.593000

1.210818	34.593000

1.213373	34.593000

1.215927	34.593000

1.218482	34.593000

1.221036	34.593000

1.223591	34.593000

1.226145	34.593000

1.228699	34.593000

1.231254	34.593000

1.233808	34.593000

1.236363	34.593000

1.238917	34.593000

1.241472	34.593000

1.244026	34.593000

1.246581	34.593000

1.249135	34.593000

1.251690	34.593000

1.254244	34.593000

1.256799	34.593000

1.259353	34.593000

1.261908	34.593000

1.264462	34.593000

1.267017	34.593000

1.269571	34.593000

1.272125	34.593000

1.274680	34.593000

1.277234	34.593000

1.279789	34.593000

1.282343	34.593000

1.284898	34.593000

1.287452	34.593000

1.290007	34.593000

1.292561	34.593000

1.295116	34.593000

1.297670	34.593000

1.300225	34.593000

1.302779	34.593000

1.305334	34.593000

1.307888	34.593000

1.310442	34.593000

1.312997	34.593000

1.315551	34.593000

1.318106	34.593000

1.320660	34.593000

1.323215	34.593000

1.325769	34.593000

1.328324	34.593000

1.330878	34.593000

1.333433	34.593000

1.335987	34.593000

1.338542	34.593000

1.341096	34.593000

1.343651	34.593000

1.346205	34.593000

1.348760	34.593000

1.351314	34.593000

1.353868	34.593000

1.356423	34.593000

1.358977	34.593000

1.361532	34.593000

1.364086	34.593000

1.366641	34.593000

1.369195	34.593000

1.371750	34.593000

1.374304	34.593000

1.376859	34.593000

1.379413	34.593000

1.381968	34.593000

1.384522	34.593000

1.387077	34.593000

1.389631	34.593000

1.392185	34.593000

1.394740	34.593000

1.397294	34.593000

1.399849	34.593000

1.402403	34.593000

1.404958	34.593000

1.407512	34.593000

1.410067	34.593000

1.412621	34.593000

1.415176	34.593000

1.417730	34.593000

1.420285	34.593000

1.422839	34.593000

1.425394	34.593000

1.427948	34.593000

1.430503	34.593000

1.433057	34.593000

1.435611	34.593000

1.438166	34.593000

1.440720	34.593000

1.443275	34.593000

1.445829	34.593000

1.448384	34.593000

1.450938	34.593000

1.453493	34.593000

1.456047	34.593000

1.458602	34.593000

1.461156	34.593000

1.463711	34.593000

1.466265	34.593000

1.468820	34.593000

1.471374	34.593000

1.473928	34.593000

1.476483	34.593000

1.479037	34.593000

1.481592	34.593000

1.484146	34.593000

1.486701	34.593000

1.489255	34.593000

1.491810	34.593000

1.494364	34.593000

1.496919	34.593000

1.499473	34.593000

1.502028	34.593000

1.504582	34.593000

1.507137	34.593000

1.509691	34.593000

1.512246	34.593000

1.514800	34.593000

1.517354	34.593000

1.519909	34.593000

1.522463	34.593000

1.525018	34.593000

1.527572	34.593000

1.530127	34.593000

1.532681	34.593000

1.535236	34.593000

1.537790	34.593000

1.540345	34.593000

1.542899	34.593000

1.545454	34.593000

1.548008	34.593000

1.550563	34.593000

1.553117	34.593000

1.555671	34.593000

1.558226	34.593000

1.560780	34.593000

1.563335	34.593000

1.565889	34.593000

1.568444	34.593000

1.570998	34.593000

1.573553	34.593000

1.576107	34.593000

1.578662	34.593000

1.581216	34.593000

1.583771	34.593000

1.586325	34.593000

1.588880	34.593000

1.591434	34.593000

1.593989	34.593000

1.596543	34.593000

1.599097	34.593000

1.601652	34.593000

1.604206	34.593000

1.606761	34.593000

1.609315	34.593000

1.611870	34.593000

1.614424	34.593000

1.616979	34.593000

1.619533	34.593000

1.622088	34.593000

1.624642	34.593000

1.627197	34.593000

1.629751	34.593000

1.632306	34.593000

1.634860	34.593000

1.637414	34.592000

1.639969	34.593000

1.642523	34.593000

1.645078	34.593000

1.647632	34.593000

1.650187	34.592000

1.652741	34.592000

1.655296	34.592000

1.657850	34.592000

1.660405	34.592000

1.662959	34.592000

1.665514	34.592000

1.668068	34.592000

1.670623	34.592000

1.673177	34.592000

1.675732	34.593000

1.678286	34.592000

1.680840	34.592000

1.683395	34.592000

1.685949	34.592000

1.688504	34.592000

1.691058	34.592000

1.693613	34.592000

1.696167	34.592000

1.698722	34.592000

1.701276	34.592000

1.703831	34.592000

1.706385	34.592000

1.708940	34.592000

1.711494	34.592000

1.714049	34.592000

1.716603	34.592000

1.719158	34.592000

1.721712	34.592000

1.724266	34.592000

1.726821	34.592000

1.729375	34.592000

1.731930	34.592000

1.734484	34.592000

1.737039	34.592000

1.739593	34.592000

1.742148	34.592000

1.744702	34.592000

1.747257	34.592000

1.749811	34.592000

1.752366	34.592000

1.754920	34.592000

1.757475	34.592000

1.760029	34.592000

1.762583	34.592000

1.765138	34.592000

1.767692	34.592000

1.770247	34.592000

1.772801	34.592000

1.775356	34.592000

1.777910	34.592000

1.780465	34.592000

1.783019	34.592000

1.785574	34.592000

1.788128	34.592000

1.790683	34.592000

1.793237	34.592000

1.795792	34.592000

1.798346	34.592000

1.800901	34.592000

1.803455	34.592000

1.806009	34.592000

1.808564	34.592000

1.811118	34.592000

1.813673	34.592000

1.816227	34.592000

1.818782	34.592000

1.821336	34.592000

1.823891	34.592000

1.826445	34.592000

1.829000	34.592000

1.831554	34.592000

1.834109	34.592000

1.836663	34.592000

1.839218	34.592000

1.841772	34.592000

1.844326	34.592000

1.846881	34.592000

1.849435	34.592000

1.851990	34.592000

1.854544	34.592000

1.857099	34.592000

1.859653	34.592000

1.862208	34.592000

1.864762	34.592000

1.867317	34.592000

1.869871	34.592000

1.872426	34.592000

1.874980	34.592000

1.877535	34.592000

1.880089	34.592000

1.882644	34.592000

1.885198	34.592000

1.887752	34.592000

1.890307	34.592000

1.892861	34.592000

1.895416	34.592000

1.897970	34.592000

1.900525	34.592000

1.903079	34.592000

1.905634	34.592000

1.908188	34.592000

1.910743	34.592000

1.913297	34.592000

1.915852	34.592000

1.918406	34.592000

1.920961	34.592000

1.923515	34.592000

1.926069	34.592000

1.928624	34.592000

1.931178	34.592000

1.933733	34.592000

1.936287	34.592000

1.938842	34.592000

1.941396	34.592000

1.943951	34.592000

1.946505	34.592000

1.949060	34.592000

1.951614	34.592000

1.954169	34.592000

1.956723	34.592000

1.959278	34.592000

1.961832	34.592000

1.964387	34.592000

1.966941	34.592000

1.969495	34.592000

1.972050	34.592000

1.974604	34.592000

1.977159	34.592000

1.979713	34.592000

1.982268	34.592000

1.984822	34.592000

1.987377	34.592000

1.989931	34.592000

1.992486	34.592000

1.995040	34.592000

1.997595	34.592000

2.000149	34.592000

2.002704	34.592000

2.005258	34.592000

2.007812	34.592000

2.010367	34.592000

2.012921	34.592000

2.015476	34.592000

2.018030	34.592000

2.020585	34.592000

2.023139	34.592000

2.025694	34.592000

2.028248	34.592000

2.030803	34.592000

2.033357	34.592000

2.035912	34.592000

2.038466	34.592000

2.041021	34.592000

2.043575	34.591000

2.046130	34.588000

2.048684	34.585000

2.051238	34.581000

2.053793	34.577000

2.056347	34.572000

2.058902	34.567000

2.061456	34.560000

2.064011	34.553000

2.066565	34.545000

2.069120	34.536000

2.071674	34.527000

2.074229	34.515000

2.076783	34.503000

2.079338	34.489000

2.081892	34.472000

2.084447	34.452000

2.087001	34.429000

2.089555	34.400000

2.092110	34.364000

2.094664	34.321000

2.097219	34.270000

2.099773	34.212000

2.102328	34.146000

2.104882	34.073000

2.107437	33.993000

2.109991	33.905000

2.112546	33.809000

2.115100	33.705000

2.117655	33.592000

2.120209	33.470000

2.122764	33.339000

2.125318	33.199000

2.127873	33.051000

2.130427	32.898000

2.132981	32.743000

2.135536	32.589000

2.138090	32.436000

2.140645	32.283000

2.143199	32.133000

2.145754	31.983000

2.148308	31.835000

2.150863	31.688000

2.153417	31.543000

2.155972	31.400000

2.158526	31.258000

2.161081	31.118000

2.163635	30.979000

2.166190	30.843000

2.168744	30.708000

2.171298	30.575000

2.173853	30.444000

2.176407	30.314000

2.178962	30.187000

2.181516	30.061000

2.184071	29.937000

2.186625	29.816000

2.189180	29.696000

2.191734	29.578000

2.194289	29.462000

2.196843	29.348000

2.199398	29.236000

2.201952	29.126000

2.204507	29.017000

2.207061	28.911000

2.209616	28.807000

2.212170	28.704000

2.214724	28.603000

2.217279	28.505000

2.219833	28.407000

2.222388	28.312000

2.224942	28.218000

2.227497	28.126000

2.230051	28.036000

2.232606	27.947000

2.235160	27.859000

2.237715	27.773000

2.240269	27.689000

2.242824	27.606000

2.245378	27.524000

2.247933	27.444000

2.250487	27.365000

2.253041	27.287000

2.255596	27.210000

2.258150	27.134000

2.260705	27.060000

2.263259	26.987000

2.265814	26.915000

2.268368	26.843000

2.270923	26.773000

2.273477	26.704000

2.276032	26.635000

2.278586	26.568000

2.281141	26.501000

2.283695	26.435000

2.286250	26.370000

2.288804	26.305000

2.291359	26.242000

2.293913	26.179000

2.296467	26.116000

2.299022	26.054000

2.301576	25.993000

2.304131	25.932000

2.306685	25.872000

2.309240	25.813000

2.311794	25.755000

2.314349	25.696000

2.316903	25.637000

2.319458	25.580000

2.322012	25.522000

2.324567	25.466000

2.327121	25.411000

2.329676	25.355000

2.332230	25.300000

2.334784	25.244000

2.337339	25.189000

2.339893	25.135000

2.342448	25.081000

2.345002	25.027000

2.347557	24.974000

2.350111	24.921000

2.352666	24.867000

2.355220	24.814000

2.357775	24.762000

2.360329	24.710000

2.362884	24.657000

2.365438	24.606000

2.367993	24.555000

2.370547	24.502000

2.373102	24.452000

2.375656	24.401000

2.378210	24.350000

2.380765	24.302000

2.383319	24.251000

2.385874	24.200000

2.388428	24.152000

2.390983	24.103000

2.393537	24.053000

2.396092	24.001000

2.398646	23.951000

2.401201	23.901000

2.403755	23.851000

2.406310	23.803000

2.408864	23.755000

2.411419	23.706000

2.413973	23.660000

2.416527	23.610000

2.419082	23.562000

2.421636	23.515000

2.424191	23.465000

2.426745	23.417000

2.429300	23.370000

2.431854	23.320000

2.434409	23.273000

2.436963	23.226000

2.439518	23.181000

2.442072	23.134000

2.444627	23.088000

2.447181	23.041000

2.449736	22.994000

2.452290	22.945000

2.454845	22.896000

2.457399	22.845000

2.459953	22.796000

2.462508	22.745000

2.465062	22.698000

2.467617	22.652000

2.470171	22.606000

2.472726	22.561000

2.475280	22.514000

2.477835	22.467000

2.480389	22.419000

2.482944	22.369000

2.485498	22.322000

2.488053	22.275000

2.490607	22.229000

2.493162	22.185000

2.495716	22.144000

2.498270	22.102000

2.500825	22.058000

2.503379	22.013000

2.505934	21.975000

2.508488	21.930000

2.511043	21.886000

2.513597	21.842000

2.516152	21.793000

2.518706	21.750000

2.521261	21.706000

2.523815	21.663000

2.526370	21.626000

2.528924	21.584000

2.531479	21.544000

2.534033	21.499000

2.536588	21.450000

2.539142	21.400000

2.541696	21.353000

2.544251	21.306000

2.546805	21.262000

2.549360	21.213000

2.551914	21.163000

2.554469	21.114000

2.557023	21.066000

2.559578	21.016000

2.562132	20.970000

2.564687	20.918000

2.567241	20.872000

2.569796	20.821000

2.572350	20.768000

2.574905	20.713000

2.577459	20.667000

2.580013	20.621000

2.582568	20.569000

2.585122	20.512000

2.587677	20.461000

2.590231	20.404000

2.592786	20.358000

2.595340	20.314000

2.597895	20.271000

2.600449	20.218000

2.603004	20.179000

2.605558	20.128000

2.608113	20.083000

2.610667	20.027000

2.613222	19.982000

2.615776	19.940000

2.618331	19.895000

2.620885	19.839000

2.623439	19.783000

2.625994	19.749000

2.628548	19.711000

2.631103	19.671000

2.633657	19.640000

2.636212	19.589000

2.638766	19.549000

2.641321	19.503000

2.643875	19.466000

2.646430	19.413000

2.648984	19.378000

2.651539	19.325000

2.654093	19.279000

2.656648	19.239000

2.659202	19.199000

2.661756	19.148000

2.664311	19.108000

2.666865	19.074000

2.669420	19.006000

2.671974	18.959000

2.674529	18.916000

2.677083	18.876000

2.679638	18.820000

2.682192	18.766000

2.684747	18.722000

2.687301	18.675000

2.689856	18.618000

2.692410	18.556000

2.694965	18.522000

2.697519	18.479000

2.700074	18.423000

2.702628	18.359000

2.705182	18.315000

2.707737	18.255000

2.710291	18.182000

2.712846	18.157000

2.715400	18.121000

2.717955	18.064000

2.720509	17.990000

2.723064	17.952000

2.725618	17.889000

2.728173	17.839000

2.730727	17.800000

2.733282	17.761000

2.735836	17.699000

2.738391	17.655000

2.740945	17.620000

2.743499	17.550000

2.746054	17.512000

2.748608	17.450000

2.751163	17.412000

2.753717	17.395000

2.756272	17.334000

2.758826	17.261000

2.761381	17.201000

2.763935	17.168000

2.766490	17.128000

2.769044	17.093000

2.771599	17.006000

2.774153	16.909000

2.776708	16.863000

2.779262	16.834000

2.781817	16.798000

2.784371	16.739000

2.786925	16.692000

2.789480	16.652000

2.792034	16.595000

2.794589	16.539000

2.797143	16.491000

2.799698	16.455000

2.802252	16.400000

2.804807	16.347000

2.807361	16.266000

2.809916	16.188000

2.812470	16.083000

2.815025	16.036000

2.817579	16.027000

2.820134	15.988000

2.822688	15.923000

2.825242	15.819000

2.827797	15.739000

2.830351	15.711000

2.832906	15.729000

2.835460	15.613000

2.838015	15.559000

2.840569	15.449000

2.843124	15.370000

2.845678	15.362000

2.848233	15.283000

2.850787	15.208000

2.853342	15.118000

2.855896	15.172000

2.858451	15.157000

2.861005	15.121000

2.863560	15.035000

2.866114	14.952000

2.868668	14.817000

2.871223	14.767000

2.873777	14.630000

2.876332	14.386000

2.878886	14.515000

2.881441	14.463000

2.883995	14.476000

2.886550	14.353000

2.889104	14.151000

2.891659	13.989000

2.894213	13.855000

2.896768	13.825000

2.899322	13.599000

2.901877	13.563000

2.904431	13.282000

2.906985	13.261000

2.909540	13.177000

2.912094	13.196000

2.914649	13.000000

2.917203	12.921000

2.919758	12.825000

2.922312	12.778000

2.924867	12.691000

2.927421	12.278000

2.929976	12.042000

2.932530	11.988000

2.935085	12.022000

2.937639	12.072000

2.940194	11.992000

2.942748	11.994000

2.945303	11.441000

2.947857	11.508000

2.950411	10.792000

2.952966	10.274000

2.955520	9.679000

2.958075	9.319000

2.960629	9.699000

2.963184	8.801000

2.965738	5.591000

2.968293	7.527000

2.970847	6.912000

2.973402	4.848000

2.975956	6.150000

2.978511	7.887000

2.981065	8.841000

2.983620	9.181000

2.986174	8.765000

2.988728	8.965000

2.991283	10.616000

2.993837	10.663000

2.996392	10.541000

2.998946	10.748000

3.001501	10.922000

3.004055	11.737000

3.006610	12.061000

3.009164	12.237000

3.011719	12.069000

3.014273	12.276000

3.016828	12.538000

3.019382	12.585000

3.021937	12.386000

3.024491	12.219000

3.027046	12.323000

3.029600	12.717000

3.032154	12.745000

3.034709	12.316000

3.037263	12.513000

3.039818	12.636000

3.042372	12.450000

3.044927	12.582000

3.047481	12.445000

3.050036	12.312000

3.052590	12.380000

3.055145	12.727000

3.057699	12.682000

3.060254	12.864000

3.062808	12.726000

3.065363	12.941000

3.067917	13.200000

3.070471	13.327000

3.073026	13.384000

3.075580	13.366000

3.078135	13.493000

3.080689	13.551000

3.083244	13.544000

3.085798	13.600000

3.088353	13.514000

3.090907	13.588000

3.093462	13.553000

3.096016	13.542000

3.098571	13.527000

3.101125	13.596000

3.103680	13.387000

3.106234	13.497000

3.108789	13.431000

3.111343	13.412000

3.113897	13.493000

3.116452	13.431000

3.119006	13.483000

3.121561	13.618000

3.124115	13.532000

3.126670	13.501000

3.129224	13.419000

3.131779	13.532000

3.134333	13.450000

3.136888	13.636000

3.139442	13.700000

3.141997	13.655000

3.144551	13.561000

3.147106	13.490000

3.149660	13.657000

3.152214	13.903000

3.154769	13.803000

3.157323	13.776000

3.159878	13.772000

3.162432	13.661000

3.164987	13.502000

3.167541	13.381000

3.170096	13.396000

3.172650	13.511000

3.175205	13.434000

3.177759	13.445000

3.180314	13.372000

3.182868	13.255000

3.185423	13.367000

3.187977	13.586000

3.190532	13.807000

3.193086	13.765000

3.195640	13.711000

3.198195	13.849000

3.200749	13.812000

3.203304	13.889000

3.205858	14.111000

3.208413	14.120000

3.210967	14.291000

3.213522	14.429000

3.216076	14.438000

3.218631	14.547000

3.221185	14.525000

3.223740	14.457000

3.226294	14.561000

3.228849	14.578000

3.231403	14.527000

3.233957	14.599000

3.236512	14.667000

3.239066	14.687000

3.241621	14.719000

3.244175	14.793000

3.246730	14.723000

3.249284	14.647000

3.251839	14.671000

3.254393	14.686000

3.256948	14.713000

3.259502	14.767000

3.262057	14.771000

3.264611	14.814000

3.267166	14.773000

3.269720	14.724000

3.272275	14.588000

3.274829	14.552000

3.277383	14.531000

3.279938	14.500000

3.282492	14.420000

3.285047	14.433000

3.287601	14.345000

3.290156	14.423000

3.292710	14.354000

3.295265	14.429000

3.297819	14.328000

3.300374	14.195000

3.302928	14.157000

3.305483	14.033000

3.308037	14.026000

3.310592	14.243000

3.313146	14.255000

3.315700	14.432000

3.318255	14.507000

3.320809	14.399000

3.323364	14.332000

3.325918	14.378000

3.328473	14.286000

3.331027	14.248000

3.333582	14.237000

3.336136	14.398000

3.338691	14.433000

3.341245	14.516000

3.343800	14.512000

3.346354	14.474000

3.348909	14.452000

3.351463	14.382000

3.354018	14.259000

3.356572	14.241000

3.359126	14.285000

3.361681	14.138000

3.364235	14.216000

3.366790	14.204000

3.369344	14.167000

3.371899	14.207000

3.374453	14.183000

3.377008	14.172000

3.379562	14.034000

3.382117	13.934000

3.384671	13.841000

3.387226	13.979000

3.389780	13.957000

3.392335	13.998000

3.394889	14.017000

3.397443	14.078000

3.399998	14.127000

3.402552	13.977000

3.405107	14.120000

3.407661	14.107000

3.410216	14.186000

3.412770	14.178000

3.415325	14.147000

3.417879	14.194000

3.420434	14.209000

3.422988	14.286000

3.425543	14.353000

3.428097	14.402000

3.430652	14.185000

3.433206	14.243000

3.435761	14.223000

3.438315	14.318000

3.440869	14.251000

3.443424	14.171000

3.445978	14.213000

3.448533	14.277000

3.451087	14.249000

3.453642	14.269000

3.456196	14.172000

3.458751	14.350000

3.461305	14.306000

3.463860	14.299000

3.466414	14.366000

3.468969	14.331000

3.471523	14.264000

3.474078	14.460000

3.476632	14.491000

3.479187	14.555000

3.481741	14.597000

3.484295	14.710000

3.486850	14.797000

3.489404	14.846000

3.491959	14.784000

3.494513	14.775000

3.497068	14.781000

3.499622	14.885000

3.502177	14.770000

3.504731	14.846000

3.507286	14.910000

3.509840	14.924000

3.512395	14.818000

3.514949	14.819000

3.517504	14.786000

3.520058	14.806000

3.522612	14.760000

3.525167	14.669000

3.527721	14.545000

3.530276	14.500000

3.532830	14.422000

3.535385	14.383000

3.537939	14.501000

3.540494	14.339000

3.543048	14.341000

3.545603	14.466000

3.548157	14.486000

3.550712	14.350000

3.553266	14.275000

3.555821	14.350000

3.558375	14.357000

3.560930	14.429000

3.563484	14.455000

3.566038	14.566000

3.568593	14.640000

3.571147	14.696000

3.573702	14.625000

3.576256	14.744000

3.578811	14.806000

3.581365	14.751000

3.583920	14.895000

3.586474	14.955000

3.589029	14.943000

3.591583	14.962000

3.594138	14.959000

3.596692	14.824000

3.599247	14.926000

3.601801	14.984000

3.604355	14.859000

3.606910	14.898000

3.609464	14.802000

3.612019	14.749000

3.614573	14.744000

3.617128	14.823000

3.619682	14.726000

3.622237	14.701000

3.624791	14.705000

3.627346	14.621000

3.629900	14.518000

3.632455	14.532000

3.635009	14.496000

3.637564	14.633000

3.640118	14.712000

3.642673	14.667000

3.645227	14.610000

3.647781	14.625000

3.650336	14.610000

3.652890	14.773000

3.655445	14.763000

3.657999	14.711000

3.660554	14.754000

3.663108	14.783000

3.665663	14.876000

3.668217	14.826000

3.670772	14.910000

3.673326	14.932000

3.675881	14.861000

3.678435	14.878000

3.680990	14.779000

3.683544	14.829000

3.686098	14.919000

3.688653	14.889000

3.691207	14.954000

3.693762	14.899000

3.696316	14.739000

3.698871	14.764000

3.701425	14.856000

3.703980	14.821000

3.706534	14.781000

3.709089	14.694000

3.711643	14.664000

3.714198	14.612000

3.716752	14.612000

3.719307	14.558000

3.721861	14.567000

3.724416	14.565000

3.726970	14.676000

3.729524	14.551000

3.732079	14.598000

3.734633	14.552000

3.737188	14.642000

3.739742	14.705000

3.742297	14.682000

3.744851	14.601000

3.747406	14.666000

3.749960	14.619000

3.752515	14.583000

3.755069	14.642000

3.757624	14.465000

3.760178	14.409000

3.762733	14.435000

3.765287	14.352000

3.767841	14.322000

3.770396	14.148000

3.772950	14.218000

3.775505	14.105000

3.778059	14.013000

3.780614	13.764000

3.783168	13.822000

3.785723	13.904000

3.788277	13.937000

3.790832	13.815000

3.793386	13.884000

3.795941	13.876000

3.798495	13.942000

3.801050	14.107000

3.803604	14.099000

3.806159	14.166000

3.808713	14.297000

3.811267	14.352000

3.813822	14.388000

3.816376	14.353000

3.818931	14.404000

3.821485	14.444000

3.824040	14.562000

3.826594	14.523000

3.829149	14.444000

3.831703	14.493000

3.834258	14.464000

3.836812	14.480000

3.839367	14.331000

3.841921	14.158000

3.844476	14.108000

3.847030	14.163000

3.849584	14.196000

3.852139	14.072000

3.854693	14.050000

3.857248	14.134000

3.859802	14.096000

3.862357	14.199000

3.864911	14.274000

3.867466	14.218000

3.870020	14.224000

3.872575	14.242000

3.875129	14.161000

3.877684	14.180000

3.880238	14.048000

3.882793	14.124000

3.885347	14.182000

3.887902	14.240000

3.890456	14.239000

3.893010	14.298000

3.895565	14.130000

3.898119	14.171000

3.900674	13.995000

3.903228	14.048000

3.905783	14.047000

3.908337	14.127000

3.910892	14.091000

3.913446	14.071000

3.916001	14.071000

3.918555	14.007000

3.921110	13.977000

3.923664	14.079000

3.926219	14.110000

3.928773	14.154000

3.931327	14.313000

3.933882	14.404000

3.936436	14.217000

3.938991	14.364000

3.941545	14.405000

3.944100	14.418000

3.946654	14.403000

3.949209	14.342000

3.951763	14.196000

3.954318	14.369000

3.956872	14.368000

3.959427	14.371000

3.961981	14.473000

3.964536	14.532000

3.967090	14.483000

3.969645	14.609000

3.972199	14.650000

3.974753	14.672000

3.977308	14.559000

3.979862	14.661000

3.982417	14.542000

3.984971	14.434000

3.987526	14.494000

3.990080	14.392000

3.992635	14.406000

3.995189	14.498000

3.997744	14.450000

4.000298	14.348000

4.002853	14.257000

4.005407	14.271000

4.007962	14.173000

4.010516	14.290000

4.013070	14.200000

4.015625	14.138000

4.018179	13.923000

4.020734	13.865000

4.023288	13.686000

4.025843	13.848000

4.028397	13.930000

4.030952	13.788000

4.033506	13.919000

4.036061	13.817000

4.038615	13.725000

4.041170	13.664000

4.043724	13.645000

4.046279	13.741000

4.048833	13.684000

4.051388	13.824000

4.053942	13.900000

4.056496	14.042000

4.059051	13.942000

4.061605	13.918000

4.064160	13.993000

4.066714	13.999000

4.069269	14.134000

4.071823	14.163000

4.074378	14.253000

4.076932	14.228000

4.079487	14.347000

4.082041	14.366000

4.084596	14.301000

4.087150	14.394000

4.089705	14.327000

4.092259	14.207000

4.094813	14.146000

4.097368	14.050000

4.099922	13.923000

4.102477	14.105000

4.105031	14.140000

4.107586	14.241000

4.110140	14.327000

4.112695	14.277000

4.115249	14.364000

4.117804	14.451000

4.120358	14.371000

4.122913	14.351000

4.125467	14.299000

4.128022	14.251000

4.130576	14.208000

4.133131	14.207000

4.135685	14.261000

4.138239	14.244000

4.140794	14.217000

4.143348	14.155000

4.145903	14.085000

4.148457	14.068000

4.151012	13.938000

4.153566	13.909000

4.156121	13.832000

4.158675	13.661000

4.161230	13.696000

4.163784	13.788000

4.166339	13.615000

4.168893	13.473000

4.171448	13.559000

4.174002	13.533000

4.176556	13.757000

4.179111	13.737000

4.181665	13.650000

4.184220	13.383000

4.186774	13.483000

4.189329	13.279000

4.191883	13.384000

4.194438	13.482000

4.196992	13.481000

4.199547	13.412000

4.202101	13.312000

4.204656	13.077000

4.207210	13.031000

4.209765	13.002000

4.212319	13.221000

4.214874	13.226000

4.217428	13.327000

4.219982	13.070000

4.222537	12.989000

4.225091	13.291000

4.227646	13.636000

4.230200	13.535000

4.232755	13.801000

4.235309	13.633000

4.237864	13.507000

4.240418	13.572000

4.242973	13.616000

4.245527	13.750000

4.248082	13.794000

4.250636	13.770000

4.253191	13.898000

4.255745	13.894000

4.258299	13.868000

4.260854	13.805000

4.263408	13.904000

4.265963	13.996000

4.268517	13.897000

4.271072	13.774000

4.273626	13.849000

4.276181	13.730000

4.278735	13.890000

4.281290	13.852000

4.283844	13.593000

4.286399	13.624000

4.288953	13.616000

4.291508	13.357000

4.294062	13.407000

4.296617	13.482000

4.299171	13.512000

4.301725	13.541000

4.304280	13.623000

4.306834	13.554000

4.309389	13.613000

4.311943	13.565000

4.314498	13.552000

4.317052	13.590000

4.319607	13.549000

4.322161	13.493000

4.324716	13.608000

4.327270	13.851000

4.329825	13.831000

4.332379	13.806000

4.334934	13.901000

4.337488	13.785000

4.340042	13.768000

4.342597	13.720000

4.345151	13.905000

4.347706	13.751000

4.350260	13.657000

4.352815	13.551000

4.355369	13.402000

4.357924	13.280000

4.360478	13.228000

4.363033	13.252000

4.365587	13.213000

4.368142	13.102000

4.370696	13.167000

4.373251	13.204000

4.375805	13.003000

4.378360	13.177000

4.380914	13.364000

4.383468	13.271000

4.386023	13.296000

4.388577	12.942000

4.391132	13.113000

4.393686	13.230000

4.396241	13.143000

4.398795	13.322000

4.401350	13.336000

4.403904	13.365000

4.406459	13.444000

4.409013	13.470000

4.411568	13.547000

4.414122	13.327000

4.416677	13.350000

4.419231	13.425000

4.421785	13.338000

4.424340	13.213000

4.426894	13.219000

4.429449	13.100000

4.432003	13.146000

4.434558	12.968000

4.437112	13.231000

4.439667	13.381000

4.442221	13.325000

4.444776	13.459000

4.447330	13.335000

4.449885	13.007000

4.452439	12.913000

4.454994	12.632000

4.457548	12.476000

4.460103	12.597000

4.462657	12.562000

4.465211	12.501000

4.467766	12.576000

4.470320	12.597000

4.472875	12.745000

4.475429	12.787000

4.477984	12.840000

4.480538	12.412000

4.483093	12.608000

4.485647	12.584000

4.488202	12.388000

4.490756	12.209000

4.493311	12.648000

4.495865	12.519000

4.498420	12.696000

4.500974	12.821000

4.503528	12.612000

4.506083	12.676000

4.508637	12.649000

4.511192	12.726000

4.513746	12.790000

4.516301	12.645000

4.518855	12.554000

4.521410	12.624000

4.523964	12.592000

4.526519	12.397000

4.529073	12.269000

4.531628	12.187000

4.534182	12.398000

4.536737	12.163000

4.539291	12.334000

4.541846	12.557000

4.544400	12.718000

4.546954	12.726000

4.549509	12.598000

4.552063	12.804000

4.554618	12.668000

4.557172	12.666000

4.559727	12.747000

4.562281	12.851000

4.564836	12.815000

4.567390	13.026000

4.569945	13.112000

4.572499	13.207000

4.575054	13.173000

4.577608	13.074000

4.580163	13.150000

4.582717	13.188000

4.585271	13.210000

4.587826	13.269000

4.590380	13.399000

4.592935	13.368000

4.595489	13.390000

4.598044	13.450000

4.600598	13.306000

4.603153	13.335000

4.605707	13.325000

4.608262	13.347000

4.610816	13.251000

4.613371	12.996000

4.615925	13.059000

4.618480	13.261000

4.621034	13.132000

4.623589	13.184000

4.626143	13.042000

4.628697	12.821000

4.631252	12.693000

4.633806	12.308000

4.636361	12.246000

4.638915	11.649000

4.641470	11.433000

4.644024	11.511000

4.646579	11.449000

4.649133	11.646000

4.651688	11.101000

4.654242	11.303000

4.656797	11.411000

4.659351	11.125000

4.661906	10.955000

4.664460	12.082000

4.667014	12.005000

4.669569	12.400000

4.672123	12.458000

4.674678	12.610000

4.677232	12.773000

4.679787	12.853000

4.682341	12.884000

4.684896	12.764000

4.687450	12.656000

4.690005	12.485000

4.692559	12.262000

4.695114	12.556000

4.697668	12.632000

4.700223	12.406000

4.702777	12.408000

4.705332	12.393000

4.707886	11.727000

4.710440	11.445000

4.712995	11.231000

4.715549	11.082000

4.718104	10.643000

4.720658	10.541000

4.723213	10.614000

4.725767	11.073000

4.728322	11.688000

4.730876	11.832000

4.733431	12.257000

4.735985	12.395000

4.738540	12.243000

4.741094	11.938000

4.743649	12.480000

4.746203	12.534000

4.748757	12.679000

4.751312	12.779000

4.753866	12.967000

4.756421	12.905000

4.758975	12.833000

4.761530	12.741000

4.764084	12.752000

4.766639	12.974000

4.769193	12.990000

4.771748	12.812000

4.774302	12.744000

4.776857	12.504000

4.779411	12.510000

4.781966	12.571000

4.784520	12.740000

4.787075	12.810000

4.789629	12.943000

4.792183	12.775000

4.794738	12.623000

4.797292	12.658000

4.799847	12.633000

4.802401	12.551000

4.804956	12.853000

4.807510	12.953000

4.810065	12.725000

4.812619	12.732000

4.815174	12.587000

4.817728	12.660000

4.820283	12.736000

4.822837	12.724000

4.825392	12.784000

4.827946	12.624000

4.830500	12.404000

4.833055	12.211000

4.835609	12.286000

4.838164	12.490000

4.840718	12.099000

4.843273	12.240000

4.845827	12.405000

4.848382	11.993000

4.850936	11.908000

4.853491	11.916000

4.856045	11.758000

4.858600	12.041000

4.861154	11.565000

4.863709	11.423000

4.866263	11.048000

4.868818	11.220000

4.871372	11.437000

4.873926	11.153000

4.876481	10.697000

4.879035	10.710000

4.881590	10.497000

4.884144	10.987000

4.886699	11.025000

4.889253	11.348000

4.891808	11.605000

4.894362	11.700000

4.896917	11.826000

4.899471	12.154000

4.902026	12.305000

4.904580	12.613000

4.907135	12.619000

4.909689	12.706000

4.912243	12.657000

4.914798	12.624000

4.917352	12.775000

4.919907	12.846000

4.922461	12.857000

4.925016	12.789000

4.927570	12.688000

4.930125	12.305000

4.932679	12.259000

4.935234	12.165000

4.937788	12.007000

4.940343	11.848000

4.942897	11.385000

4.945452	10.801000

4.948006	11.090000

4.950561	11.131000

4.953115	11.033000

4.955669	11.015000

4.958224	11.018000

4.960778	10.791000

4.963333	11.204000

4.965887	10.865000

4.968442	10.477000

4.970996	10.872000

4.973551	11.509000

4.976105	11.270000

4.978660	11.302000

4.981214	11.558000

4.983769	11.223000

4.986323	10.934000

4.988878	10.899000

4.991432	10.780000

4.993986	10.696000

4.996541	11.016000

4.999095	10.981000

5.001650	10.832000

5.004204	10.938000

5.006759	10.268000

5.009313	10.606000

5.011868	11.281000

5.014422	11.297000

5.016977	11.069000

5.019531	10.934000

5.022086	10.892000

5.024640	10.346000

5.027195	10.455000

5.029749	10.841000

5.032304	10.715000

5.034858	10.910000

5.037412	11.426000

5.039967	11.113000

5.042521	11.391000

5.045076	11.679000

5.047630	11.127000

5.050185	11.232000

5.052739	11.078000

5.055294	10.644000

5.057848	10.223000

5.060403	9.955000

5.062957	10.248000

5.065512	10.054000

5.068066	9.994000

5.070621	10.892000

5.073175	11.198000

5.075729	11.156000

5.078284	11.278000

5.080838	10.911000

5.083393	10.669000

5.085947	10.738000

5.088502	10.636000

5.091056	11.340000

5.093611	11.603000

5.096165	11.627000

5.098720	11.560000

5.101274	11.511000

5.103829	11.535000

5.106383	11.506000

5.108938	11.599000

5.111492	11.822000

5.114047	11.652000

5.116601	11.646000

5.119155	11.857000

5.121710	11.296000

5.124264	11.335000

5.126819	11.170000

5.129373	11.008000

5.131928	10.736000

5.134482	10.449000

5.137037	10.413000

5.139591	10.861000

5.142146	11.400000

5.144700	11.777000

5.147255	11.979000

5.149809	12.007000

5.152364	11.939000

5.154918	12.133000

5.157473	12.119000

5.160027	11.890000

5.162581	11.851000

5.165136	11.715000

5.167690	11.229000

5.170245	11.734000

5.172799	11.426000

5.175354	11.111000

5.177908	11.166000

5.180463	10.816000

5.183017	10.736000

5.185572	10.644000

5.188126	10.120000

5.190681	10.217000

5.193235	10.361000

5.195790	10.692000

5.198344	10.783000

5.200898	10.624000

5.203453	10.383000

5.206007	10.845000

5.208562	11.043000

5.211116	11.200000

5.213671	10.934000

5.216225	10.950000

5.218780	11.486000

5.221334	11.669000

5.223889	11.675000

5.226443	11.795000

5.228998	11.478000

5.231552	11.223000

5.234107	10.740000

5.236661	11.023000

5.239216	11.069000

5.241770	10.527000

5.244324	10.164000

5.246879	10.883000

5.249433	10.453000

5.251988	10.616000

5.254542	11.067000

5.257097	10.851000

5.259651	10.789000

5.262206	10.730000

5.264760	10.307000

5.267315	10.973000

5.269869	10.401000

5.272424	10.034000

5.274978	10.309000

5.277533	10.528000

5.280087	10.397000

5.282641	10.506000

5.285196	10.888000

5.287750	11.539000

5.290305	11.636000

5.292859	11.708000

5.295414	11.810000

5.297968	11.611000

5.300523	12.039000

5.303077	12.025000

5.305632	11.784000

5.308186	11.937000

5.310741	11.418000

5.313295	11.290000

5.315850	11.303000

5.318404	11.100000

5.320959	11.021000

5.323513	10.909000

5.326067	10.689000

5.328622	10.300000

5.331176	8.279000

5.333731	7.857000

5.336285	7.973000

5.338840	7.106000

5.341394	9.379000

5.343949	8.926000

5.346503	8.892000

5.349058	9.018000

5.351612	9.426000

5.354167	10.493000

5.356721	10.634000

5.359276	10.700000

5.361830	10.659000

5.364384	10.968000

5.366939	10.759000

5.369493	10.424000

5.372048	10.196000

5.374602	10.584000

5.377157	10.441000

5.379711	11.047000

5.382266	11.167000

5.384820	10.296000

5.387375	10.234000

5.389929	10.561000

5.392484	10.464000

5.395038	10.009000

5.397593	9.303000

5.400147	9.900000

5.402702	10.343000

5.405256	10.608000

5.407810	10.249000

5.410365	10.569000

5.412919	10.628000

5.415474	10.946000

5.418028	10.854000

5.420583	10.541000

5.423137	9.466000

5.425692	9.464000

5.428246	9.679000

5.430801	9.820000

5.433355	9.651000

5.435910	9.465000

5.438464	9.490000

5.441019	9.698000

5.443573	9.635000

5.446127	9.948000

5.448682	10.054000

5.451236	9.845000

5.453791	9.023000

5.456345	9.064000

5.458900	7.173000

5.461454	8.613000

5.464009	10.238000

5.466563	10.311000

5.469118	10.469000

5.471672	10.283000

5.474227	9.814000

5.476781	9.849000

5.479336	9.765000

5.481890	9.813000

5.484445	9.402000

5.486999	9.492000

5.489553	9.462000

5.492108	9.225000

5.494662	9.368000

5.497217	8.816000

5.499771	7.009000

5.502326	8.632000

5.504880	8.251000

5.507435	2.838000

5.509989	5.588000

5.512544	8.383000

5.515098	7.469000

5.517653	9.130000

5.520207	9.717000

5.522762	8.473000

5.525316	7.531000

5.527870	9.372000

5.530425	9.818000

5.532979	9.278000

5.535534	9.107000

5.538088	8.444000

5.540643	7.855000

5.543197	2.891000

5.545752	7.618000

5.548306	8.592000

5.550861	7.302000

5.553415	7.922000

5.555970	9.303000

5.558524	8.220000

5.561079	10.376000

5.563633	10.774000

5.566188	10.301000

5.568742	10.333000

5.571296	11.010000

5.573851	11.114000

5.576405	10.781000

5.578960	11.017000

5.581514	9.681000

5.584069	9.829000

5.586623	10.088000

5.589178	9.274000

5.591732	8.548000

5.594287	9.026000

5.596841	8.657000

5.599396	5.777000

5.601950	7.368000

5.604505	6.469000

5.607059	6.674000

5.609613	0.000000

5.612168	5.210000

5.614722	5.705000

5.617277	3.440000

5.619831	5.207000

5.622386	5.684000

5.624940	9.633000

5.627495	10.039000

5.630049	9.983000

5.632604	9.488000

5.635158	9.975000

5.637713	9.750000

5.640267	10.009000

5.642822	10.532000

5.645376	10.741000

5.647931	10.714000

5.650485	10.896000

5.653039	11.005000

5.655594	10.750000

5.658148	10.540000

5.660703	10.670000

5.663257	10.482000

5.665812	9.220000

5.668366	9.166000

5.670921	8.394000

5.673475	8.326000

5.676030	7.420000

5.678584	3.971000

5.681139	6.814000

5.683693	0.000000

5.686248	5.925000

5.688802	6.052000

5.691356	8.702000

5.693911	7.233000

5.696465	5.935000

5.699020	7.488000

5.701574	6.851000

5.704129	3.003000

5.706683	0.471000

5.709238	8.036000

5.711792	5.700000

5.714347	8.320000

5.716901	7.402000

5.719456	7.727000

5.722010	3.531000

5.724565	8.587000

5.727119	8.219000

5.729674	6.219000

5.732228	5.853000

5.734782	7.140000

5.737337	6.091000

5.739891	6.348000

5.742446	5.030000

5.745000	8.621000

5.747555	7.527000

5.750109	0.000000

5.752664	5.793000

5.755218	4.863000

5.757773	7.311000

5.760327	7.526000

5.762882	6.971000

5.765436	6.450000

5.767991	3.496000

5.770545	7.300000

5.773099	5.665000

5.775654	4.696000

5.778208	6.827000

5.780763	5.923000

5.783317	2.269000

5.785872	8.125000

5.788426	8.938000

5.790981	7.960000

5.793535	5.795000

5.796090	3.667000

5.798644	6.707000

5.801199	5.740000

5.803753	6.976000

5.806308	5.541000

5.808862	9.331000

5.811417	9.324000

5.813971	9.462000

5.816525	10.234000

5.819080	9.875000

5.821634	8.343000

5.824189	7.857000

5.826743	7.981000

5.829298	5.086000

5.831852	7.618000

5.834407	6.078000

5.836961	7.328000

5.839516	3.213000

5.842070	7.112000

5.844625	8.818000

5.847179	7.523000

5.849734	4.309000

5.852288	1.713000

5.854842	5.708000

5.857397	6.521000

5.859951	9.023000

5.862506	7.484000

5.865060	7.105000

5.867615	5.469000

5.870169	6.828000

5.872724	6.456000

5.875278	7.785000

5.877833	6.433000

5.880387	7.737000

5.882942	2.521000

5.885496	7.220000

5.888051	5.157000

5.890605	0.520000

5.893160	8.137000

5.895714	9.975000

5.898268	10.259000

5.900823	9.954000

5.903377	10.278000

5.905932	11.036000

5.908486	10.523000

5.911041	10.618000

5.913595	10.596000

5.916150	10.748000

5.918704	10.920000

5.921259	11.017000

5.923813	10.796000

5.926368	11.093000

5.928922	10.923000

5.931477	10.442000

5.934031	10.322000

5.936585	10.238000

5.939140	9.561000

5.941694	9.848000

5.944249	10.522000

5.946803	10.824000

5.949358	10.970000

5.951912	11.491000

5.954467	11.743000

5.957021	11.897000

5.959576	11.888000

5.962130	12.044000

5.964685	11.857000

5.967239	12.207000

5.969794	11.992000

5.972348	11.708000

5.974903	12.044000

5.977457	12.174000

5.980011	12.174000

5.982566	12.106000

5.985120	12.141000

5.987675	11.979000

5.990229	11.506000

5.992784	10.741000

5.995338	10.246000

5.997893	10.243000

6.000447	9.493000

6.003002	10.269000

6.005556	9.931000

6.008111	10.673000

6.010665	10.346000

6.013220	9.328000

6.015774	9.862000

6.018328	10.171000

6.020883	10.995000

6.023437	10.478000

6.025992	10.913000

6.028546	11.021000

6.031101	10.867000

6.033655	10.838000

6.036210	11.171000

6.038764	11.099000

6.041319	10.991000

6.043873	11.151000

6.046428	11.165000

6.048982	11.044000

6.051537	10.920000

6.054091	10.569000

6.056646	10.980000

6.059200	11.054000

6.061754	10.549000

6.064309	8.837000

6.066863	9.093000

6.069418	9.023000

6.071972	9.016000

6.074527	10.033000

6.077081	10.342000

6.079636	10.406000

6.082190	10.625000

6.084745	10.563000

6.087299	9.972000

6.089854	9.847000

6.092408	10.659000

6.094963	10.529000

6.097517	11.003000

6.100071	11.335000

6.102626	11.281000

6.105180	11.532000

6.107735	11.979000

6.110289	12.619000

6.112844	12.538000

6.115398	12.454000

6.117953	12.452000

6.120507	12.524000

6.123062	12.870000

6.125616	12.567000

6.128171	12.798000

6.130725	12.974000

6.133280	12.731000

6.135834	12.432000

6.138389	12.001000

6.140943	11.714000

6.143497	11.525000

6.146052	11.688000

6.148606	11.655000

6.151161	11.572000

6.153715	10.479000

6.156270	10.807000

6.158824	10.669000

6.161379	10.129000

6.163933	9.341000

6.166488	6.806000

6.169042	10.097000

6.171597	10.090000

6.174151	9.697000

6.176706	9.354000

6.179260	9.950000

6.181814	10.632000

6.184369	11.401000

6.186923	10.989000

6.189478	10.834000

6.192032	10.685000

6.194587	10.331000

6.197141	10.156000

6.199696	9.629000

6.202250	9.981000

6.204805	10.481000

6.207359	11.003000

6.209914	10.463000

6.212468	9.563000

6.215023	9.072000

6.217577	9.273000

6.220132	10.507000

6.222686	10.637000

6.225240	10.688000

6.227795	9.882000

6.230349	11.285000

6.232904	11.014000

6.235458	11.055000

6.238013	11.225000

6.240567	11.193000

6.243122	11.063000

6.245676	11.193000

6.248231	10.694000

6.250785	10.836000

6.253340	11.452000

6.255894	11.649000

6.258449	11.659000

6.261003	11.471000

6.263557	10.975000

6.266112	10.696000

6.268666	10.874000

6.271221	11.022000

6.273775	10.128000

6.276330	10.250000

6.278884	10.810000

6.281439	11.078000

6.283993	11.737000

6.286548	11.797000

6.289102	11.339000

6.291657	11.865000

6.294211	12.329000

6.296766	12.314000

6.299320	12.093000

6.301875	11.878000

6.304429	12.012000

6.306983	12.065000

6.309538	12.227000

6.312092	12.208000

6.314647	12.082000

6.317201	11.964000

6.319756	12.002000

6.322310	12.203000

6.324865	11.939000

6.327419	11.356000

6.329974	11.344000

6.332528	11.650000

6.335083	11.228000

6.337637	9.417000

6.340192	8.556000

6.342746	9.226000

6.345300	8.894000

6.347855	9.779000

6.350409	8.993000

6.352964	9.492000

6.355518	8.638000

6.358073	9.401000

6.360627	9.362000

6.363182	9.977000

6.365736	8.315000

6.368291	10.287000

6.370845	10.480000

6.373400	11.191000

6.375954	10.717000

6.378509	11.540000

6.381063	11.582000

6.383618	11.699000

6.386172	11.559000

6.388726	12.041000

6.391281	11.676000

6.393835	12.173000

6.396390	12.129000

6.398944	12.043000

6.401499	12.020000

6.404053	11.876000

6.406608	11.918000

6.409162	12.021000

6.411717	11.423000

6.414271	11.968000

6.416826	11.777000

6.419380	12.210000

6.421935	11.768000

6.424489	12.064000

6.427043	12.060000

6.429598	11.819000

6.432152	11.557000

6.434707	11.814000

6.437261	11.653000

6.439816	11.469000

6.442370	12.061000

6.444925	12.014000

6.447479	12.349000

6.450034	12.398000

6.452588	12.561000

6.455143	12.553000

6.457697	12.248000

6.460252	12.542000

6.462806	12.352000

6.465361	12.504000

6.467915	12.284000

6.470469	12.298000

6.473024	12.581000

6.475578	12.662000

6.478133	12.453000

6.480687	12.171000

6.483242	11.937000

6.485796	11.826000

6.488351	11.964000

6.490905	11.973000

6.493460	11.870000

6.496014	11.721000

6.498569	11.887000

6.501123	11.874000

6.503678	11.077000

6.506232	11.232000

6.508786	10.914000

6.511341	10.904000

6.513895	10.834000

6.516450	11.202000

6.519004	10.803000

6.521559	10.767000

6.524113	10.791000

6.526668	11.101000

6.529222	11.147000

6.531777	11.579000

6.534331	11.772000

6.536886	11.955000

6.539440	11.828000

6.541995	11.547000

6.544549	11.572000

6.547104	11.882000

6.549658	12.175000

6.552212	12.243000

6.554767	12.550000

6.557321	12.498000

6.559876	12.253000

6.562430	12.160000

6.564985	12.362000

6.567539	12.668000

6.570094	12.747000

6.572648	12.451000

6.575203	11.885000

6.577757	12.002000

6.580312	11.962000

6.582866	11.859000

6.585421	11.500000

6.587975	11.732000

6.590529	11.738000

6.593084	11.658000

6.595638	11.505000

6.598193	11.313000

6.600747	11.519000

6.603302	11.509000

6.605856	11.794000

6.608411	11.698000

6.610965	11.538000

6.613520	11.268000

6.616074	11.233000

6.618629	11.521000

6.621183	11.342000

6.623738	11.003000

6.626292	11.446000

6.628847	11.980000

6.631401	11.750000

6.633955	11.705000

6.636510	10.949000

6.639064	11.216000

6.641619	10.937000

6.644173	10.590000

6.646728	10.804000

6.649282	10.935000

6.651837	11.124000

6.654391	10.486000

6.656946	11.035000

6.659500	11.196000

6.662055	11.096000

6.664609	11.183000

6.667164	10.984000

6.669718	10.597000

6.672272	10.463000

6.674827	11.018000

6.677381	10.450000

6.679936	11.102000

6.682490	10.883000

6.685045	11.035000

6.687599	11.688000

6.690154	11.505000

6.692708	11.386000

6.695263	10.887000

6.697817	11.367000

6.700372	11.113000

6.702926	11.384000

6.705481	11.513000

6.708035	10.932000

6.710590	11.357000

6.713144	11.172000

6.715698	11.490000

6.718253	11.278000

6.720807	11.698000

6.723362	11.716000

6.725916	11.825000

6.728471	12.021000

6.731025	11.504000

6.733580	11.428000

6.736134	11.428000

6.738689	11.663000

6.741243	11.916000

6.743798	12.193000

6.746352	12.081000

6.748907	12.209000

6.751461	12.523000

6.754015	12.265000

6.756570	12.609000

6.759124	12.485000

6.761679	12.345000

6.764233	12.392000

6.766788	12.397000

6.769342	12.428000

6.771897	12.724000

6.774451	12.751000

6.777006	12.758000

6.779560	12.839000

6.782115	12.950000

6.784669	12.973000

6.787224	12.824000

6.789778	13.019000

6.792333	12.910000

6.794887	12.880000

6.797441	13.008000

6.799996	12.946000

6.802550	13.083000

6.805105	13.194000

6.807659	13.037000

6.810214	12.885000

6.812768	12.762000

6.815323	12.383000

6.817877	12.605000

6.820432	12.902000

6.822986	12.856000

6.825541	12.979000

6.828095	12.843000

6.830650	12.638000

6.833204	12.590000

6.835759	12.636000

6.838313	12.592000

6.840867	12.449000

6.843422	12.276000

6.845976	12.059000

6.848531	12.130000

6.851085	12.308000

6.853640	12.370000

6.856194	12.580000

6.858749	12.599000

6.861303	12.220000

6.863858	12.164000

6.866412	12.324000

6.868967	11.941000

6.871521	11.800000

6.874076	11.714000

6.876630	11.323000

6.879184	11.492000

6.881739	11.260000

6.884293	11.955000

6.886848	12.186000

6.889402	12.378000

6.891957	12.368000

6.894511	12.421000

6.897066	12.721000

6.899620	12.687000

6.902175	12.841000

6.904729	13.139000

6.907284	13.090000

6.909838	12.904000

6.912393	12.962000

6.914947	13.022000

6.917502	13.012000

6.920056	13.054000

6.922610	12.854000

6.925165	13.015000

6.927719	12.666000

6.930274	12.873000

6.932828	12.706000

6.935383	12.658000

6.937937	12.531000

6.940492	12.507000

6.943046	12.393000

6.945601	12.301000

6.948155	12.196000

6.950710	12.211000

6.953264	12.317000

6.955819	12.232000

6.958373	12.196000

6.960927	12.338000

6.963482	12.340000

6.966036	12.573000

6.968591	12.397000

6.971145	12.556000

6.973700	12.156000

6.976254	12.337000

6.978809	12.048000

6.981363	12.104000

6.983918	12.191000

6.986472	12.426000

6.989027	12.701000

6.991581	12.796000

6.994136	12.261000

6.996690	12.544000

6.999245	12.739000

7.001799	12.676000

7.004353	12.770000

7.006908	12.650000

7.009462	12.608000

7.012017	12.681000

7.014571	12.672000

7.017126	12.766000

7.019680	12.871000

7.022235	12.997000

7.024789	12.942000

7.027344	12.817000

7.029898	13.020000

7.032453	12.957000

7.035007	12.881000

7.037562	13.431000

7.040116	13.143000

7.042670	13.155000

7.045225	13.320000

7.047779	13.515000

7.050334	13.698000

7.052888	13.667000

7.055443	13.864000

7.057997	13.796000

7.060552	13.783000

7.063106	13.645000

7.065661	13.729000

7.068215	13.996000

7.070770	14.057000

7.073324	13.890000

7.075879	13.831000

7.078433	13.761000

7.080988	13.550000

7.083542	13.677000

7.086096	13.682000

7.088651	13.535000

7.091205	13.237000

7.093760	13.134000

7.096314	13.044000

7.098869	12.531000

7.101423	12.567000

7.103978	12.633000

7.106532	12.599000

7.109087	12.375000

7.111641	11.907000

7.114196	11.632000

7.116750	11.404000

7.119305	10.994000

7.121859	11.459000

7.124413	11.660000

7.126968	11.565000

7.129522	11.574000

7.132077	11.916000

7.134631	12.046000

7.137186	12.031000

7.139740	12.183000

7.142295	12.039000

7.144849	12.086000

7.147404	12.134000

7.149958	12.194000

7.152513	12.665000

7.155067	12.767000

7.157622	12.886000

7.160176	13.038000

7.162731	13.219000

7.165285	13.176000

7.167839	13.180000

7.170394	13.360000

7.172948	13.189000

7.175503	13.039000

7.178057	13.027000

7.180612	12.947000

7.183166	12.763000

7.185721	13.124000

7.188275	13.116000

7.190830	12.988000

7.193384	13.030000

7.195939	12.967000

7.198493	12.880000

7.201048	12.783000

7.203602	12.520000

7.206156	12.608000

7.208711	12.588000

7.211265	12.495000

7.213820	12.119000

7.216374	12.299000

7.218929	12.654000

7.221483	12.701000

7.224038	12.879000

7.226592	12.964000

7.229147	12.784000

7.231701	12.933000

7.234256	13.142000

7.236810	13.330000

7.239365	13.140000

7.241919	13.201000

7.244474	13.179000

7.247028	13.498000

7.249582	13.271000

7.252137	13.192000

7.254691	13.268000

7.257246	13.225000

7.259800	13.225000

7.262355	13.100000

7.264909	13.026000

7.267464	12.934000

7.270018	12.978000

7.272573	13.139000

7.275127	13.039000

7.277682	12.912000

7.280236	12.603000

7.282791	12.485000

7.285345	12.315000

7.287899	12.139000

7.290454	11.707000

7.293008	11.929000

7.295563	12.269000

7.298117	12.485000

7.300672	12.705000

7.303226	12.555000

7.305781	12.442000

7.308335	12.163000

7.310890	12.125000

7.313444	11.836000

7.315999	11.516000

7.318553	11.545000

7.321108	11.259000

7.323662	11.315000

7.326217	11.734000

7.328771	11.945000

7.331325	12.304000

7.333880	12.261000

7.336434	12.469000

7.338989	11.914000

7.341543	11.420000

7.344098	11.693000

7.346652	11.886000

7.349207	11.918000

7.351761	12.379000

7.354316	12.555000

7.356870	12.610000

7.359425	12.683000

7.361979	12.518000

7.364534	12.238000

7.367088	12.162000

7.369642	11.845000

7.372197	11.826000

7.374751	11.801000

7.377306	11.833000

7.379860	11.476000

7.382415	11.842000

7.384969	11.889000

7.387524	11.695000

7.390078	11.575000

7.392633	11.696000

7.395187	11.779000

7.397742	11.648000

7.400296	12.111000

7.402851	12.033000

7.405405	12.084000

7.407960	12.709000

7.410514	12.663000

7.413068	12.761000

7.415623	12.828000

7.418177	12.748000

7.420732	12.900000

7.423286	12.890000

7.425841	12.958000

7.428395	12.778000

7.430950	12.708000

7.433504	12.839000

7.436059	13.028000

7.438613	13.026000

7.441168	13.026000

7.443722	12.827000

7.446277	12.875000

7.448831	13.013000

7.451385	12.814000

7.453940	12.830000

7.456494	12.850000

7.459049	12.774000

7.461603	12.901000

7.464158	12.851000

7.466712	12.922000

7.469267	12.971000

7.471821	13.146000

7.474376	13.018000

7.476930	12.941000

7.479485	12.884000

7.482039	12.945000

7.484594	12.789000

7.487148	13.030000

7.489703	12.913000

7.492257	13.006000

7.494811	12.950000

7.497366	13.028000

7.499920	12.923000

7.502475	12.804000

7.505029	12.781000

7.507584	12.687000

7.510138	12.893000

7.512693	12.854000

7.515247	12.923000

7.517802	13.090000

7.520356	13.161000

7.522911	13.132000

7.525465	13.073000

7.528020	13.367000

7.530574	13.255000

7.533128	13.253000

7.535683	13.257000

7.538237	13.464000

7.540792	13.368000

7.543346	13.412000

7.545901	13.521000

7.548455	13.551000

7.551010	13.550000

7.553564	13.321000

7.556119	13.469000

7.558673	13.508000

7.561228	13.631000

7.563782	13.562000

7.566337	13.352000

7.568891	13.270000

7.571446	12.981000

7.574000	12.990000

7.576554	13.081000

7.579109	12.988000

7.581663	12.962000

7.584218	13.059000

7.586772	13.083000

7.589327	13.082000

7.591881	13.001000

7.594436	13.241000

7.596990	13.343000

7.599545	13.346000

7.602099	13.448000

7.604654	13.299000

7.607208	13.273000

7.609763	13.539000

7.612317	13.538000

7.614871	13.583000

7.617426	13.557000

7.619980	13.478000

7.622535	13.322000

7.625089	13.167000

7.627644	13.130000

7.630198	13.303000

7.632753	13.152000

7.635307	12.929000

7.637862	12.710000

7.640416	12.678000

7.642971	12.564000

7.645525	12.516000

7.648080	12.462000

7.650634	12.646000

7.653189	12.511000

7.655743	12.493000

7.658297	12.633000

7.660852	12.912000

7.663406	13.037000

7.665961	13.147000

7.668515	13.096000

7.671070	13.230000

7.673624	13.040000

7.676179	12.998000

7.678733	13.027000

7.681288	13.139000

7.683842	13.229000

7.686397	12.959000

7.688951	12.634000

7.691506	12.678000

7.694060	12.610000

7.696614	12.688000

7.699169	12.863000

7.701723	12.902000

7.704278	12.555000

7.706832	12.749000

7.709387	12.763000

7.711941	12.875000

7.714496	12.813000

7.717050	12.950000

7.719605	12.976000

7.722159	13.241000

7.724714	13.051000

7.727268	12.957000

7.729823	13.128000

7.732377	13.295000

7.734932	13.240000

7.737486	13.287000

7.740040	13.024000

7.742595	12.804000

7.745149	12.783000

7.747704	12.771000

7.750258	12.267000

7.752813	11.870000

7.755367	11.524000

7.757922	11.569000

7.760476	11.348000

7.763031	12.083000

7.765585	11.933000

7.768140	12.288000

7.770694	12.008000

7.773249	12.170000

7.775803	12.042000

7.778357	12.090000

7.780912	11.644000

7.783466	12.044000

7.786021	12.222000

7.788575	11.995000

7.791130	12.197000

7.793684	12.447000

7.796239	12.636000

7.798793	12.558000

7.801348	12.311000

7.803902	12.436000

7.806457	11.911000

7.809011	11.917000

7.811566	11.391000

7.814120	11.904000

7.816675	11.818000

7.819229	11.811000

7.821783	11.723000

7.824338	11.911000

7.826892	11.686000

7.829447	11.435000

7.832001	11.899000

7.834556	11.762000

7.837110	11.615000

7.839665	11.606000

7.842219	12.221000

7.844774	12.364000

7.847328	12.426000

7.849883	12.707000

7.852437	12.609000

7.854992	12.791000

7.857546	12.484000

7.860100	12.552000

7.862655	12.533000

7.865209	12.770000

7.867764	12.737000

7.870318	12.772000

7.872873	12.695000

7.875427	12.413000

7.877982	12.267000

7.880536	12.398000

7.883091	12.445000

7.885645	12.262000

7.888200	12.471000

7.890754	12.324000

7.893309	11.825000

7.895863	12.007000

7.898418	12.002000

7.900972	12.143000

7.903526	12.202000

7.906081	12.470000

7.908635	12.353000

7.911190	12.608000

7.913744	12.499000

7.916299	12.763000

7.918853	12.933000

7.921408	13.059000

7.923962	13.072000

7.926517	13.235000

7.929071	13.242000

7.931626	13.313000

7.934180	13.250000

7.936735	13.440000

7.939289	13.300000

7.941843	13.202000

7.944398	13.238000

7.946952	13.133000

7.949507	12.985000

7.952061	13.059000

7.954616	13.039000

7.957170	13.142000

7.959725	13.084000

7.962279	12.953000

7.964834	12.876000

7.967388	13.036000

7.969943	13.080000

7.972497	13.069000

7.975052	12.816000

7.977606	12.720000

7.980161	12.491000

7.982715	12.708000

7.985269	12.728000

7.987824	12.934000

7.990378	12.972000

7.992933	13.022000

7.995487	12.698000

7.998042	12.566000

8.000596	12.700000

8.003151	12.750000

8.005705	12.929000

8.008260	13.199000

8.010814	13.018000

8.013369	12.939000

8.015923	12.845000

8.018478	12.737000

8.021032	12.960000

8.023586	13.050000

8.026141	12.918000

8.028695	13.151000

8.031250	13.102000

8.033804	13.141000

8.036359	13.102000

8.038913	13.307000

8.041468	13.265000

8.044022	13.336000

8.046577	13.185000

8.049131	13.049000

8.051686	13.037000

8.054240	13.115000

8.056795	12.960000

8.059349	12.942000

8.061904	13.075000

8.064458	12.930000

8.067012	12.952000

8.069567	13.149000

8.072121	13.159000

8.074676	13.081000

8.077230	12.994000

8.079785	13.066000

8.082339	13.043000

8.084894	13.161000

8.087448	13.034000

8.090003	13.310000

8.092557	13.479000

8.095112	13.475000

8.097666	13.425000

8.100221	13.492000

8.102775	13.490000

8.105329	13.678000

8.107884	13.803000

8.110438	13.942000

8.112993	13.832000

8.115547	13.645000

8.118102	13.674000

8.120656	13.687000

8.123211	13.727000

8.125765	13.616000

8.128320	13.596000

8.130874	13.635000

8.133429	13.640000

8.135983	13.417000

8.138538	13.168000

8.141092	13.365000

8.143647	13.364000

8.146201	13.360000

8.148755	13.076000

8.151310	12.977000

8.153864	12.821000

8.156419	12.683000

8.158973	12.640000

8.161528	12.524000

8.164082	12.588000

8.166637	12.274000

8.169191	12.457000

8.171746	12.523000

8.174300	12.335000

8.176855	12.208000

8.179409	12.210000

8.181964	12.208000

8.184518	11.910000

8.187072	11.986000

8.189627	12.196000

8.192181	12.309000

8.194736	12.493000

8.197290	12.628000

8.199845	12.711000

8.202399	12.830000

8.204954	12.955000

8.207508	12.787000

8.210063	13.118000

8.212617	13.127000

8.215172	13.149000

8.217726	13.258000

8.220281	13.162000

8.222835	13.110000

8.225390	13.256000

8.227944	13.338000

8.230498	13.370000

8.233053	13.309000

8.235607	13.307000

8.238162	13.191000

8.240716	13.138000

8.243271	13.385000

8.245825	13.435000

8.248380	13.520000

8.250934	13.621000

8.253489	13.514000

8.256043	13.563000

8.258598	13.448000

8.261152	13.392000

8.263707	13.452000

8.266261	13.553000

8.268815	13.537000

8.271370	13.540000

8.273924	13.457000

8.276479	13.486000

8.279033	13.415000

8.281588	13.559000

8.284142	13.501000

8.286697	13.384000

8.289251	13.311000

8.291806	13.219000

8.294360	13.106000

8.296915	13.087000

8.299469	13.167000

8.302024	13.256000

8.304578	13.285000

8.307133	13.175000

8.309687	13.132000

8.312241	13.074000

8.314796	13.054000

8.317350	13.211000

8.319905	13.078000

8.322459	13.106000

8.325014	12.897000

8.327568	12.867000

8.330123	12.866000

8.332677	13.062000

8.335232	13.125000

8.337786	13.347000

8.340341	13.317000

8.342895	13.141000

8.345450	13.126000

8.348004	13.087000

8.350558	13.168000

8.353113	13.368000

8.355667	13.286000

8.358222	13.263000

8.360776	13.171000

8.363331	13.332000

8.365885	13.476000

8.368440	13.552000

8.370994	13.464000

8.373549	13.574000

8.376103	13.498000

8.378658	13.361000

8.381212	13.297000

8.383767	13.333000

8.386321	13.495000

8.388876	13.548000

8.391430	13.534000

8.393984	13.584000

8.396539	13.427000

8.399093	13.479000

8.401648	13.450000

8.404202	13.415000

8.406757	13.396000

8.409311	13.394000

8.411866	13.226000

8.414420	13.302000

8.416975	13.154000

8.419529	13.193000

8.422084	13.284000

8.424638	13.049000

8.427193	13.121000

8.429747	12.995000

8.432301	12.889000

8.434856	12.636000

8.437410	12.625000

8.439965	12.690000

8.442519	12.739000

8.445074	12.692000

8.447628	12.604000

8.450183	12.256000

8.452737	12.313000

8.455292	12.219000

8.457846	12.483000

8.460401	12.708000

8.462955	12.764000

8.465510	12.721000

8.468064	13.041000

8.470619	13.005000

8.473173	12.936000

8.475727	13.054000

8.478282	13.358000

8.480836	13.301000

8.483391	13.333000

8.485945	13.440000

8.488500	13.379000

8.491054	13.572000

8.493609	13.779000

8.496163	13.733000

8.498718	13.895000

8.501272	13.765000

8.503827	13.599000

8.506381	13.467000

8.508936	13.444000

8.511490	13.334000

8.514044	13.415000

8.516599	13.467000

8.519153	13.325000

8.521708	13.306000

8.524262	13.253000

8.526817	13.214000

8.529371	13.085000

8.531926	13.080000

8.534480	12.730000

8.537035	12.701000

8.539589	12.756000

8.542144	12.889000

8.544698	13.017000

8.547253	13.027000

8.549807	12.932000

8.552362	12.992000

8.554916	12.879000

8.557470	12.761000

8.560025	12.771000

8.562579	12.971000

8.565134	12.747000

8.567688	12.717000

8.570243	12.808000

8.572797	12.998000

8.575352	12.898000

8.577906	13.111000

8.580461	13.180000

8.583015	13.099000

8.585570	12.921000

8.588124	12.585000

8.590679	12.523000

8.593233	12.496000

8.595788	12.251000

8.598342	12.358000

8.600896	12.395000

8.603451	12.277000

8.606005	12.144000

8.608560	12.158000

8.611114	12.297000

8.613669	12.388000

8.616223	12.088000

8.618778	12.466000

8.621332	12.666000

8.623887	12.598000

8.626441	12.458000

8.628996	12.712000

8.631550	12.974000

8.634105	13.041000

8.636659	13.253000

8.639213	13.274000

8.641768	13.304000

8.644322	13.388000

8.646877	13.582000

8.649431	13.643000

8.651986	13.797000

8.654540	13.841000

8.657095	13.720000

8.659649	13.880000

8.662204	13.893000

8.664758	13.817000

8.667313	13.715000

8.669867	13.686000

8.672422	13.435000

8.674976	13.443000

8.677531	13.381000

8.680085	13.315000

8.682639	13.444000

8.685194	13.479000

8.687748	13.363000

8.690303	13.041000

8.692857	12.765000

8.695412	12.862000

8.697966	12.795000

8.700521	12.805000

8.703075	12.315000

8.705630	12.258000

8.708184	12.242000

8.710739	12.464000

8.713293	12.724000

8.715848	12.883000

8.718402	12.934000

8.720956	12.931000

8.723511	13.063000

8.726065	13.080000

8.728620	13.055000

8.731174	13.037000

8.733729	13.158000

8.736283	13.331000

8.738838	13.270000

8.741392	13.271000

8.743947	13.357000

8.746501	13.585000

8.749056	13.628000

8.751610	13.327000

8.754165	13.113000

8.756719	12.980000

8.759274	12.928000

8.761828	12.929000

8.764382	13.165000

8.766937	13.248000

8.769491	13.222000

8.772046	13.011000

8.774600	12.837000

8.777155	12.643000

8.779709	12.725000

8.782264	12.661000

8.784818	12.748000

8.787373	12.719000

8.789927	12.656000

8.792482	12.617000

8.795036	12.784000

8.797591	13.062000

8.800145	13.067000

8.802699	13.108000

8.805254	13.026000

8.807808	13.084000

8.810363	12.787000

8.812917	12.980000

8.815472	13.150000

8.818026	13.300000

8.820581	13.599000

8.823135	13.432000

8.825690	13.388000

8.828244	13.321000

8.830799	13.293000

8.833353	13.218000

8.835908	13.014000

8.838462	13.071000

8.841017	13.078000

8.843571	13.259000

8.846125	13.256000

8.848680	13.294000

8.851234	13.012000

8.853789	13.093000

8.856343	12.838000

8.858898	13.038000

8.861452	13.128000

8.864007	12.929000

8.866561	13.092000

8.869116	13.180000

8.871670	13.110000

8.874225	13.069000

8.876779	13.064000

8.879334	13.194000

8.881888	13.446000

8.884442	13.229000

8.886997	13.001000

8.889551	13.012000

8.892106	12.656000

8.894660	12.702000

8.897215	12.611000

8.899769	12.766000

8.902324	12.597000

8.904878	12.549000

8.907433	12.626000

8.909987	12.709000

8.912542	12.608000

8.915096	12.789000

8.917651	12.918000

8.920205	13.047000

8.922760	12.994000

8.925314	12.589000

8.927868	13.055000

8.930423	13.129000

8.932977	13.189000

8.935532	13.475000

8.938086	13.387000

8.940641	13.506000

8.943195	13.432000

8.945750	13.421000

8.948304	13.539000

8.950859	13.732000

8.953413	13.646000

8.955968	13.657000

8.958522	13.495000

8.961077	13.384000

8.963631	13.443000

8.966185	13.510000

8.968740	13.552000

8.971294	13.208000

8.973849	13.044000

8.976403	12.811000

8.978958	12.781000

8.981512	13.105000

8.984067	12.979000

8.986621	12.845000

8.989176	12.708000

8.991730	12.618000

8.994285	12.516000

8.996839	12.328000

8.999394	12.213000

9.001948	12.259000

9.004503	12.154000

9.007057	12.027000

9.009611	12.139000

9.012166	12.345000

9.014720	12.484000

9.017275	12.666000

9.019829	12.867000

9.022384	12.860000

9.024938	12.752000

9.027493	12.713000

9.030047	13.179000

9.032602	13.430000

9.035156	13.453000

9.037711	13.113000

9.040265	13.383000

9.042820	13.545000

9.045374	13.608000

9.047928	13.574000

9.050483	13.552000

9.053037	13.458000

9.055592	13.353000

9.058146	13.354000

9.060701	13.419000

9.063255	13.435000

9.065810	13.510000

9.068364	13.476000

9.070919	13.700000

9.073473	13.611000

9.076028	13.486000

9.078582	13.498000

9.081137	13.569000

9.083691	13.512000

9.086246	13.402000

9.088800	13.535000

9.091354	13.568000

9.093909	13.587000

9.096463	13.716000

9.099018	13.791000

9.101572	13.789000

9.104127	13.753000

9.106681	13.618000

9.109236	13.564000

9.111790	13.467000

9.114345	13.278000

9.116899	13.171000

9.119454	13.188000

9.122008	13.136000

9.124563	13.055000

9.127117	12.948000

9.129671	13.009000

9.132226	13.020000

9.134780	13.113000

9.137335	13.043000

9.139889	12.966000

9.142444	13.019000

9.144998	13.122000

9.147553	13.169000

9.150107	13.130000

9.152662	13.101000

9.155216	13.262000

9.157771	13.325000

9.160325	13.178000

9.162880	13.149000

9.165434	13.188000

9.167989	13.212000

9.170543	13.142000

9.173097	13.254000

9.175652	13.128000

9.178206	13.186000

9.180761	13.283000

9.183315	13.029000

9.185870	13.083000

9.188424	13.071000

9.190979	12.904000

9.193533	13.103000

9.196088	13.235000

9.198642	13.227000

9.201197	13.100000

9.203751	13.175000

9.206306	13.110000

9.208860	13.019000

9.211414	13.255000

9.213969	13.348000

9.216523	13.187000

9.219078	13.192000

9.221632	12.973000

9.224187	12.877000

9.226741	12.924000

9.229296	12.668000

9.231850	12.537000

9.234405	12.637000

9.236959	12.528000

9.239514	12.165000

9.242068	12.015000

9.244623	12.149000

9.247177	12.205000

9.249732	12.128000

9.252286	11.945000

9.254840	11.891000

9.257395	12.287000

9.259949	12.019000

9.262504	12.076000

9.265058	12.280000

9.267613	12.303000

9.270167	12.453000

9.272722	12.535000

9.275276	12.785000

9.277831	12.894000

9.280385	13.038000

9.282940	13.036000

9.285494	12.981000

9.288049	12.930000

9.290603	12.773000

9.293157	12.848000

9.295712	13.075000

9.298266	13.009000

9.300821	12.600000

9.303375	12.739000

9.305930	12.575000

9.308484	12.592000

9.311039	12.465000

9.313593	12.439000

9.316148	12.544000

9.318702	12.250000

9.321257	12.007000

9.323811	11.829000

9.326366	12.253000

9.328920	12.357000

9.331475	12.283000

9.334029	12.442000

9.336583	12.621000

9.339138	12.435000

9.341692	12.549000

9.344247	12.514000

9.346801	12.619000

9.349356	12.710000

9.351910	12.790000

9.354465	13.020000

9.357019	12.989000

9.359574	13.115000

9.362128	13.328000

9.364683	13.402000

9.367237	13.312000

9.369792	13.122000

9.372346	12.992000

9.374900	13.073000

9.377455	13.090000

9.380009	13.102000

9.382564	13.199000

9.385118	13.265000

9.387673	13.549000

9.390227	13.571000

9.392782	13.567000

9.395336	13.423000

9.397891	13.459000

9.400445	13.546000

9.403000	13.557000

9.405554	13.223000

9.408109	13.249000

9.410663	13.330000

9.413218	13.352000

9.415772	13.534000

9.418326	13.526000

9.420881	13.567000

9.423435	13.383000

9.425990	13.261000

9.428544	13.090000

9.431099	13.005000

9.433653	13.010000

9.436208	12.930000

9.438762	13.049000

9.441317	12.923000

9.443871	13.058000

9.446426	12.781000

9.448980	13.012000

9.451535	12.825000

9.454089	12.831000

9.456643	12.878000

9.459198	12.966000

9.461752	12.942000

9.464307	12.844000

9.466861	13.038000

9.469416	13.114000

9.471970	13.268000

9.474525	12.977000

9.477079	13.015000

9.479634	13.103000

9.482188	13.216000

9.484743	13.434000

9.487297	13.439000

9.489852	13.632000

9.492406	13.761000

9.494961	13.825000

9.497515	13.706000

9.500069	13.753000

9.502624	13.755000

9.505178	13.582000

9.507733	13.574000

9.510287	13.606000

9.512842	13.478000

9.515396	13.448000

9.517951	13.662000

9.520505	13.717000

9.523060	13.745000

9.525614	13.713000

9.528169	13.527000

9.530723	13.381000

9.533278	13.172000

9.535832	12.949000

9.538386	12.891000

9.540941	13.096000

9.543495	13.026000

9.546050	12.719000

9.548604	13.003000

9.551159	13.056000

9.553713	12.982000

9.556268	13.189000

9.558822	13.057000

9.561377	12.937000

9.563931	12.605000

9.566486	12.648000

9.569040	12.499000

9.571595	12.525000

9.574149	12.553000

9.576704	12.649000

9.579258	12.542000

9.581812	12.746000

9.584367	12.739000

9.586921	12.711000

9.589476	12.854000

9.592030	12.955000

9.594585	12.855000

9.597139	12.771000

9.599694	12.795000

9.602248	12.969000

9.604803	13.024000

9.607357	13.012000

9.609912	12.774000

9.612466	12.785000

9.615021	12.635000

9.617575	12.850000

9.620129	12.787000

9.622684	12.923000

9.625238	12.761000

9.627793	12.715000

9.630347	12.705000

9.632902	12.650000

9.635456	12.425000

9.638011	12.421000

9.640565	12.442000

9.643120	12.144000

9.645674	12.124000

9.648229	12.088000

9.650783	12.231000

9.653338	12.310000

9.655892	12.333000

9.658447	12.266000

9.661001	11.964000

9.663555	12.105000

9.666110	12.165000

9.668664	12.410000

9.671219	12.398000

9.673773	12.325000

9.676328	12.036000

9.678882	12.124000

9.681437	12.333000

9.683991	12.253000

9.686546	12.596000

9.689100	12.638000

9.691655	12.688000

9.694209	12.633000

9.696764	12.549000

9.699318	12.483000

9.701872	12.362000

9.704427	12.397000

9.706981	12.224000

9.709536	12.085000

9.712090	11.919000

9.714645	11.960000

9.717199	11.841000

9.719754	12.216000

9.722308	11.834000

9.724863	11.224000

9.727417	11.454000

9.729972	11.178000

9.732526	10.874000

9.735081	10.224000

9.737635	10.383000

9.740190	10.933000

9.742744	10.593000

9.745298	10.932000

9.747853	10.736000

9.750407	10.994000

9.752962	11.356000

9.755516	11.209000

9.758071	11.236000

9.760625	11.480000

9.763180	11.289000

9.765734	12.054000

9.768289	12.457000

9.770843	12.309000

9.773398	12.011000

9.775952	11.825000

9.778507	12.238000

9.781061	12.238000

9.783615	12.267000

9.786170	12.507000

9.788724	12.547000

9.791279	12.488000

9.793833	12.443000

9.796388	11.872000

9.798942	12.051000

9.801497	11.802000

9.804051	11.893000

9.806606	12.062000

9.809160	12.121000

9.811715	12.250000

9.814269	12.340000

9.816824	12.416000

9.819378	12.549000

9.821933	12.536000

9.824487	12.580000

9.827041	12.685000

9.829596	12.473000

9.832150	12.629000

9.834705	12.702000

9.837259	12.683000

9.839814	13.103000

9.842368	13.103000

9.844923	13.307000

9.847477	13.284000

9.850032	13.195000

9.852586	13.189000

9.855141	13.059000

9.857695	13.037000

9.860250	13.076000

9.862804	13.173000

9.865358	13.221000

9.867913	13.336000

9.870467	13.124000

9.873022	13.394000

9.875576	13.307000

9.878131	13.307000

9.880685	13.129000

9.883240	12.851000

9.885794	12.816000

9.888349	12.852000

9.890903	12.964000

9.893458	12.941000

9.896012	12.858000

9.898567	12.879000

9.901121	12.618000

9.903676	12.724000

9.906230	12.742000

9.908784	12.630000

9.911339	12.398000

9.913893	12.390000

9.916448	12.028000

9.919002	11.860000

9.921557	11.767000

9.924111	12.146000

9.926666	12.258000

9.929220	12.155000

9.931775	12.260000

9.934329	11.752000

9.936884	11.849000

9.939438	11.828000

9.941993	11.625000

9.944547	12.064000

9.947101	12.085000

9.949656	11.927000

9.952210	11.978000

9.954765	11.914000

9.957319	11.843000

9.959874	12.083000

9.962428	12.299000

9.964983	12.402000

9.967537	12.297000

9.970092	12.340000

9.972646	12.722000

9.975201	12.344000

9.977755	12.448000

9.980310	12.387000

9.982864	12.073000

9.985419	12.330000

9.987973	12.398000

9.990527	12.294000

9.993082	12.176000

9.995636	12.234000

9.998191	12.334000

10.000745	12.279000

10.003300	12.134000

10.005854	12.158000

10.008409	12.212000

10.010963	12.686000

10.013518	12.910000

10.016072	12.416000

10.018627	12.723000

10.021181	12.986000

10.023736	13.063000

10.026290	13.206000

10.028844	13.169000

10.031399	13.058000

10.033953	13.104000

10.036508	13.130000

10.039062	12.999000

10.041617	12.971000

10.044171	13.092000

10.046726	13.320000

10.049280	13.252000

10.051835	13.331000

10.054389	13.181000

10.056944	13.272000

10.059498	13.397000

10.062053	13.302000

10.064607	13.198000

10.067162	13.043000

10.069716	13.107000

10.072270	12.931000

10.074825	13.194000

10.077379	13.166000

10.079934	13.311000

10.082488	13.333000

10.085043	13.390000

10.087597	13.358000

10.090152	13.217000

10.092706	13.218000

10.095261	13.196000

10.097815	13.066000

10.100370	12.795000

10.102924	12.880000

10.105479	12.757000

10.108033	12.807000

10.110587	12.989000

10.113142	13.072000

10.115696	13.375000

10.118251	13.267000

10.120805	13.393000

10.123360	13.190000

10.125914	13.205000

10.128469	13.195000

10.131023	13.165000

10.133578	13.089000

10.136132	13.147000

10.138687	13.107000

10.141241	12.946000

10.143796	12.874000

10.146350	12.620000

10.148905	12.851000

10.151459	12.772000

10.154013	12.983000

10.156568	12.804000

10.159122	12.527000

10.161677	12.124000

10.164231	11.746000

10.166786	12.114000

10.169340	12.105000

10.171895	12.047000

10.174449	12.319000

10.177004	12.422000

10.179558	12.817000

10.182113	12.682000

10.184667	12.976000

10.187222	13.071000

10.189776	13.093000

10.192330	13.019000

10.194885	13.014000

10.197439	12.751000

10.199994	12.696000

10.202548	12.668000

10.205103	12.900000

10.207657	12.968000

10.210212	12.868000

10.212766	12.652000

10.215321	12.752000

10.217875	12.676000

10.220430	12.712000

10.222984	12.072000

10.225539	12.089000

10.228093	11.760000

10.230648	11.738000

10.233202	11.915000

10.235756	11.895000

10.238311	11.981000

10.240865	12.046000

10.243420	11.861000

10.245974	12.175000

10.248529	12.141000

10.251083	12.055000

10.253638	11.986000

10.256192	12.479000

10.258747	12.406000

10.261301	12.587000

10.263856	12.579000

10.266410	12.736000

10.268965	12.559000

10.271519	12.756000

10.274074	12.729000

10.276628	12.788000

10.279182	12.657000

10.281737	12.803000

10.284291	12.748000

10.286846	12.948000

10.289400	12.620000

10.291955	12.457000

10.294509	12.473000

10.297064	12.559000

10.299618	12.497000

10.302173	12.417000

10.304727	12.210000

10.307282	12.006000

10.309836	11.869000

10.312391	12.280000

10.314945	11.875000

10.317499	11.978000

10.320054	11.850000

10.322608	12.047000

10.325163	11.607000

10.327717	11.220000

10.330272	11.218000

10.332826	11.748000

10.335381	12.077000

10.337935	12.431000

10.340490	12.541000

10.343044	12.251000

10.345599	12.066000

10.348153	12.038000

10.350708	12.109000

10.353262	12.168000

10.355817	12.002000

10.358371	12.121000

10.360925	12.324000

10.363480	12.479000

10.366034	12.241000

10.368589	12.294000

10.371143	12.410000

10.373698	12.148000

10.376252	11.749000

10.378807	11.556000

10.381361	11.265000

10.383916	10.748000

10.386470	10.886000

10.389025	10.977000

10.391579	10.774000

10.394134	10.833000

10.396688	10.376000

10.399242	10.704000

10.401797	10.977000

10.404351	10.319000

10.406906	9.312000

10.409460	9.062000

10.412015	9.219000

10.414569	9.743000

10.417124	10.494000

10.419678	11.191000

10.422233	11.464000

10.424787	11.463000

10.427342	11.814000

10.429896	11.761000

10.432451	12.017000

10.435005	12.235000

10.437560	11.939000

10.440114	12.244000

10.442668	11.869000

10.445223	11.881000

10.447777	11.796000

10.450332	11.976000

10.452886	12.268000

10.455441	12.129000

10.457995	11.892000

10.460550	11.788000

10.463104	11.613000

10.465659	11.304000

10.468213	10.912000

10.470768	10.239000

10.473322	10.725000

10.475877	11.158000

10.478431	11.061000

10.480985	11.672000

10.483540	11.697000

10.486094	11.952000

10.488649	11.755000

10.491203	11.693000

10.493758	11.867000

10.496312	11.980000

10.498867	12.047000

10.501421	12.381000

10.503976	12.321000

10.506530	12.176000

10.509085	12.516000

10.511639	12.492000

10.514194	12.574000

10.516748	12.646000

10.519303	12.370000

10.521857	12.471000

10.524411	12.221000

10.526966	11.927000

10.529520	11.873000

10.532075	12.068000

10.534629	12.103000

10.537184	11.815000

10.539738	11.430000

10.542293	11.585000

10.544847	11.501000

10.547402	11.415000

10.549956	11.696000

10.552511	11.394000

10.555065	11.461000

10.557620	11.647000

10.560174	11.590000

10.562728	11.729000

10.565283	11.417000

10.567837	11.715000

10.570392	11.815000

10.572946	11.786000

10.575501	11.791000

10.578055	11.807000

10.580610	11.544000

10.583164	11.359000

10.585719	11.515000

10.588273	11.258000

10.590828	11.270000

10.593382	11.272000

10.595937	11.252000

10.598491	11.111000

10.601046	10.540000

10.603600	10.297000

10.606154	10.158000

10.608709	10.429000

10.611263	10.148000

10.613818	9.180000

10.616372	10.513000

10.618927	10.319000

10.621481	10.426000

10.624036	11.864000

10.626590	12.314000

10.629145	12.021000

10.631699	12.185000

10.634254	12.075000

10.636808	11.958000

10.639363	11.803000

10.641917	11.872000

10.644471	12.292000

10.647026	12.209000

10.649580	12.217000

10.652135	11.917000

10.654689	11.662000

10.657244	12.148000

10.659798	11.690000

10.662353	11.386000

10.664907	11.778000

10.667462	11.419000

10.670016	11.387000

10.672571	11.664000

10.675125	11.769000

10.677680	11.834000

10.680234	11.443000

10.682789	11.799000

10.685343	11.933000

10.687897	11.959000

10.690452	12.157000

10.693006	12.148000

10.695561	12.310000

10.698115	12.545000

10.700670	12.505000

10.703224	12.543000

10.705779	12.481000

10.708333	12.363000

10.710888	12.262000

10.713442	12.140000

10.715997	12.131000

10.718551	11.953000

10.721106	11.720000

10.723660	12.133000

10.726214	11.914000

10.728769	11.728000

10.731323	11.326000

10.733878	11.264000

10.736432	11.174000

10.738987	11.273000

10.741541	11.214000

10.744096	11.029000

10.746650	10.421000

10.749205	11.464000

10.751759	11.476000

10.754314	10.745000

10.756868	10.634000

10.759423	10.580000

10.761977	10.566000

10.764532	11.074000

10.767086	11.211000

10.769640	11.704000

10.772195	11.977000

10.774749	12.104000

10.777304	11.941000

10.779858	11.938000

10.782413	11.995000

10.784967	11.863000

10.787522	12.180000

10.790076	12.590000

10.792631	12.329000

10.795185	12.379000

10.797740	12.508000

10.800294	12.338000

10.802849	12.041000

10.805403	11.881000

10.807957	11.807000

10.810512	10.678000

10.813066	10.081000

10.815621	9.782000

10.818175	10.287000

10.820730	10.086000

10.823284	9.993000

10.825839	9.978000

10.828393	10.414000

10.830948	10.169000

10.833502	10.279000

10.836057	10.459000

10.838611	10.307000

10.841166	10.019000

10.843720	10.623000

10.846275	11.151000

10.848829	11.561000

10.851383	11.679000

10.853938	11.712000

10.856492	11.816000

10.859047	11.669000

10.861601	11.462000

10.864156	11.428000

10.866710	11.547000

10.869265	11.280000

10.871819	10.858000

10.874374	10.771000

10.876928	9.396000

10.879483	8.552000

10.882037	8.151000

10.884592	9.280000

10.887146	7.288000

10.889700	8.247000

10.892255	7.737000

10.894809	9.039000

10.897364	10.585000

10.899918	9.777000

10.902473	10.005000

10.905027	8.331000

10.907582	9.118000

10.910136	9.093000

10.912691	9.682000

10.915245	10.262000

10.917800	9.737000

10.920354	10.489000

10.922909	10.701000

10.925463	10.793000

10.928018	10.849000

10.930572	11.423000

10.933126	10.790000

10.935681	10.637000

10.938235	10.240000

10.940790	9.929000

10.943344	9.066000

10.945899	9.953000

10.948453	10.559000

10.951008	10.935000

10.953562	11.113000

10.956117	11.310000

10.958671	10.690000

10.961226	10.633000

10.963780	9.928000

10.966335	9.745000

10.968889	9.454000

10.971443	9.638000

10.973998	8.458000

10.976552	8.948000

10.979107	9.813000

10.981661	9.975000

10.984216	9.789000

10.986770	10.597000

10.989325	10.613000

10.991879	11.131000

10.994434	10.671000

10.996988	10.538000

10.999543	10.007000

11.002097	10.297000

11.004652	10.561000

11.007206	11.039000

11.009761	11.036000

11.012315	11.201000

11.014869	11.049000

11.017424	11.422000

11.019978	11.505000

11.022533	11.041000

11.025087	10.708000

11.027642	10.858000

11.030196	10.422000

11.032751	10.297000

11.035305	9.389000

11.037860	10.610000

11.040414	10.794000

11.042969	10.703000

11.045523	10.118000

11.048078	10.342000

11.050632	10.269000

11.053186	10.328000

11.055741	10.304000

11.058295	10.352000

11.060850	10.266000

11.063404	10.337000

11.065959	10.129000

11.068513	10.146000

11.071068	10.594000

11.073622	11.227000

11.076177	11.183000

11.078731	10.863000

11.081286	9.103000

11.083840	7.456000

11.086395	9.375000

11.088949	10.891000

11.091504	11.090000

11.094058	11.186000

11.096612	11.402000

11.099167	10.774000

11.101721	11.157000

11.104276	11.238000

11.106830	11.244000

11.109385	11.303000

11.111939	10.962000

11.114494	10.887000

11.117048	10.555000

11.119603	9.992000

11.122157	10.686000

11.124712	10.923000

11.127266	11.292000

11.129821	10.945000

11.132375	10.923000

11.134929	10.715000

11.137484	10.359000

11.140038	10.388000

11.142593	11.038000

11.145147	10.950000

11.147702	10.292000

11.150256	9.591000

11.152811	10.449000

11.155365	11.077000

11.157920	11.014000

11.160474	11.246000

11.163029	11.291000

11.165583	11.262000

11.168138	11.031000

11.170692	11.071000

11.173247	11.160000

11.175801	10.536000

11.178355	10.594000

11.180910	11.330000

11.183464	11.146000

11.186019	11.046000

11.188573	10.240000

11.191128	10.767000

11.193682	11.136000

11.196237	11.002000

11.198791	11.186000

11.201346	10.781000

11.203900	10.348000

11.206455	10.186000

11.209009	10.108000

11.211564	10.598000

11.214118	10.406000

11.216672	10.626000

11.219227	11.328000

11.221781	11.428000

11.224336	11.216000

11.226890	10.867000

11.229445	10.176000

11.231999	10.562000

11.234554	10.344000

11.237108	10.694000

11.239663	10.299000

11.242217	10.385000

11.244772	10.113000

11.247326	10.053000

11.249881	10.426000

11.252435	10.185000

11.254990	10.163000

11.257544	10.676000

11.260098	9.942000

11.262653	8.652000

11.265207	7.334000

11.267762	5.215000

11.270316	7.811000

11.272871	8.529000

11.275425	9.673000

11.277980	10.077000

11.280534	9.871000

11.283089	9.821000

11.285643	9.036000

11.288198	9.725000

11.290752	9.919000

11.293307	8.441000

11.295861	9.515000

11.298415	10.168000

11.300970	9.793000

11.303524	10.399000

11.306079	11.280000

11.308633	11.294000

11.311188	11.098000

11.313742	10.771000

11.316297	11.524000

11.318851	11.452000

11.321406	11.563000

11.323960	11.547000

11.326515	11.641000

11.329069	11.740000

11.331624	11.812000

11.334178	11.878000

11.336733	12.321000

11.339287	12.112000

11.341841	11.735000

11.344396	11.307000

11.346950	11.149000

11.349505	10.115000

11.352059	9.235000

11.354614	9.685000

11.357168	9.947000

11.359723	10.167000

11.362277	9.932000

11.364832	9.059000

11.367386	8.659000

11.369941	9.045000

11.372495	8.298000

11.375050	8.810000

11.377604	6.902000

11.380158	7.234000

11.382713	8.742000

11.385267	9.154000

11.387822	9.323000

11.390376	8.829000

11.392931	9.122000

11.395485	10.160000

11.398040	9.568000

11.400594	10.120000

11.403149	8.681000

11.405703	9.594000

11.408258	9.998000

11.410812	9.414000

11.413367	8.878000

11.415921	8.782000

11.418476	3.402000

11.421030	7.374000

11.423584	7.033000

11.426139	7.408000

11.428693	7.746000

11.431248	6.901000

11.433802	8.133000

11.436357	7.397000

11.438911	9.366000

11.441466	7.194000

11.444020	7.326000

11.446575	6.201000

11.449129	8.862000

11.451684	9.113000

11.454238	8.561000

11.456793	7.889000

11.459347	8.645000

11.461901	5.756000

11.464456	8.843000

11.467010	8.721000

11.469565	10.013000

11.472119	9.964000

11.474674	9.935000

11.477228	9.971000

11.479783	10.354000

11.482337	11.116000

11.484892	10.729000

11.487446	10.538000

11.490001	10.602000

11.492555	10.201000

11.495110	9.835000

11.497664	10.602000

11.500219	11.018000

11.502773	11.226000

11.505327	11.117000

11.507882	9.814000

11.510436	9.668000

11.512991	9.819000

11.515545	9.743000

11.518100	10.093000

11.520654	10.451000

11.523209	10.035000

11.525763	10.205000

11.528318	10.012000

11.530872	9.852000

11.533427	9.743000

11.535981	9.959000

11.538536	10.412000

11.541090	9.379000

11.543644	6.881000

11.546199	8.515000

11.548753	5.226000

11.551308	8.427000

11.553862	8.561000

11.556417	7.640000

11.558971	2.983000

11.561526	7.454000

11.564080	8.628000

11.566635	6.842000

11.569189	8.899000

11.571744	9.228000

11.574298	8.929000

11.576853	9.242000

11.579407	9.730000

11.581962	9.214000

11.584516	8.721000

11.587070	6.229000

11.589625	7.002000

11.592179	4.171000

11.594734	8.041000

11.597288	8.564000

11.599843	8.762000

11.602397	6.286000

11.604952	5.931000

11.607506	6.972000

11.610061	5.748000

11.612615	3.333000

11.615170	5.893000

11.617724	6.463000

11.620279	5.240000

11.622833	0.012000

11.625387	6.969000

11.627942	6.942000

11.630496	7.889000

11.633051	9.491000

11.635605	9.686000

11.638160	9.980000

11.640714	10.242000

11.643269	10.369000

11.645823	10.293000

11.648378	10.228000

11.650932	10.132000

11.653487	11.126000

11.656041	11.197000

11.658596	10.904000

11.661150	10.848000

11.663705	10.620000

11.666259	10.236000

11.668813	10.133000

11.671368	10.580000

11.673922	10.829000

11.676477	10.675000

11.679031	10.454000

11.681586	9.859000

11.684140	9.596000

11.686695	8.863000

11.689249	8.755000

11.691804	9.390000

11.694358	9.828000

11.696913	8.104000

11.699467	7.069000

11.702022	8.955000

11.704576	9.748000

11.707130	9.303000

11.709685	10.192000

11.712239	9.893000

11.714794	9.009000

11.717348	9.275000

11.719903	8.567000

11.722457	9.682000

11.725012	10.337000

11.727566	10.021000

11.730121	10.195000

11.732675	10.016000

11.735230	10.398000

11.737784	10.308000

11.740339	9.728000

11.742893	10.218000

11.745448	10.148000

11.748002	9.755000

11.750556	9.597000

11.753111	8.209000

11.755665	9.674000

11.758220	10.442000

11.760774	9.607000

11.763329	9.360000

11.765883	8.127000

11.768438	6.495000

11.770992	6.208000

11.773547	6.553000

11.776101	6.922000

11.778656	6.429000

11.781210	8.319000

11.783765	8.003000

11.786319	9.440000

11.788873	9.823000

11.791428	8.881000

11.793982	8.625000

11.796537	7.768000

11.799091	9.687000

11.801646	9.981000

11.804200	8.999000

11.806755	5.078000

11.809309	7.494000

11.811864	9.519000

11.814418	9.448000

11.816973	8.231000

11.819527	4.592000

11.822082	5.691000

11.824636	4.755000

11.827191	7.230000

11.829745	6.780000

11.832299	7.825000

11.834854	8.010000

11.837408	9.195000

11.839963	9.428000

11.842517	8.843000

11.845072	8.634000

11.847626	8.990000

11.850181	10.267000

11.852735	10.345000

11.855290	8.867000

11.857844	6.557000

11.860399	8.527000

11.862953	8.862000

11.865508	8.386000

11.868062	8.173000

11.870616	7.162000

11.873171	8.188000

11.875725	8.684000

11.878280	9.611000

11.880834	7.852000

11.883389	7.517000

11.885943	6.675000

11.888498	9.340000

11.891052	9.316000

11.893607	9.294000

11.896161	8.887000

11.898716	9.030000

11.901270	10.016000

11.903825	9.965000

11.906379	10.034000

11.908934	9.891000

11.911488	10.469000

11.914042	10.378000

11.916597	10.052000

11.919151	8.984000

11.921706	3.932000

11.924260	7.801000

11.926815	8.868000

11.929369	8.929000

11.931924	9.040000

11.934478	9.084000

11.937033	8.239000

11.939587	8.797000

11.942142	9.280000

11.944696	8.369000

11.947251	8.815000

11.949805	9.559000

11.952360	8.819000

11.954914	8.438000

11.957468	7.638000

11.960023	8.368000

11.962577	9.839000

11.965132	10.645000

11.967686	10.382000

11.970241	9.317000

11.972795	9.655000

11.975350	8.855000

11.977904	10.207000

11.980459	9.994000

11.983013	9.303000

11.985568	10.262000

11.988122	9.925000

11.990677	8.881000

11.993231	9.566000

11.995785	9.622000

11.998340	9.613000

12.000894	8.828000

12.003449	6.710000

12.006003	3.247000

12.008558	6.098000

12.011112	8.058000

12.013667	5.064000

12.016221	8.141000

12.018776	7.532000

12.021330	10.024000

12.023885	8.573000

12.026439	8.727000

12.028994	10.226000

12.031548	9.978000

12.034103	9.768000

12.036657	10.936000

12.039211	10.766000

12.041766	10.852000

12.044320	9.526000

12.046875	9.575000

12.049429	9.179000

12.051984	7.682000

12.054538	2.502000

12.057093	4.765000

12.059647	6.733000

12.062202	6.838000

12.064756	5.678000

12.067311	9.116000

12.069865	7.371000

12.072420	3.806000

12.074974	1.161000

12.077528	5.053000

12.080083	7.135000

12.082637	8.013000

12.085192	7.103000

12.087746	5.942000

12.090301	7.717000

12.092855	9.597000

12.095410	10.131000

12.097964	10.691000

12.100519	10.079000

12.103073	10.314000

12.105628	10.228000

12.108182	10.238000

12.110737	9.138000

12.113291	10.253000

12.115846	10.448000

12.118400	10.623000

12.120954	10.129000

12.123509	10.027000

12.126063	10.902000

12.128618	10.914000

12.131172	10.599000

12.133727	10.799000

12.136281	10.440000

12.138836	10.060000

12.141390	9.657000

12.143945	10.693000

12.146499	11.120000

12.149054	11.177000

12.151608	11.114000

12.154163	11.407000

12.156717	11.331000

12.159271	11.278000

12.161826	10.939000

12.164380	11.000000

12.166935	11.378000

12.169489	10.781000

12.172044	10.546000

12.174598	10.794000

12.177153	9.436000

12.179707	8.496000

12.182262	9.253000

12.184816	10.002000

12.187371	9.023000

12.189925	8.509000

12.192480	9.425000

12.195034	10.316000

12.197589	9.709000

12.200143	9.823000

12.202697	9.931000

12.205252	10.522000

12.207806	10.577000

12.210361	10.728000

12.212915	10.763000

12.215470	11.299000

12.218024	11.223000

12.220579	11.239000

12.223133	11.167000

12.225688	10.747000

12.228242	9.790000

12.230797	10.512000

12.233351	10.916000

12.235906	10.199000

12.238460	8.472000

12.241014	8.791000

12.243569	9.028000

12.246123	9.553000

12.248678	9.058000

12.251232	9.023000

12.253787	8.339000

12.256341	9.523000

12.258896	6.219000

12.261450	5.650000

12.264005	8.245000

12.266559	9.978000

12.269114	10.825000

12.271668	11.039000

12.274223	10.348000

12.276777	9.341000

12.279332	8.757000

12.281886	9.785000

12.284440	9.857000

12.286995	9.133000

12.289549	8.917000

12.292104	8.480000

12.294658	8.299000

12.297213	9.341000

12.299767	7.807000

12.302322	7.406000

12.304876	7.416000

12.307431	8.314000

12.309985	5.865000

12.312540	6.302000

12.315094	6.682000

12.317649	8.115000

12.320203	9.559000

12.322757	9.322000

12.325312	9.607000

12.327866	8.777000

12.330421	8.837000

12.332975	8.245000

12.335530	7.866000

12.338084	7.635000

12.340639	8.974000

12.343193	7.051000

12.345748	2.723000

12.348302	6.013000

12.350857	2.993000

12.353411	5.453000

12.355966	8.114000

12.358520	9.353000

12.361075	9.876000

12.363629	10.474000

12.366183	10.633000

12.368738	10.631000

12.371292	10.426000

12.373847	10.484000

12.376401	10.396000

12.378956	10.558000

12.381510	9.799000

12.384065	9.477000

12.386619	7.252000

12.389174	9.139000

12.391728	9.776000

12.394283	9.146000

12.396837	9.055000

12.399392	8.405000

12.401946	8.075000

12.404500	8.914000

12.407055	9.788000

12.409609	9.471000

12.412164	9.901000

12.414718	9.917000

12.417273	8.894000

12.419827	7.510000

12.422382	8.201000

12.424936	8.418000

12.427491	9.074000

12.430045	9.630000

12.432600	8.551000

12.435154	3.729000

12.437709	7.265000

12.440263	7.113000

12.442818	8.075000

12.445372	5.220000

12.447926	0.000000

12.450481	5.465000

12.453035	8.033000

12.455590	9.328000

12.458144	9.100000

12.460699	6.732000

12.463253	7.255000

12.465808	8.987000

12.468362	6.559000

12.470917	7.299000

12.473471	6.558000

12.476026	3.741000

12.478580	4.192000

12.481135	6.255000

12.483689	2.786000

12.486243	6.435000

12.488798	6.511000

12.491352	6.701000

12.493907	5.500000

12.496461	6.037000

12.499016	7.718000

12.501570	8.298000

12.504125	8.264000

12.506679	9.942000

12.509234	9.921000

12.511788	9.926000

12.514343	10.388000

12.516897	10.400000

12.519452	9.912000

12.522006	10.171000

12.524561	10.440000

12.527115	10.291000

12.529669	9.900000

12.532224	10.197000

12.534778	10.201000

12.537333	10.587000

12.539887	10.875000

12.542442	11.306000

12.544996	11.118000

12.547551	11.010000

12.550105	10.225000

12.552660	10.698000

12.555214	10.894000

12.557769	11.035000

12.560323	11.518000

12.562878	11.805000

12.565432	11.816000

12.567986	11.932000

12.570541	11.854000

12.573095	12.044000

12.575650	12.151000

12.578204	11.975000

12.580759	12.345000

12.583313	12.408000

12.585868	11.888000

12.588422	11.659000

12.590977	12.056000

12.593531	12.657000

12.596086	12.671000

12.598640	12.716000

12.601195	12.719000

12.603749	12.494000

12.606304	12.305000

12.608858	12.013000

12.611412	12.091000

12.613967	12.137000

12.616521	12.022000

12.619076	11.744000

12.621630	11.744000

12.624185	11.677000

12.626739	10.961000

12.629294	11.019000

12.631848	11.201000

12.634403	10.428000

12.636957	9.240000

12.639512	8.408000

12.642066	4.252000

12.644621	0.163000

12.647175	4.984000

12.649729	6.089000

12.652284	9.501000

12.654838	9.587000

12.657393	8.812000

12.659947	9.976000

12.662502	10.523000

12.665056	11.169000

12.667611	10.663000

12.670165	11.304000

12.672720	11.477000

12.675274	11.506000

12.677829	11.679000

12.680383	12.009000

12.682938	12.071000

12.685492	12.348000

12.688047	11.990000

12.690601	11.903000

12.693155	11.753000

12.695710	11.514000

12.698264	11.428000

12.700819	11.484000

12.703373	11.039000

12.705928	10.807000

12.708482	10.306000

12.711037	10.233000

12.713591	10.272000

12.716146	10.500000

12.718700	10.508000

12.721255	10.067000

12.723809	9.288000

12.726364	10.387000

12.728918	10.184000

12.731472	10.181000

12.734027	10.264000

12.736581	10.882000

12.739136	11.251000

12.741690	11.390000

12.744245	11.559000

12.746799	12.026000

12.749354	11.985000

12.751908	11.822000

12.754463	11.616000

12.757017	12.106000

12.759572	12.358000

12.762126	12.455000

12.764681	12.123000

12.767235	11.822000

12.769790	11.284000

12.772344	11.078000

12.774898	11.410000

12.777453	11.878000

12.780007	11.544000

12.782562	10.976000

12.785116	10.427000

12.787671	10.347000

12.790225	9.096000

12.792780	7.909000

12.795334	8.294000

12.797889	10.173000

12.800443	9.481000

12.802998	8.112000

12.805552	7.927000

12.808107	10.211000

12.810661	10.961000

12.813215	11.097000

12.815770	11.339000

12.818324	11.534000

12.820879	11.450000

12.823433	11.485000

12.825988	11.910000

12.828542	12.025000

12.831097	11.961000

12.833651	12.190000

12.836206	12.080000

12.838760	12.223000

12.841315	11.763000

12.843869	12.143000

12.846424	12.263000

12.848978	12.148000

12.851533	11.889000

12.854087	11.654000

12.856641	11.928000

12.859196	11.818000

12.861750	11.467000

12.864305	10.889000

12.866859	11.264000

12.869414	10.786000

12.871968	10.308000

12.874523	10.761000

12.877077	10.127000

12.879632	11.012000

12.882186	11.017000

12.884741	11.496000

12.887295	10.994000

12.889850	11.178000

12.892404	11.457000

12.894958	11.850000

12.897513	11.733000

12.900067	11.393000

12.902622	11.350000

12.905176	11.371000

12.907731	11.519000

12.910285	11.101000

12.912840	11.096000

12.915394	11.305000

12.917949	10.761000

12.920503	11.207000

12.923058	11.109000

12.925612	11.436000

12.928167	11.116000

12.930721	10.955000

12.933276	10.789000

12.935830	10.162000

12.938384	9.275000

12.940939	8.803000

12.943493	9.315000

12.946048	9.767000

12.948602	10.262000

12.951157	10.298000

12.953711	10.976000

12.956266	10.507000

12.958820	10.416000

12.961375	10.876000

12.963929	10.699000

12.966484	10.180000

12.969038	9.003000

12.971593	9.596000

12.974147	8.873000

12.976701	8.408000

12.979256	9.318000

12.981810	10.055000

12.984365	10.121000

12.986919	10.450000

12.989474	9.597000

12.992028	7.620000

12.994583	4.874000

12.997137	8.691000

12.999692	7.530000

13.002246	5.110000

13.004801	8.235000

13.007355	8.844000

13.009910	9.214000

13.012464	8.677000

13.015019	7.902000

13.017573	8.505000

13.020127	8.576000

13.022682	8.105000

13.025236	7.257000

13.027791	7.912000

13.030345	0.000000

13.032900	7.042000

13.035454	8.424000

13.038009	7.990000

13.040563	9.440000

13.043118	10.494000

13.045672	9.696000

13.048227	7.200000

13.050781	4.932000

13.053336	4.932000

13.055890	8.155000

13.058444	7.547000

13.060999	7.315000

13.063553	5.547000

13.066108	7.682000

13.068662	8.882000

13.071217	9.032000

13.073771	9.166000

13.076326	9.110000

13.078880	9.869000

13.081435	10.356000

13.083989	10.601000

13.086544	10.513000

13.089098	10.849000

13.091653	11.565000

13.094207	11.576000

13.096762	11.456000

13.099316	10.929000

13.101870	11.353000

13.104425	11.137000

13.106979	11.130000

13.109534	10.894000

13.112088	10.798000

13.114643	11.122000

13.117197	11.070000

13.119752	10.793000

13.122306	10.112000

13.124861	10.703000

13.127415	10.344000

13.129970	9.513000

13.132524	8.641000

13.135079	8.959000

13.137633	9.656000

13.140187	9.649000

13.142742	10.820000

13.145296	10.348000

13.147851	10.361000

13.150405	9.984000

13.152960	10.376000

13.155514	9.919000

13.158069	9.084000

13.160623	9.156000

13.163178	9.769000

13.165732	10.620000

13.168287	10.989000

13.170841	11.212000

13.173396	11.414000

13.175950	11.830000

13.178505	11.595000

13.181059	11.598000

13.183613	11.420000

13.186168	10.975000

13.188722	10.954000

13.191277	11.024000

13.193831	11.506000

13.196386	11.410000

13.198940	11.430000

13.201495	11.445000

13.204049	11.388000

13.206604	11.355000

13.209158	11.163000

13.211713	10.661000

13.214267	10.672000

13.216822	10.955000

13.219376	10.664000

13.221930	10.624000

13.224485	10.407000

13.227039	10.812000

13.229594	10.840000

13.232148	11.617000

13.234703	11.814000

13.237257	11.833000

13.239812	11.885000

13.242366	11.903000

13.244921	12.167000

13.247475	12.332000

13.250030	12.419000

13.252584	12.469000

13.255139	12.340000

13.257693	12.415000

13.260248	12.213000

13.262802	12.383000

13.265356	12.289000

13.267911	12.317000

13.270465	12.427000

13.273020	12.562000

13.275574	11.986000

13.278129	12.034000

13.280683	11.852000

13.283238	11.745000

13.285792	12.019000

13.288347	12.163000

13.290901	12.116000

13.293456	12.383000

13.296010	12.414000

13.298565	12.689000

13.301119	12.426000

13.303673	12.439000

13.306228	12.177000

13.308782	11.864000

13.311337	11.491000

13.313891	11.440000

13.316446	11.430000

13.319000	11.764000

13.321555	11.661000

13.324109	11.598000

13.326664	11.286000

13.329218	10.231000

13.331773	9.887000

13.334327	10.012000

13.336882	6.443000

13.339436	7.893000

13.341991	5.682000

13.344545	5.089000

13.347099	4.101000

13.349654	7.678000

13.352208	9.674000

13.354763	10.236000

13.357317	10.356000

13.359872	9.436000

13.362426	9.551000

13.364981	7.395000

13.367535	9.242000

13.370090	10.201000

13.372644	11.104000

13.375199	10.563000

13.377753	10.220000

13.380308	10.432000

13.382862	10.339000

13.385416	10.400000

13.387971	10.167000

13.390525	10.917000

13.393080	10.301000

13.395634	10.288000

13.398189	10.233000

13.400743	9.784000

13.403298	10.027000

13.405852	9.577000

13.408407	10.553000

13.410961	9.784000

13.413516	8.946000

13.416070	7.999000

13.418625	8.541000

13.421179	8.462000

13.423734	8.674000

13.426288	6.429000

13.428842	8.805000

13.431397	9.638000

13.433951	8.773000

13.436506	7.313000

13.439060	5.396000

13.441615	5.946000

13.444169	7.391000

13.446724	7.144000

13.449278	4.809000

13.451833	6.303000

13.454387	6.783000

13.456942	6.974000

13.459496	6.190000

13.462051	7.000000

13.464605	7.261000

13.467159	8.185000

13.469714	9.306000

13.472268	9.488000

13.474823	8.369000

13.477377	8.152000

13.479932	9.908000

13.482486	10.703000

13.485041	10.866000

13.487595	10.578000

13.490150	11.053000

13.492704	11.156000

13.495259	11.302000

13.497813	11.215000

13.500368	11.243000

13.502922	11.404000

13.505477	11.397000

13.508031	11.507000

13.510585	11.576000

13.513140	11.534000

13.515694	11.636000

13.518249	11.581000

13.520803	11.968000

13.523358	11.663000

13.525912	11.595000

13.528467	10.740000

13.531021	11.213000

13.533576	11.110000

13.536130	11.015000

13.538685	11.430000

13.541239	11.581000

13.543794	11.700000

13.546348	11.433000

13.548902	10.738000

13.551457	10.788000

13.554011	10.841000

13.556566	10.883000

13.559120	9.934000

13.561675	9.876000

13.564229	9.217000

13.566784	9.329000

13.569338	6.107000

13.571893	7.969000

13.574447	8.739000

13.577002	7.747000

13.579556	7.543000

13.582111	7.037000

13.584665	5.286000

13.587220	8.334000

13.589774	9.187000

13.592328	9.864000

13.594883	9.695000

13.597437	9.019000

13.599992	9.086000

13.602546	9.633000

13.605101	10.557000

13.607655	10.697000

13.610210	11.140000

13.612764	11.436000

13.615319	11.933000

13.617873	11.445000

13.620428	11.512000

13.622982	11.761000

13.625537	11.600000

13.628091	11.173000

13.630646	10.504000

13.633200	10.818000

13.635754	11.298000

13.638309	11.114000

13.640863	11.612000

13.643418	11.635000

13.645972	11.962000

13.648527	11.404000

13.651081	11.244000

13.653636	10.753000

13.656190	11.198000

13.658745	11.100000

13.661299	11.243000

13.663854	11.806000

13.666408	11.944000

13.668963	12.032000

13.671517	11.941000

13.674071	11.997000

13.676626	11.740000

13.679180	11.899000

13.681735	11.861000

13.684289	11.661000

13.686844	11.550000

13.689398	11.318000

13.691953	11.431000

13.694507	11.470000

13.697062	11.343000

13.699616	11.519000

13.702171	11.540000

13.704725	11.613000

13.707280	11.257000

13.709834	11.101000

13.712389	11.170000

13.714943	11.829000

13.717497	11.855000

13.720052	11.973000

13.722606	12.018000

13.725161	12.488000

13.727715	12.600000

13.730270	12.356000

13.732824	12.491000

13.735379	12.670000

13.737933	12.668000

13.740488	13.016000

13.743042	12.823000

13.745597	12.514000

13.748151	12.469000

13.750706	12.535000

13.753260	12.758000

13.755814	12.739000

13.758369	12.685000

13.760923	12.784000

13.763478	12.899000

13.766032	12.794000

13.768587	12.650000

13.771141	12.231000

13.773696	12.347000

13.776250	11.965000

13.778805	11.930000

13.781359	11.947000

13.783914	11.641000

13.786468	11.742000

13.789023	12.044000

13.791577	12.208000

13.794132	12.065000

13.796686	11.795000

13.799240	11.813000

13.801795	11.845000

13.804349	12.221000

13.806904	12.250000

13.809458	12.336000

13.812013	12.283000

13.814567	12.674000

13.817122	12.878000

13.819676	13.161000

13.822231	13.302000

13.824785	13.359000

13.827340	13.364000

13.829894	13.393000

13.832449	13.482000

13.835003	13.446000

13.837557	13.330000

13.840112	13.329000

13.842666	13.304000

13.845221	13.215000

13.847775	12.966000

13.850330	12.960000

13.852884	12.882000

13.855439	12.759000

13.857993	12.732000

13.860548	12.758000

13.863102	12.490000

13.865657	12.382000

13.868211	12.360000

13.870766	12.447000

13.873320	12.210000

13.875875	11.922000

13.878429	11.962000

13.880983	12.304000

13.883538	12.415000

13.886092	12.152000

13.888647	12.239000

13.891201	12.121000

13.893756	11.630000

13.896310	11.307000

13.898865	11.444000

13.901419	11.576000

13.903974	11.526000

13.906528	11.627000

13.909083	11.290000

13.911637	11.362000

13.914192	11.437000

13.916746	11.794000

13.919300	12.010000

13.921855	12.227000

13.924409	12.171000

13.926964	12.106000

13.929518	12.353000

13.932073	12.083000

13.934627	11.870000

13.937182	12.093000

13.939736	12.404000

13.942291	12.458000

13.944845	12.291000

13.947400	12.308000

13.949954	12.318000

13.952509	12.280000

13.955063	12.337000

13.957618	12.024000

13.960172	12.193000

13.962726	12.238000

13.965281	11.872000

13.967835	11.821000

13.970390	11.412000

13.972944	11.372000

13.975499	11.639000

13.978053	12.010000

13.980608	11.963000

13.983162	11.702000

13.985717	11.823000

13.988271	11.661000

13.990826	11.105000

13.993380	11.337000

13.995935	11.751000

13.998489	11.800000

14.001043	11.769000

14.003598	11.424000

14.006152	10.885000

14.008707	11.032000

14.011261	11.304000

14.013816	11.715000

14.016370	11.750000

14.018925	11.655000

14.021479	11.428000

14.024034	11.593000

14.026588	11.734000

14.029143	11.413000

14.031697	11.049000

14.034252	11.693000

14.036806	11.481000

14.039361	11.347000

14.041915	11.313000

14.044469	11.098000

14.047024	11.215000

14.049578	11.497000

14.052133	11.629000

14.054687	11.244000

14.057242	11.015000

14.059796	10.998000

14.062351	11.229000

14.064905	11.541000

14.067460	11.917000

14.070014	11.851000

14.072569	11.839000

14.075123	12.394000

14.077678	12.322000

14.080232	12.059000

14.082786	12.112000

14.085341	12.120000

14.087895	12.623000

14.090450	12.679000

14.093004	12.660000

14.095559	12.497000

14.098113	12.352000

14.100668	12.345000

14.103222	12.412000

14.105777	12.307000

14.108331	12.271000

14.110886	11.860000

14.113440	12.004000

14.115995	12.041000

14.118549	11.668000

14.121104	11.173000

14.123658	11.470000

14.126212	11.731000

14.128767	11.550000

14.131321	11.230000

14.133876	11.350000

14.136430	11.096000

14.138985	11.432000

14.141539	11.931000

14.144094	12.135000

14.146648	12.306000

14.149203	12.212000

14.151757	12.334000

14.154312	12.573000

14.156866	12.503000

14.159421	12.479000

14.161975	12.516000

14.164529	12.664000

14.167084	12.706000

14.169638	12.453000

14.172193	12.467000

14.174747	12.463000

14.177302	12.392000

14.179856	12.510000

14.182411	12.511000

14.184965	12.723000

14.187520	13.032000

14.190074	12.975000

14.192629	13.139000

14.195183	12.910000

14.197738	12.669000

14.200292	12.511000

14.202847	12.662000

14.205401	12.609000

14.207955	12.630000

14.210510	12.671000

14.213064	12.840000

14.215619	12.794000

14.218173	13.106000

14.220728	13.153000

14.223282	13.119000

14.225837	12.941000

14.228391	12.721000

14.230946	12.203000

14.233500	11.980000

14.236055	12.293000

14.238609	12.353000

14.241164	12.356000

14.243718	12.670000

14.246272	12.716000

14.248827	12.920000

14.251381	12.838000

14.253936	12.891000

14.256490	12.728000

14.259045	12.688000

14.261599	12.168000

14.264154	11.988000

14.266708	11.900000

14.269263	12.056000

14.271817	12.277000

14.274372	12.372000

14.276926	12.418000

14.279481	12.100000

14.282035	12.050000

14.284590	12.134000

14.287144	11.971000

14.289698	11.941000

14.292253	11.915000

14.294807	11.941000

14.297362	12.079000

14.299916	12.382000

14.302471	12.366000

14.305025	12.309000

14.307580	12.235000

14.310134	12.457000

14.312689	12.695000

14.315243	12.495000

14.317798	12.498000

14.320352	12.383000

14.322907	12.434000

14.325461	12.339000

14.328015	12.519000

14.330570	12.702000

14.333124	12.574000

14.335679	12.621000

14.338233	12.876000

14.340788	12.696000

14.343342	12.287000

14.345897	12.161000

14.348451	12.532000

14.351006	12.785000

14.353560	12.832000

14.356115	12.629000

14.358669	12.631000

14.361224	12.572000

14.363778	12.610000

14.366333	12.430000

14.368887	12.473000

14.371441	11.953000

14.373996	11.822000

14.376550	11.953000

14.379105	11.905000

14.381659	12.012000

14.384214	12.241000

14.386768	12.181000

14.389323	12.351000

14.391877	12.340000

14.394432	11.960000

14.396986	11.876000

14.399541	11.769000

14.402095	11.797000

14.404650	11.804000

14.407204	11.938000

14.409758	12.002000

14.412313	12.186000

14.414867	12.461000

14.417422	12.074000

14.419976	12.004000

14.422531	11.757000

14.425085	11.117000

14.427640	10.138000

14.430194	10.617000

14.432749	10.309000

14.435303	10.402000

14.437858	10.801000

14.440412	10.814000

14.442967	11.186000

14.445521	10.875000

14.448076	11.216000

14.450630	11.169000

14.453184	11.461000

14.455739	11.411000

14.458293	11.317000

14.460848	11.801000

14.463402	11.755000

14.465957	11.682000

14.468511	11.447000

14.471066	11.629000

14.473620	11.701000

14.476175	11.965000

14.478729	11.804000

14.481284	11.680000

14.483838	11.433000

14.486393	11.016000

14.488947	10.819000

14.491501	10.197000

14.494056	9.388000

14.496610	8.634000

14.499165	9.486000

14.501719	9.843000

14.504274	9.394000

14.506828	9.007000

14.509383	8.137000

14.511937	9.544000

14.514492	10.235000

14.517046	10.577000

14.519601	10.883000

14.522155	10.669000

14.524710	11.098000

14.527264	11.419000

14.529819	11.285000

14.532373	11.393000

14.534927	11.568000

14.537482	11.859000

14.540036	11.708000

14.542591	11.266000

14.545145	11.519000

14.547700	11.232000

14.550254	11.422000

14.552809	11.780000

14.555363	11.450000

14.557918	11.448000

14.560472	10.831000

14.563027	10.241000

14.565581	10.762000

14.568136	9.938000

14.570690	9.864000

14.573244	10.176000

14.575799	10.608000

14.578353	10.496000

14.580908	9.893000

14.583462	9.596000

14.586017	9.869000

14.588571	8.389000

14.591126	8.410000

14.593680	8.905000

14.596235	9.985000

14.598789	10.633000

14.601344	10.334000

14.603898	10.741000

14.606453	10.988000

14.609007	10.687000

14.611562	11.137000

14.614116	11.026000

14.616670	11.393000

14.619225	11.735000

14.621779	11.526000

14.624334	12.171000

14.626888	12.590000

14.629443	12.675000

14.631997	12.852000

14.634552	12.886000

14.637106	12.871000

14.639661	12.671000

14.642215	12.782000

14.644770	12.797000

14.647324	12.874000

14.649879	12.954000

14.652433	12.783000

14.654987	12.958000

14.657542	12.902000

14.660096	13.018000

14.662651	12.791000

14.665205	13.052000

14.667760	12.989000

14.670314	12.831000

14.672869	12.834000

14.675423	12.815000

14.677978	13.049000

14.680532	12.998000

14.683087	13.049000

14.685641	12.972000

14.688196	13.124000

14.690750	13.057000

14.693305	12.915000

14.695859	12.952000

14.698413	12.867000

14.700968	13.048000

14.703522	12.944000

14.706077	12.924000

14.708631	13.022000

14.711186	12.973000

14.713740	12.854000

14.716295	12.500000

14.718849	12.548000

14.721404	12.197000

14.723958	11.948000

14.726513	12.058000

14.729067	12.138000

14.731622	12.087000

14.734176	12.174000

14.736730	11.996000

14.739285	12.080000

14.741839	12.074000

14.744394	11.898000

14.746948	11.857000

14.749503	11.692000

14.752057	11.603000

14.754612	11.542000

14.757166	11.604000

14.759721	12.240000

14.762275	12.436000

14.764830	12.554000

14.767384	12.771000

14.769939	12.721000

14.772493	12.399000

14.775048	12.305000

14.777602	12.325000

14.780156	12.226000

14.782711	12.405000

14.785265	12.139000

14.787820	12.380000

14.790374	12.577000

14.792929	12.866000

14.795483	12.512000

14.798038	12.669000

14.800592	12.829000

14.803147	12.649000

14.805701	12.503000

14.808256	12.578000

14.810810	12.703000

14.813365	12.782000

14.815919	13.154000

14.818473	13.213000

14.821028	13.208000

14.823582	13.464000

14.826137	13.386000

14.828691	13.586000

14.831246	13.325000

14.833800	13.008000

14.836355	12.493000

14.838909	12.456000

14.841464	12.474000

14.844018	12.638000

14.846573	12.882000

14.849127	12.608000

14.851682	12.526000

14.854236	12.460000

14.856791	12.318000

14.859345	11.951000

14.861899	11.755000

14.864454	11.602000

14.867008	11.558000

14.869563	11.614000

14.872117	11.514000

14.874672	11.355000

14.877226	11.817000

14.879781	12.258000

14.882335	12.658000

14.884890	12.465000

14.887444	12.183000

14.889999	12.022000

14.892553	12.344000

14.895108	12.464000

14.897662	12.286000

14.900216	11.819000

14.902771	11.869000

14.905325	11.820000

14.907880	11.834000

14.910434	11.544000

14.912989	11.693000

14.915543	11.372000

14.918098	11.546000

14.920652	11.252000

14.923207	11.227000

14.925761	10.870000

14.928316	10.664000

14.930870	10.328000

14.933425	10.230000

14.935979	9.181000

14.938534	9.682000

14.941088	9.728000

14.943642	10.775000

14.946197	11.003000

14.948751	11.501000

14.951306	11.577000

14.953860	12.024000

14.956415	11.976000

14.958969	11.608000

14.961524	11.501000

14.964078	11.326000

14.966633	11.497000

14.969187	11.362000

14.971742	11.769000

14.974296	11.647000

14.976851	11.027000

14.979405	11.399000

14.981959	10.503000

14.984514	10.610000

14.987068	9.948000

14.989623	10.539000

14.992177	9.597000

14.994732	8.735000

14.997286	6.709000

14.999841	7.708000

15.002395	9.691000

15.004950	10.036000

15.007504	9.500000

15.010059	6.766000

15.012613	8.463000

15.015168	6.745000

15.017722	8.214000

15.020277	9.826000

15.022831	9.253000

15.025385	10.678000

15.027940	10.099000

15.030494	10.689000

15.033049	9.779000

15.035603	9.734000

15.038158	9.175000

15.040712	9.125000

15.043267	8.119000

15.045821	8.581000

15.048376	9.350000

15.050930	9.652000

15.053485	10.379000

15.056039	10.538000

15.058594	9.860000

15.061148	10.110000

15.063702	10.591000

15.066257	11.115000

15.068811	10.670000

15.071366	11.272000

15.073920	11.229000

15.076475	11.275000

15.079029	11.387000

15.081584	11.624000

15.084138	11.696000

15.086693	11.648000

15.089247	11.473000

15.091802	11.551000

15.094356	11.707000

15.096911	11.654000

15.099465	11.393000

15.102020	11.576000

15.104574	11.392000

15.107128	11.166000

15.109683	11.100000

15.112237	11.401000

15.114792	11.025000

15.117346	11.015000

15.119901	11.133000

15.122455	11.066000

15.125010	11.350000

15.127564	11.369000

15.130119	11.544000

15.132673	11.523000

15.135228	11.592000

15.137782	11.719000

15.140337	11.869000

15.142891	12.049000

15.145445	12.349000

15.148000	12.342000

15.150554	12.444000

15.153109	12.439000

15.155663	12.140000

15.158218	12.093000

15.160772	11.884000

15.163327	11.758000

15.165881	11.863000

15.168436	12.035000

15.170990	12.071000

15.173545	12.157000

15.176099	11.955000

15.178654	11.719000

15.181208	11.690000

15.183763	11.418000

15.186317	10.860000

15.188871	10.705000

15.191426	10.733000

15.193980	9.939000

15.196535	9.561000

15.199089	9.849000

15.201644	9.973000

15.204198	10.007000

15.206753	9.427000

15.209307	9.854000

15.211862	9.209000

15.214416	9.586000

15.216971	8.798000

15.219525	9.941000

15.222080	10.113000

15.224634	10.429000

15.227188	11.171000

15.229743	11.604000

15.232297	11.861000

15.234852	12.191000

15.237406	12.385000

15.239961	12.601000

15.242515	12.393000

15.245070	12.381000

15.247624	12.523000

15.250179	12.734000

15.252733	12.818000

15.255288	12.795000

15.257842	12.822000

15.260397	12.896000

15.262951	12.825000

15.265506	12.764000

15.268060	12.700000

15.270614	12.392000

15.273169	12.452000

15.275723	12.174000

15.278278	11.881000

15.280832	11.780000

15.283387	11.654000

15.285941	11.769000

15.288496	11.958000

15.291050	12.022000

15.293605	12.067000

15.296159	11.858000

15.298714	12.067000

15.301268	11.875000

15.303823	11.759000

15.306377	11.787000

15.308931	11.824000

15.311486	12.008000

15.314040	12.157000

15.316595	11.820000

15.319149	11.929000

15.321704	12.216000

15.324258	12.488000

15.326813	12.333000

15.329367	12.234000

15.331922	12.210000

15.334476	12.139000

15.337031	12.221000

15.339585	12.164000

15.342140	12.059000

15.344694	11.739000

15.347249	12.016000

15.349803	11.767000

15.352357	11.737000

15.354912	11.624000

15.357466	11.704000

15.360021	11.674000

15.362575	11.542000

15.365130	11.297000

15.367684	10.506000

15.370239	10.980000

15.372793	11.210000

15.375348	11.481000

15.377902	11.545000

15.380457	11.673000

15.383011	11.909000

15.385566	11.628000

15.388120	11.706000

15.390675	11.663000

15.393229	11.999000

15.395783	11.775000

15.398338	11.633000

15.400892	11.361000

15.403447	11.310000

15.406001	10.752000

15.408556	10.279000

15.411110	10.993000

15.413665	10.750000

15.416219	11.176000

15.418774	10.622000

15.421328	10.408000

15.423883	9.064000

15.426437	8.038000

15.428992	9.167000

15.431546	9.706000

15.434100	8.643000

15.436655	5.903000

15.439209	7.955000

15.441764	6.398000

15.444318	8.586000

15.446873	8.680000

15.449427	8.918000

15.451982	9.299000

15.454536	9.045000

15.457091	9.075000

15.459645	9.574000

15.462200	9.687000

15.464754	7.802000

15.467309	7.039000

15.469863	4.011000

15.472418	0.000000

15.474972	2.564000

15.477526	8.286000

15.480081	9.388000

15.482635	9.912000

15.485190	10.585000

15.487744	10.241000

15.490299	10.185000

15.492853	10.230000

15.495408	10.172000

15.497962	9.689000

15.500517	8.866000

15.503071	8.047000

15.505626	8.862000

15.508180	10.541000

15.510735	10.242000

15.513289	11.079000

15.515843	11.013000

15.518398	10.990000

15.520952	10.597000

15.523507	10.977000

15.526061	10.940000

15.528616	10.657000

15.531170	10.541000

15.533725	10.650000

15.536279	10.706000

15.538834	10.911000

15.541388	11.100000

15.543943	11.411000

15.546497	11.026000

15.549052	10.039000

15.551606	9.751000

15.554161	10.822000

15.556715	9.709000

15.559269	10.216000

15.561824	10.450000

15.564378	10.338000

15.566933	9.591000

15.569487	9.606000

15.572042	8.432000

15.574596	8.779000

15.577151	9.565000

15.579705	10.367000

15.582260	10.518000

15.584814	10.510000

15.587369	10.107000

15.589923	10.539000

15.592478	10.925000

15.595032	10.937000

15.597586	10.514000

15.600141	10.270000

15.602695	10.596000

15.605250	9.717000

15.607804	9.554000

15.610359	9.606000

15.612913	8.916000

15.615468	10.129000

15.618022	9.908000

15.620577	10.521000

15.623131	10.544000

15.625686	10.516000

15.628240	10.235000

15.630795	10.135000

15.633349	9.783000

15.635904	10.685000

15.638458	11.027000

15.641012	11.136000

15.643567	11.275000

15.646121	10.769000

15.648676	11.486000

15.651230	11.447000

15.653785	11.337000

15.656339	11.425000

15.658894	10.922000

15.661448	11.480000

15.664003	10.929000

15.666557	10.960000

15.669112	10.792000

15.671666	10.918000

15.674221	10.628000

15.676775	10.764000

15.679329	10.176000

15.681884	9.841000

15.684438	9.169000

15.686993	9.719000

15.689547	10.252000

15.692102	10.016000

15.694656	9.441000

15.697211	10.043000

15.699765	10.259000

15.702320	10.884000

15.704874	10.535000

15.707429	10.910000

15.709983	11.006000

15.712538	11.180000

15.715092	11.273000

15.717647	12.048000

15.720201	12.099000

15.722755	12.240000

15.725310	12.304000

15.727864	12.700000

15.730419	12.698000

15.732973	12.492000

15.735528	12.179000

15.738082	12.336000

15.740637	12.292000

15.743191	11.984000

15.745746	11.454000

15.748300	11.530000

15.750855	11.235000

15.753409	11.342000

15.755964	11.289000

15.758518	10.974000

15.761072	10.511000

15.763627	10.548000

15.766181	10.509000

15.768736	9.689000

15.771290	9.023000

15.773845	9.792000

15.776399	10.183000

15.778954	10.627000

15.781508	10.890000

15.784063	11.065000

15.786617	11.674000

15.789172	12.163000

15.791726	11.956000

15.794281	11.880000

15.796835	11.617000

15.799390	11.862000

15.801944	12.014000

15.804498	11.881000

15.807053	11.713000

15.809607	11.567000

15.812162	12.053000

15.814716	12.110000

15.817271	12.041000

15.819825	12.198000

15.822380	12.301000

15.824934	12.431000

15.827489	12.242000

15.830043	12.014000

15.832598	11.976000

15.835152	11.914000

15.837707	11.800000

15.840261	12.173000

15.842815	11.936000

15.845370	12.020000

15.847924	12.359000

15.850479	12.637000

15.853033	12.828000

15.855588	12.588000

15.858142	12.551000

15.860697	12.529000

15.863251	12.366000

15.865806	12.281000

15.868360	12.275000

15.870915	12.176000

15.873469	12.311000

15.876024	12.327000

15.878578	12.467000

15.881133	12.491000

15.883687	12.078000

15.886241	11.955000

15.888796	11.790000

15.891350	11.591000

15.893905	11.549000

15.896459	11.325000

15.899014	11.299000

15.901568	10.789000

15.904123	10.433000

15.906677	10.425000

15.909232	10.821000

15.911786	10.261000

15.914341	11.205000

15.916895	10.960000

15.919450	10.916000

15.922004	11.148000

15.924558	11.452000

15.927113	11.930000

15.929667	11.717000

15.932222	11.732000

15.934776	11.664000

15.937331	11.177000

15.939885	10.420000

15.942440	10.323000

15.944994	11.278000

15.947549	11.472000

15.950103	11.270000

15.952658	11.109000

15.955212	11.171000

15.957767	10.769000

15.960321	10.954000

15.962876	11.426000

15.965430	11.324000

15.967984	11.377000

15.970539	10.644000

15.973093	11.183000

15.975648	11.241000

15.978202	11.027000

15.980757	11.129000

15.983311	11.604000

15.985866	11.863000

15.988420	11.567000

15.990975	11.527000

15.993529	11.321000

15.996084	11.294000

15.998638	11.054000

16.001193	10.920000

16.003747	10.651000

16.006301	10.659000

16.008856	9.609000

16.011410	8.879000

16.013965	9.113000

16.016519	9.530000

16.019074	8.829000

16.021628	8.440000

16.024183	9.177000

16.026737	8.352000

16.029292	7.977000

16.031846	8.447000

16.034401	6.942000

16.036955	8.612000

16.039510	7.789000

16.042064	7.761000

16.044619	7.729000

16.047173	9.412000

16.049727	8.216000

16.052282	9.319000

16.054836	9.685000

16.057391	10.172000

16.059945	9.570000

16.062500	9.589000

16.065054	10.347000

16.067609	10.357000

16.070163	10.951000

16.072718	10.974000

16.075272	11.128000

16.077827	11.328000

16.080381	10.888000

16.082936	10.832000

16.085490	11.248000

16.088044	11.588000

16.090599	11.298000

16.093153	11.344000

16.095708	11.774000

16.098262	11.676000

16.100817	11.115000

16.103371	10.816000

16.105926	10.923000

16.108480	10.374000

16.111035	9.837000

16.113589	10.243000

16.116144	10.015000

16.118698	9.883000

16.121253	9.689000

16.123807	10.761000

16.126362	10.735000

16.128916	10.850000

16.131470	9.882000

16.134025	10.518000

16.136579	10.277000

16.139134	9.776000

16.141688	9.378000

16.144243	9.622000

16.146797	9.906000

16.149352	9.920000

16.151906	10.811000

16.154461	11.429000

16.157015	11.404000

16.159570	11.734000

16.162124	11.675000

16.164679	11.876000

16.167233	11.206000

16.169787	11.658000

16.172342	11.627000

16.174896	11.904000

16.177451	11.527000

16.180005	11.496000

16.182560	11.029000

16.185114	11.208000

16.187669	11.624000

16.190223	11.523000

16.192778	11.857000

16.195332	11.661000

16.197887	10.933000

16.200441	10.256000

16.202996	9.899000

16.205550	9.579000

16.208105	10.426000

16.210659	11.002000

16.213213	10.617000

16.215768	9.815000

16.218322	9.588000

16.220877	10.072000

16.223431	10.160000

16.225986	10.187000

16.228540	10.247000

16.231095	9.890000

16.233649	10.155000

16.236204	10.169000

16.238758	10.050000

16.241313	10.501000

16.243867	10.323000

16.246422	10.102000

16.248976	10.517000

16.251530	9.547000

16.254085	9.964000

16.256639	10.466000

16.259194	11.222000

16.261748	11.320000

16.264303	11.054000

16.266857	10.888000

16.269412	11.240000

16.271966	11.241000

16.274521	10.907000

16.277075	11.501000

16.279630	11.614000

16.282184	11.571000

16.284739	11.731000

16.287293	11.866000

16.289848	11.907000

16.292402	11.520000

16.294956	11.577000

16.297511	11.730000

16.300065	11.672000

16.302620	11.358000

16.305174	11.055000

16.307729	10.911000

16.310283	11.279000

16.312838	11.428000

16.315392	11.955000

16.317947	12.024000

16.320501	11.797000

16.323056	11.575000

16.325610	11.605000

16.328165	11.799000

16.330719	11.427000

16.333273	11.643000

16.335828	11.714000

16.338382	11.780000

16.340937	11.314000

16.343491	11.527000

16.346046	11.426000

16.348600	11.136000

16.351155	11.379000

16.353709	11.650000

16.356264	11.469000

16.358818	10.953000

16.361373	11.258000

16.363927	11.108000

16.366482	10.486000

16.369036	10.308000

16.371591	9.540000

16.374145	10.611000

16.376699	10.275000

16.379254	10.589000

16.381808	10.451000

16.384363	10.936000

16.386917	10.808000

16.389472	10.325000

16.392026	10.863000

16.394581	11.236000

16.397135	10.701000

16.399690	10.799000

16.402244	10.992000

16.404799	10.884000

16.407353	10.927000

16.409908	11.059000

16.412462	11.007000

16.415016	11.185000

16.417571	11.339000

16.420125	11.394000

16.422680	11.463000

16.425234	11.344000

16.427789	11.190000

16.430343	10.583000

16.432898	10.971000

16.435452	11.252000

16.438007	10.972000

16.440561	10.747000

16.443116	10.571000

16.445670	10.153000

16.448225	9.405000

16.450779	8.054000

16.453334	8.497000

16.455888	9.910000

16.458442	8.499000

16.460997	6.028000

16.463551	5.774000

16.466106	4.880000

16.468660	5.141000

16.471215	7.503000

16.473769	5.374000

16.476324	5.510000

16.478878	8.162000

16.481433	8.824000

16.483987	9.028000

16.486542	8.480000

16.489096	8.572000

16.491651	3.248000

16.494205	9.692000

16.496759	9.559000

16.499314	9.530000

16.501868	10.191000

16.504423	10.538000

16.506977	10.308000

16.509532	10.437000

16.512086	10.217000

16.514641	10.364000

16.517195	10.511000

16.519750	10.325000

16.522304	11.079000

16.524859	11.284000

16.527413	11.705000

16.529968	11.185000

16.532522	11.076000

16.535077	10.750000

16.537631	8.459000

16.540185	9.278000

16.542740	6.537000

16.545294	8.131000

16.547849	9.284000

16.550403	8.595000

16.552958	8.050000

16.555512	7.563000

16.558067	9.505000

16.560621	9.568000

16.563176	10.075000

16.565730	8.987000

16.568285	8.747000

16.570839	7.011000

16.573394	8.466000

16.575948	9.168000

16.578502	10.128000

16.581057	10.442000

16.583611	10.242000

16.586166	11.069000

16.588720	11.121000

16.591275	10.604000

16.593829	10.821000

16.596384	11.091000

16.598938	11.123000

16.601493	11.110000

16.604047	10.972000

16.606602	10.757000

16.609156	11.506000

16.611711	11.195000

16.614265	11.366000

16.616820	11.818000

16.619374	11.747000

16.621928	10.997000

16.624483	11.373000

16.627037	11.587000

16.629592	11.486000

16.632146	11.261000

16.634701	11.071000

16.637255	11.024000

16.639810	10.818000

16.642364	10.642000

16.644919	10.512000

16.647473	10.943000

16.650028	11.471000

16.652582	11.218000

16.655137	11.072000

16.657691	10.942000

16.660245	10.770000

16.662800	11.060000

16.665354	11.538000

16.667909	11.448000

16.670463	11.155000

16.673018	10.821000

16.675572	10.758000

16.678127	10.885000

16.680681	11.063000

16.683236	11.103000

16.685790	11.090000

16.688345	10.858000

16.690899	9.809000

16.693454	7.138000

16.696008	7.077000

16.698563	8.996000

16.701117	7.111000

16.703671	2.633000

16.706226	8.315000

16.708780	7.878000

16.711335	7.969000

16.713889	8.999000

16.716444	9.974000

16.718998	9.174000

16.721553	10.270000

16.724107	10.510000

16.726662	10.135000

16.729216	9.385000

16.731771	0.565000

16.734325	7.051000

16.736880	7.380000

16.739434	6.851000

16.741988	8.144000

16.744543	1.280000

16.747097	7.258000

16.749652	7.277000

16.752206	8.108000

16.754761	6.777000

16.757315	9.454000

16.759870	10.349000

16.762424	10.452000

16.764979	10.979000

16.767533	11.182000

16.770088	11.328000

16.772642	11.293000

16.775197	10.604000

16.777751	11.421000

16.780306	12.090000

16.782860	12.081000

16.785414	12.203000

16.787969	12.299000

16.790523	12.078000

16.793078	12.405000

16.795632	12.301000

16.798187	12.552000

16.800741	12.227000

16.803296	12.011000

16.805850	11.688000

16.808405	11.925000

16.810959	11.946000

16.813514	11.520000

16.816068	11.129000

16.818623	11.110000

16.821177	10.949000

16.823731	9.830000

16.826286	9.047000

16.828840	8.848000

16.831395	8.155000

16.833949	9.199000

16.836504	8.820000

16.839058	8.382000

16.841613	5.010000

16.844167	6.328000

16.846722	8.187000

16.849276	9.524000

16.851831	9.579000

16.854385	10.029000

16.856940	10.487000

16.859494	10.861000

16.862049	10.843000

16.864603	10.660000

16.867157	10.868000

16.869712	11.160000

16.872266	11.534000

16.874821	11.684000

16.877375	11.212000

16.879930	10.787000

16.882484	9.819000

16.885039	9.295000

16.887593	9.825000

16.890148	9.996000

16.892702	9.919000

16.895257	9.591000

16.897811	8.256000

16.900366	8.521000

16.902920	8.944000

16.905474	7.712000

16.908029	8.359000

16.910583	7.664000

16.913138	8.145000

16.915692	3.709000

16.918247	5.452000

16.920801	3.952000

16.923356	2.482000

16.925910	7.411000

16.928465	9.535000

16.931019	8.209000

16.933574	7.285000

16.936128	3.439000

16.938683	6.797000

16.941237	7.508000

16.943792	7.461000

16.946346	5.774000

16.948900	5.259000

16.951455	6.786000

16.954009	9.068000

16.956564	8.916000

16.959118	7.641000

16.961673	3.952000

16.964227	5.236000

16.966782	7.616000

16.969336	9.320000

16.971891	9.455000

16.974445	10.059000

16.977000	9.885000

16.979554	9.971000

16.982109	10.417000

16.984663	10.450000

16.987217	9.970000

16.989772	9.430000

16.992326	8.943000

16.994881	8.316000

16.997435	6.660000

16.999990	4.703000

17.002544	7.647000

17.005099	10.329000

17.007653	10.285000

17.010208	10.533000

17.012762	10.185000

17.015317	10.143000

17.017871	9.585000

17.020426	9.835000

17.022980	8.469000

17.025535	8.522000

17.028089	9.133000

17.030643	9.082000

17.033198	9.029000

17.035752	8.762000

17.038307	8.914000

17.040861	8.568000

17.043416	8.939000

17.045970	8.766000

17.048525	3.116000

17.051079	7.108000

17.053634	7.382000

17.056188	7.727000

17.058743	9.343000

17.061297	9.614000

17.063852	8.991000

17.066406	10.362000

17.068961	10.737000

17.071515	10.311000

17.074069	10.341000

17.076624	9.397000

17.079178	9.731000

17.081733	10.393000

17.084287	10.012000

17.086842	10.597000

17.089396	10.128000

17.091951	10.898000

17.094505	10.787000

17.097060	11.020000

17.099614	10.730000

17.102169	9.133000

17.104723	9.591000

17.107278	9.835000

17.109832	9.952000

17.112386	9.727000

17.114941	10.283000

17.117495	10.775000

17.120050	10.704000

17.122604	11.295000

17.125159	10.791000

17.127713	10.891000

17.130268	10.471000

17.132822	10.691000

17.135377	10.128000

17.137931	10.217000

17.140486	9.082000

17.143040	8.994000

17.145595	10.052000

17.148149	9.566000

17.150704	9.735000

17.153258	9.699000

17.155812	9.487000

17.158367	9.218000

17.160921	6.884000

17.163476	8.757000

17.166030	3.598000

17.168585	5.700000

17.171139	4.831000

17.173694	6.567000

17.176248	3.902000

17.178803	6.482000

17.181357	7.685000

17.183912	4.095000

17.186466	7.356000

17.189021	8.886000

17.191575	8.866000

17.194129	5.988000

17.196684	8.131000

17.199238	9.146000

17.201793	8.048000

17.204347	6.221000

17.206902	3.233000

17.209456	3.578000

17.212011	1.406000

17.214565	6.291000

17.217120	8.333000

17.219674	6.592000

17.222229	5.760000

17.224783	5.981000

17.227338	4.983000

17.229892	6.172000

17.232447	1.847000

17.235001	4.826000

17.237555	7.957000

17.240110	8.141000

17.242664	5.768000

17.245219	6.009000

17.247773	4.598000

17.250328	6.134000

17.252882	6.723000

17.255437	8.662000

17.257991	9.608000

17.260546	10.262000

17.263100	10.036000

17.265655	9.568000

17.268209	9.632000

17.270764	9.727000

17.273318	10.011000

17.275872	10.885000

17.278427	10.760000

17.280981	10.828000

17.283536	11.181000

17.286090	9.952000

17.288645	9.773000

17.291199	8.732000

17.293754	8.259000

17.296308	6.514000

17.298863	4.940000

17.301417	6.138000

17.303972	3.142000

17.306526	5.971000

17.309081	8.144000

17.311635	7.875000

17.314190	3.717000

17.316744	0.000000

17.319298	6.085000

17.321853	1.399000

17.324407	6.974000

17.326962	7.897000

17.329516	6.464000

17.332071	7.280000

17.334625	9.535000

17.337180	10.049000

17.339734	10.406000

17.342289	10.892000

17.344843	11.291000

17.347398	11.144000

17.349952	11.065000

17.352507	10.949000

17.355061	10.926000

17.357615	10.735000

17.360170	10.991000

17.362724	11.362000

17.365279	11.483000

17.367833	11.692000

17.370388	11.505000

17.372942	11.254000

17.375497	11.554000

17.378051	11.609000

17.380606	11.127000

17.383160	11.284000

17.385715	10.794000

17.388269	9.879000

17.390824	8.892000

17.393378	9.688000

17.395933	9.392000

17.398487	9.663000

17.401041	10.440000

17.403596	9.983000

17.406150	9.344000

17.408705	9.041000

17.411259	6.800000

17.413814	8.946000

17.416368	9.213000

17.418923	9.650000

17.421477	9.169000

17.424032	10.096000

17.426586	10.148000

17.429141	10.648000

17.431695	11.468000

17.434250	12.060000

17.436804	12.033000

17.439358	12.283000

17.441913	12.531000

17.444467	12.452000

17.447022	12.392000

17.449576	12.430000

17.452131	12.292000

17.454685	12.356000

17.457240	12.192000

17.459794	12.486000

17.462349	12.300000

17.464903	12.489000

17.467458	12.223000

17.470012	11.840000

17.472567	11.619000

17.475121	11.291000

17.477676	10.416000

17.480230	10.461000

17.482784	10.325000

17.485339	9.691000

17.487893	9.896000

17.490448	9.351000

17.493002	9.974000

17.495557	10.048000

17.498111	10.449000

17.500666	10.237000

17.503220	8.902000

17.505775	9.286000

17.508329	7.286000

17.510884	9.513000

17.513438	9.524000

17.515993	8.813000

17.518547	8.063000

17.521101	9.620000

17.523656	9.314000

17.526210	7.929000

17.528765	8.232000

17.531319	6.814000

17.533874	6.521000

17.536428	3.630000

17.538983	6.774000

17.541537	6.766000

17.544092	7.169000

17.546646	7.583000

17.549201	6.362000

17.551755	8.373000

17.554310	6.339000

17.556864	6.560000

17.559419	8.661000

17.561973	8.976000

17.564527	7.347000

17.567082	0.319000

17.569636	4.179000

17.572191	6.010000

17.574745	2.664000

17.577300	5.822000

17.579854	6.446000

17.582409	5.590000

17.584963	6.326000

17.587518	6.389000

17.590072	8.967000

17.592627	8.955000

17.595181	9.727000

17.597736	10.152000

17.600290	9.764000

17.602844	9.844000

17.605399	10.599000

17.607953	10.563000

17.610508	10.362000

17.613062	10.673000

17.615617	10.900000

17.618171	11.255000

17.620726	11.282000

17.623280	10.885000

17.625835	10.529000

17.628389	10.094000

17.630944	9.913000

17.633498	8.877000

17.636053	7.922000

17.638607	5.786000

17.641162	6.428000

17.643716	3.849000

17.646270	6.158000

17.648825	5.264000

17.651379	7.182000

17.653934	6.580000

17.656488	8.050000

17.659043	8.766000

17.661597	8.305000

17.664152	8.722000

17.666706	8.182000

17.669261	8.982000

17.671815	8.074000

17.674370	6.212000

17.676924	6.190000

17.679479	8.685000

17.682033	9.120000

17.684587	9.745000

17.687142	8.980000

17.689696	7.986000

17.692251	1.840000

17.694805	4.148000

17.697360	4.700000

17.699914	0.855000

17.702469	5.106000

17.705023	7.229000

17.707578	7.960000

17.710132	4.296000

17.712687	8.427000

17.715241	8.518000

17.717796	7.317000

17.720350	8.337000

17.722905	8.445000

17.725459	7.613000

17.728013	8.526000

17.730568	0.000000

17.733122	6.032000

17.735677	9.176000

17.738231	10.211000

17.740786	9.819000

17.743340	9.809000

17.745895	10.089000

17.748449	9.705000

17.751004	9.689000

17.753558	8.923000

17.756113	9.243000

17.758667	10.534000

17.761222	10.668000

17.763776	11.219000

17.766330	11.159000

17.768885	10.666000

17.771439	10.884000

17.773994	10.091000

17.776548	10.415000

17.779103	10.744000

17.781657	9.271000

17.784212	9.806000

17.786766	8.691000

17.789321	7.955000

17.791875	8.751000

17.794430	8.584000

17.796984	9.884000

17.799539	9.760000

17.802093	7.160000

17.804648	7.971000

17.807202	7.798000

17.809756	9.596000

17.812311	9.645000

17.814865	8.574000

17.817420	8.916000

17.819974	7.953000

17.822529	2.621000

17.825083	8.158000

17.827638	7.464000

17.830192	8.685000

17.832747	7.869000

17.835301	6.390000

17.837856	8.956000

17.840410	7.601000

17.842965	5.354000

17.845519	3.997000

17.848073	3.580000

17.850628	6.575000

17.853182	7.428000

17.855737	6.906000

17.858291	6.188000

17.860846	9.013000

17.863400	9.565000

17.865955	8.811000

17.868509	7.380000

17.871064	8.797000

17.873618	8.208000

17.876173	9.327000

17.878727	8.979000

17.881282	8.187000

17.883836	8.246000

17.886391	7.790000

17.888945	8.472000

17.891499	8.389000

17.894054	7.966000

17.896608	9.221000

17.899163	9.768000

17.901717	9.174000

17.904272	7.254000

17.906826	6.839000

17.909381	4.821000

17.911935	6.286000

17.914490	7.581000

17.917044	7.831000

17.919599	7.865000

17.922153	8.541000

17.924708	6.214000

17.927262	3.248000

17.929816	6.217000

17.932371	6.058000

17.934925	7.905000

17.937480	7.465000

17.940034	8.941000

17.942589	7.976000

17.945143	4.780000

17.947698	6.885000

17.950252	7.314000

17.952807	5.798000

17.955361	8.645000

17.957916	8.055000

17.960470	9.786000

17.963025	9.324000

17.965579	9.899000

17.968134	8.564000

17.970688	6.211000

17.973242	7.469000

17.975797	7.539000

17.978351	4.025000

17.980906	0.000000

17.983460	4.990000

17.986015	8.595000

17.988569	8.889000

17.991124	5.547000

17.993678	7.799000

17.996233	7.235000

17.998787	8.466000

18.001342	0.000000

18.003896	7.488000

18.006451	4.753000

18.009005	6.505000

18.011559	8.339000

18.014114	9.848000

18.016668	10.069000

18.019223	10.648000

18.021777	10.495000

18.024332	10.394000

18.026886	10.167000

18.029441	10.945000

18.031995	10.237000

18.034550	10.229000

18.037104	10.002000

18.039659	10.340000

18.042213	10.626000

18.044768	9.261000

18.047322	9.269000

18.049877	8.420000

18.052431	8.399000

18.054985	8.107000

18.057540	8.076000

18.060094	7.929000

18.062649	9.108000

18.065203	10.525000

18.067758	10.270000

18.070312	10.393000

18.072867	9.928000

18.075421	9.590000

18.077976	9.140000

18.080530	8.055000

18.083085	7.042000

18.085639	7.942000

18.088194	9.800000

18.090748	10.031000

18.093302	9.781000

18.095857	9.289000

18.098411	9.084000

18.100966	8.106000

18.103520	8.437000

18.106075	9.111000

18.108629	8.953000

18.111184	9.058000

18.113738	10.064000

18.116293	10.770000

18.118847	11.230000

18.121402	11.112000

18.123956	11.547000

18.126511	11.643000

18.129065	11.540000

18.131620	10.485000

18.134174	10.213000

18.136728	10.622000

18.139283	10.931000

18.141837	10.866000

18.144392	11.035000

18.146946	11.145000

18.149501	10.841000

18.152055	9.836000

18.154610	10.256000

18.157164	9.963000

18.159719	9.579000

18.162273	9.922000

18.164828	9.943000

18.167382	10.157000

18.169937	10.892000

18.172491	10.560000

18.175045	10.977000

18.177600	11.053000

18.180154	10.469000

18.182709	9.804000

18.185263	9.598000

18.187818	10.376000

18.190372	10.558000

18.192927	10.857000

18.195481	10.894000

18.198036	10.642000

18.200590	11.090000

18.203145	10.800000

18.205699	10.932000

18.208254	11.024000

18.210808	10.130000

18.213363	9.021000

18.215917	9.766000

18.218471	10.108000

18.221026	10.031000

18.223580	9.965000

18.226135	10.951000

18.228689	11.385000

18.231244	10.964000

18.233798	10.703000

18.236353	10.495000

18.238907	10.584000

18.241462	10.739000

18.244016	10.120000

18.246571	10.058000

18.249125	10.312000

18.251680	10.565000

18.254234	11.582000

18.256788	11.731000

18.259343	12.039000

18.261897	11.891000

18.264452	11.772000

18.267006	12.133000

18.269561	12.022000

18.272115	11.720000

18.274670	11.367000

18.277224	11.191000

18.279779	10.773000

18.282333	11.046000

18.284888	11.018000

18.287442	10.782000

18.289997	10.966000

18.292551	10.492000

18.295106	10.141000

18.297660	8.701000

18.300214	6.332000

18.302769	9.222000

18.305323	9.365000

18.307878	7.621000

18.310432	7.586000

18.312987	8.520000

18.315541	8.173000

18.318096	8.824000

18.320650	8.167000

18.323205	7.487000

18.325759	6.917000

18.328314	7.588000

18.330868	0.912000

18.333423	7.923000

18.335977	9.098000

18.338531	9.000000

18.341086	8.434000

18.343640	8.641000

18.346195	1.860000

18.348749	5.782000

18.351304	5.669000

18.353858	4.491000

18.356413	5.691000

18.358967	6.611000

18.361522	6.911000

18.364076	7.229000

18.366631	6.219000

18.369185	3.232000

18.371740	7.344000

18.374294	3.359000

18.376849	6.347000

18.379403	8.208000

18.381957	8.735000

18.384512	8.644000

18.387066	10.275000

18.389621	10.834000

18.392175	10.523000

18.394730	10.912000

18.397284	10.255000

18.399839	10.443000

18.402393	10.727000

18.404948	9.918000

18.407502	9.403000

18.410057	9.871000

18.412611	10.906000

18.415166	10.528000

18.417720	10.278000

18.420274	10.739000

18.422829	9.693000

18.425383	9.722000

18.427938	9.470000

18.430492	7.181000

18.433047	4.765000

18.435601	7.816000

18.438156	8.262000

18.440710	7.837000

18.443265	0.000000

18.445819	7.881000

18.448374	9.111000

18.450928	10.279000

18.453483	9.662000

18.456037	8.321000

18.458592	7.684000

18.461146	9.458000

18.463700	9.524000

18.466255	10.640000

18.468809	10.510000

18.471364	11.127000

18.473918	11.426000

18.476473	11.529000

18.479027	11.262000

18.481582	10.439000

18.484136	10.728000

18.486691	10.699000

18.489245	10.473000

18.491800	10.525000

18.494354	10.048000

18.496909	10.553000

18.499463	9.953000

18.502017	9.067000

18.504572	6.505000

18.507126	4.671000

18.509681	4.027000

18.512235	7.125000

18.514790	7.779000

18.517344	8.942000

18.519899	10.094000

18.522453	10.379000

18.525008	9.626000

18.527562	9.511000

18.530117	8.845000

18.532671	9.920000

18.535226	9.597000

18.537780	8.836000

18.540335	9.658000

18.542889	7.168000

18.545443	5.697000

18.547998	5.362000

18.550552	8.177000

18.553107	7.975000

18.555661	8.762000

18.558216	5.204000

18.560770	9.043000

18.563325	9.608000

18.565879	9.919000

18.568434	9.504000

18.570988	8.674000

18.573543	8.835000

18.576097	9.558000

18.578652	9.446000

18.581206	5.446000

18.583760	6.605000

18.586315	7.231000

18.588869	6.404000

18.591424	6.858000

18.593978	9.044000

18.596533	9.182000

18.599087	9.949000

18.601642	8.512000

18.604196	9.589000

18.606751	9.653000

18.609305	9.620000

18.611860	10.205000

18.614414	7.682000

18.616969	8.451000

18.619523	6.572000

18.622078	6.969000

18.624632	7.781000

18.627186	9.738000

18.629741	10.508000

18.632295	10.504000

18.634850	10.778000

18.637404	11.427000

18.639959	11.692000

18.642513	12.203000

18.645068	11.687000

18.647622	11.639000

18.650177	11.647000

18.652731	11.489000

18.655286	11.608000

18.657840	11.396000

18.660395	11.602000

18.662949	11.245000

18.665503	10.833000

18.668058	10.866000

18.670612	9.866000

18.673167	9.266000

18.675721	9.215000

18.678276	8.494000

18.680830	7.158000

18.683385	4.657000

18.685939	8.026000

18.688494	4.514000

18.691048	5.863000

18.693603	3.039000

18.696157	7.605000

18.698712	8.887000

18.701266	5.015000

18.703821	5.827000

18.706375	5.397000

18.708929	4.537000

18.711484	6.382000

18.714038	3.500000

18.716593	7.421000

18.719147	8.113000

18.721702	8.309000

18.724256	6.253000

18.726811	8.726000

18.729365	8.533000

18.731920	7.884000

18.734474	5.310000

18.737029	6.550000

18.739583	0.633000

18.742138	6.003000

18.744692	6.274000

18.747247	0.000000

18.749801	4.068000

18.752355	3.388000

18.754910	6.709000

18.757464	7.687000

18.760019	8.029000

18.762573	6.337000

18.765128	3.888000

18.767682	7.304000

18.770237	5.901000

18.772791	4.679000

18.775346	6.410000

18.777900	9.792000

18.780455	9.792000

18.783009	10.566000

18.785564	10.379000

18.788118	9.539000

18.790672	8.882000

18.793227	9.714000

18.795781	9.792000

18.798336	10.578000

18.800890	11.094000

18.803445	10.725000

18.805999	10.515000

18.808554	10.674000

18.811108	10.717000

18.813663	11.383000

18.816217	11.272000

18.818772	11.061000

18.821326	9.624000

18.823881	9.856000

18.826435	8.341000

18.828990	9.339000

18.831544	10.187000

18.834098	11.180000

18.836653	10.851000

18.839207	11.150000

18.841762	11.600000

18.844316	11.587000

18.846871	11.721000

18.849425	11.461000

18.851980	11.333000

18.854534	11.327000

18.857089	10.860000

18.859643	11.582000

18.862198	11.438000

18.864752	11.735000

18.867307	11.474000

18.869861	11.685000

18.872415	11.612000

18.874970	11.523000

18.877524	10.957000

18.880079	10.848000

18.882633	10.960000

18.885188	10.233000

18.887742	8.738000

18.890297	8.449000

18.892851	8.912000

18.895406	8.248000

18.897960	4.327000

18.900515	7.148000

18.903069	8.457000

18.905624	6.370000

18.908178	0.125000

18.910733	7.689000

18.913287	8.556000

18.915841	8.209000

18.918396	8.064000

18.920950	9.331000

18.923505	10.027000

18.926059	9.606000

18.928614	8.937000

18.931168	9.675000

18.933723	9.611000

18.936277	9.834000

18.938832	9.512000

18.941386	9.653000

18.943941	10.645000

18.946495	10.149000

18.949050	9.340000

18.951604	9.304000

18.954158	7.491000

18.956713	0.107000

18.959267	0.000000

18.961822	5.459000

18.964376	4.305000

18.966931	6.218000

18.969485	6.925000

18.972040	7.829000

18.974594	9.620000

18.977149	9.433000

18.979703	8.861000

18.982258	6.380000

18.984812	5.603000

18.987367	5.677000

18.989921	6.099000

18.992476	5.434000

18.995030	1.485000

18.997584	8.481000

19.000139	8.340000

19.002693	8.607000

19.005248	8.854000

19.007802	9.383000

19.010357	9.976000

19.012911	8.886000

19.015466	9.255000

19.018020	10.624000

19.020575	10.804000

19.023129	10.518000

19.025684	10.692000

19.028238	10.753000

19.030793	11.334000

19.033347	11.429000

19.035901	11.489000

19.038456	11.606000

19.041010	11.662000

19.043565	12.050000

19.046119	12.449000

19.048674	12.312000

19.051228	12.119000

19.053783	11.915000

19.056337	11.894000

19.058892	11.916000

19.061446	11.749000

19.064001	11.517000

19.066555	11.951000

19.069110	11.587000

19.071664	11.459000

19.074219	10.607000

19.076773	10.061000

19.079327	9.606000

19.081882	7.735000

19.084436	6.403000

19.086991	1.761000

19.089545	9.366000

19.092100	9.300000

19.094654	9.368000

19.097209	8.536000

19.099763	4.605000

19.102318	6.105000

19.104872	6.507000

19.107427	0.909000

19.109981	8.488000

19.112536	7.486000

19.115090	4.129000

19.117644	4.758000

19.120199	6.317000

19.122753	6.621000

19.125308	9.977000

19.127862	9.178000

19.130417	8.534000

19.132971	10.086000

19.135526	10.347000

19.138080	10.170000

19.140635	10.172000

19.143189	9.763000

19.145744	9.241000

19.148298	7.550000

19.150853	9.107000

19.153407	9.166000

19.155962	8.676000

19.158516	8.847000

19.161070	8.529000

19.163625	9.023000

19.166179	10.124000

19.168734	10.203000

19.171288	11.043000

19.173843	11.380000

19.176397	11.046000

19.178952	11.068000

19.181506	11.461000

19.184061	11.289000

19.186615	11.440000

19.189170	12.073000

19.191724	12.017000

19.194279	12.008000

19.196833	12.248000

19.199387	12.112000

19.201942	11.847000

19.204496	11.700000

19.207051	11.658000

19.209605	11.436000

19.212160	11.134000

19.214714	10.723000

19.217269	10.100000

19.219823	10.134000

19.222378	9.543000

19.224932	8.821000

19.227487	9.351000

19.230041	9.040000

19.232596	7.458000

19.235150	6.388000

19.237705	6.491000

19.240259	5.767000

19.242813	7.974000

19.245368	7.123000

19.247922	8.452000

19.250477	9.475000

19.253031	9.574000

19.255586	8.718000

19.258140	7.623000

19.260695	8.601000

19.263249	9.204000

19.265804	9.063000

19.268358	9.908000

19.270913	10.220000

19.273467	10.576000

19.276022	10.361000

19.278576	10.830000

19.281130	10.611000

19.283685	10.209000

19.286239	10.409000

19.288794	10.687000

19.291348	11.126000

19.293903	11.406000

19.296457	11.549000

19.299012	11.752000

19.301566	11.946000

19.304121	12.160000

19.306675	12.242000

19.309230	12.547000

19.311784	12.586000

19.314339	12.642000

19.316893	12.749000

19.319448	12.801000

19.322002	13.007000

19.324556	13.050000

19.327111	13.161000

19.329665	13.123000

19.332220	13.173000

19.334774	13.040000

19.337329	12.831000

19.339883	12.848000

19.342438	12.817000

19.344992	12.901000

19.347547	12.674000

19.350101	12.591000

19.352656	12.440000

19.355210	12.187000

19.357765	11.858000

19.360319	11.190000

19.362873	11.171000

19.365428	10.759000

19.367982	10.471000

19.370537	10.255000

19.373091	10.534000

19.375646	9.666000

19.378200	9.846000

19.380755	9.597000

19.383309	8.809000

19.385864	7.485000

19.388418	5.296000

19.390973	3.798000

19.393527	5.332000

19.396082	6.912000

19.398636	6.401000

19.401191	3.562000

19.403745	8.351000

19.406299	8.837000

19.408854	5.665000

19.411408	8.440000

19.413963	8.688000

19.416517	9.416000

19.419072	9.718000

19.421626	9.285000

19.424181	9.476000

19.426735	9.323000

19.429290	8.370000

19.431844	9.298000

19.434399	9.512000

19.436953	8.102000

19.439508	5.790000

19.442062	4.855000

19.444616	6.659000

19.447171	2.224000

19.449725	0.000000

19.452280	9.254000

19.454834	9.557000

19.457389	9.376000

19.459943	3.767000

19.462498	6.048000

19.465052	6.797000

19.467607	7.281000

19.470161	0.620000

19.472716	7.043000

19.475270	7.380000

19.477825	7.621000

19.480379	8.553000

19.482934	8.051000

19.485488	8.025000

19.488042	6.120000

19.490597	5.091000

19.493151	5.252000

19.495706	3.477000

19.498260	8.019000

19.500815	4.985000

19.503369	4.279000

19.505924	4.390000

19.508478	4.589000

19.511033	6.997000

19.513587	8.729000

19.516142	9.607000

19.518696	10.166000

19.521251	9.947000

19.523805	8.849000

19.526359	10.125000

19.528914	10.873000

19.531468	11.451000

19.534023	11.760000

19.536577	11.981000

19.539132	11.678000

19.541686	11.764000

19.544241	11.617000

19.546795	12.129000

19.549350	12.105000

19.551904	12.331000

19.554459	12.650000

19.557013	12.413000

19.559568	11.985000

19.562122	11.844000

19.564677	11.741000

19.567231	12.002000

19.569785	11.909000

19.572340	11.476000

19.574894	11.723000

19.577449	11.535000

19.580003	11.290000

19.582558	11.474000

19.585112	11.291000

19.587667	11.120000

19.590221	11.085000

19.592776	10.636000

19.595330	9.993000

19.597885	9.413000

19.600439	9.551000

19.602994	10.878000

19.605548	10.316000

19.608102	10.623000

19.610657	10.619000

19.613211	10.140000

19.615766	10.245000

19.618320	9.859000

19.620875	9.770000

19.623429	9.358000

19.625984	7.867000

19.628538	6.520000

19.631093	6.778000

19.633647	8.552000

19.636202	7.636000

19.638756	8.510000

19.641311	7.042000

19.643865	7.103000

19.646420	9.603000

19.648974	8.415000

19.651528	9.350000

19.654083	8.452000

19.656637	3.481000

19.659192	8.167000

19.661746	8.583000

19.664301	7.596000

19.666855	6.925000

19.669410	9.241000

19.671964	9.812000

19.674519	9.778000

19.677073	10.603000

19.679628	10.375000

19.682182	10.569000

19.684737	9.915000

19.687291	9.925000

19.689845	10.811000

19.692400	10.765000

19.694954	10.481000

19.697509	9.999000

19.700063	8.677000

19.702618	7.159000

19.705172	6.265000

19.707727	0.000000

19.710281	7.974000

19.712836	8.096000

19.715390	5.878000

19.717945	2.947000

19.720499	6.822000

19.723054	8.900000

19.725608	8.789000

19.728163	9.818000

19.730717	9.750000

19.733271	9.298000

19.735826	6.892000

19.738380	6.167000

19.740935	7.107000

19.743489	8.497000

19.746044	8.797000

19.748598	8.266000

19.751153	9.655000

19.753707	10.519000

19.756262	10.306000

19.758816	9.048000

19.761371	9.174000

19.763925	8.457000

19.766480	6.017000

19.769034	2.558000

19.771588	3.302000

19.774143	5.264000

19.776697	7.186000

19.779252	7.261000

19.781806	9.677000

19.784361	8.939000

19.786915	8.020000

19.789470	8.443000

19.792024	10.206000

19.794579	10.711000

19.797133	10.946000

19.799688	10.933000

19.802242	11.590000

19.804797	11.492000

19.807351	11.361000

19.809906	11.791000

19.812460	11.999000

19.815014	11.960000

19.817569	11.898000

19.820123	12.442000

19.822678	12.597000

19.825232	12.491000

19.827787	12.753000

19.830341	12.810000

19.832896	12.837000

19.835450	12.581000

19.838005	12.415000

19.840559	12.468000

19.843114	12.580000

19.845668	12.262000

19.848223	11.926000

19.850777	11.893000

19.853331	11.540000

19.855886	11.428000

19.858440	11.069000

19.860995	11.608000

19.863549	11.317000

19.866104	10.825000

19.868658	11.178000

19.871213	10.603000

19.873767	10.643000

19.876322	9.589000

19.878876	9.885000

19.881431	9.643000

19.883985	8.436000

19.886540	8.607000

19.889094	9.183000

19.891649	10.164000

19.894203	10.494000

19.896757	10.607000

19.899312	10.410000

19.901866	10.724000

19.904421	10.712000

19.906975	10.944000

19.909530	11.148000

19.912084	10.755000

19.914639	11.242000

19.917193	11.530000

19.919748	11.988000

19.922302	11.960000

19.924857	12.015000

19.927411	12.261000

19.929966	11.973000

19.932520	11.636000

19.935074	11.688000

19.937629	11.657000

19.940183	11.083000

19.942738	11.304000

19.945292	11.315000

19.947847	10.492000

19.950401	8.745000

19.952956	6.507000

19.955510	6.689000

19.958065	6.226000

19.960619	7.147000

19.963174	8.013000

19.965728	8.399000

19.968283	8.615000

19.970837	8.310000

19.973392	5.327000

19.975946	6.646000

19.978500	0.398000

19.981055	2.745000

19.983609	9.416000

19.986164	10.875000

19.988718	10.987000

19.991273	10.946000

19.993827	10.658000

19.996382	11.323000

19.998936	11.501000

20.001491	11.836000

20.004045	11.904000

20.006600	11.486000

20.009154	11.007000

20.011709	11.198000

20.014263	11.203000

20.016817	10.500000

20.019372	11.024000

20.021926	11.340000

20.024481	11.214000

20.027035	10.985000

20.029590	9.826000

20.032144	10.025000

20.034699	10.869000

20.037253	11.115000

20.039808	10.729000

20.042362	10.440000

20.044917	10.085000

20.047471	9.382000

20.050026	9.736000

20.052580	9.916000

20.055135	9.669000

20.057689	10.110000

20.060243	10.728000

20.062798	10.130000

20.065352	10.243000

20.067907	10.583000

20.070461	10.755000

20.073016	10.967000

20.075570	10.290000

20.078125	10.097000

20.080679	10.473000

20.083234	9.785000

20.085788	9.873000

20.088343	9.847000

20.090897	9.874000

20.093452	10.264000

20.096006	10.199000

20.098560	9.475000

20.101115	8.633000

20.103669	9.065000

20.106224	8.682000

20.108778	8.169000

20.111333	5.372000

20.113887	0.000000

20.116442	5.140000

20.118996	7.862000

20.121551	7.477000

20.124105	7.852000

20.126660	8.821000

20.129214	8.804000

20.131769	6.664000

20.134323	3.269000

20.136878	3.396000

20.139432	6.456000

20.141986	8.809000

20.144541	7.832000

20.147095	8.182000

20.149650	9.508000

20.152204	10.293000

20.154759	10.908000

20.157313	10.799000

20.159868	10.184000

20.162422	10.725000

20.164977	10.353000

20.167531	9.813000

20.170086	10.068000

20.172640	10.035000

20.175195	11.262000

20.177749	11.455000

20.180303	11.651000

20.182858	11.658000

20.185412	11.617000

20.187967	11.894000

20.190521	11.930000

20.193076	11.854000

20.195630	11.064000

20.198185	10.140000

20.200739	10.648000

20.203294	10.701000

20.205848	8.802000

20.208403	9.296000

20.210957	10.117000

20.213512	10.167000

20.216066	10.331000

20.218621	9.064000

20.221175	7.455000

20.223729	6.266000

20.226284	5.428000

20.228838	7.654000

20.231393	8.000000

20.233947	5.620000

20.236502	2.158000

20.239056	7.462000

20.241611	8.807000

20.244165	8.651000

20.246720	8.998000

20.249274	10.588000

20.251829	10.330000

20.254383	10.529000

20.256938	10.481000

20.259492	9.884000

20.262046	10.329000

20.264601	10.630000

20.267155	10.432000

20.269710	10.727000

20.272264	10.879000

20.274819	10.882000

20.277373	11.249000

20.279928	11.330000

20.282482	11.602000

20.285037	11.444000

20.287591	11.354000

20.290146	11.619000

20.292700	11.094000

20.295255	11.144000

20.297809	10.888000

20.300364	10.889000

20.302918	11.440000

20.305472	11.579000

20.308027	12.103000

20.310581	12.375000

20.313136	12.672000

20.315690	12.716000

20.318245	12.805000

20.320799	12.663000

20.323354	12.799000

20.325908	12.643000

20.328463	12.969000

20.331017	12.982000

20.333572	12.902000

20.336126	13.024000

20.338681	13.165000

20.341235	13.131000

20.343789	13.048000

20.346344	12.873000

20.348898	12.789000

20.351453	12.400000

20.354007	12.312000

20.356562	11.821000

20.359116	11.236000

20.361671	10.713000

20.364225	10.976000

20.366780	10.453000

20.369334	10.981000

20.371889	11.018000

20.374443	10.605000

20.376998	10.837000

20.379552	10.780000

20.382107	10.648000

20.384661	11.137000

20.387215	11.007000

20.389770	11.382000

20.392324	11.739000

20.394879	12.162000

20.397433	12.342000

20.399988	12.558000

20.402542	12.791000

20.405097	12.810000

20.407651	12.622000

20.410206	12.413000

20.412760	12.187000

20.415315	11.977000

20.417869	12.140000

20.420424	11.577000

20.422978	11.573000

20.425532	11.516000

20.428087	11.393000

20.430641	11.689000

20.433196	11.525000

20.435750	11.268000

20.438305	11.049000

20.440859	10.407000

20.443414	9.403000

20.445968	8.132000

20.448523	8.958000

20.451077	8.477000

20.453632	9.254000

20.456186	8.936000

20.458741	9.130000

20.461295	8.660000

20.463850	10.347000

20.466404	10.229000

20.468958	9.781000

20.471513	8.365000

20.474067	6.645000

20.476622	6.285000

20.479176	6.663000

20.481731	8.801000

20.484285	7.764000

20.486840	6.808000

20.489394	4.762000

20.491949	8.556000

20.494503	7.233000

20.497058	7.055000

20.499612	5.752000

20.502167	7.062000

20.504721	4.792000

20.507276	4.228000

20.509830	5.890000

20.512384	3.801000

20.514939	8.304000

20.517493	9.540000

20.520048	9.569000

20.522602	9.987000

20.525157	10.872000

20.527711	10.900000

20.530266	11.046000

20.532820	10.880000

20.535375	11.175000

20.537929	11.323000

20.540484	11.697000

20.543038	11.793000

20.545593	11.895000

20.548147	11.694000

20.550701	11.537000

20.553256	11.765000

20.555810	12.020000

20.558365	11.937000

20.560919	11.750000

20.563474	11.703000

20.566028	11.768000

20.568583	11.351000

20.571137	11.318000

20.573692	10.899000

20.576246	11.131000

20.578801	10.994000

20.581355	10.605000

20.583910	10.206000

20.586464	9.753000

20.589019	8.941000

20.591573	9.106000

20.594127	8.590000

20.596682	10.103000

20.599236	10.451000

20.601791	9.739000

20.604345	8.346000

20.606900	8.404000

20.609454	9.095000

20.612009	10.301000

20.614563	10.035000

20.617118	10.124000

20.619672	10.322000

20.622227	10.195000

20.624781	10.439000

20.627336	10.543000

20.629890	10.461000

20.632444	10.903000

20.634999	10.696000

20.637553	11.408000

20.640108	11.172000

20.642662	10.748000

20.645217	11.192000

20.647771	11.975000

20.650326	11.740000

20.652880	11.419000

20.655435	11.369000

20.657989	11.417000

20.660544	11.767000

20.663098	11.739000

20.665653	12.113000

20.668207	11.932000

20.670762	11.709000

20.673316	11.747000

20.675870	11.594000

20.678425	11.812000

20.680979	11.327000

20.683534	10.577000

20.686088	10.525000

20.688643	10.818000

20.691197	9.859000

20.693752	9.760000

20.696306	9.670000

20.698861	9.281000

20.701415	8.431000

20.703970	8.841000

20.706524	8.128000

20.709079	2.775000

20.711633	8.387000

20.714187	9.729000

20.716742	8.730000

20.719296	9.501000

20.721851	9.376000

20.724405	9.284000

20.726960	9.594000

20.729514	9.602000

20.732069	9.988000

20.734623	10.184000

20.737178	10.617000

20.739732	11.405000

20.742287	11.140000

20.744841	11.157000

20.747396	11.035000

20.749950	10.907000

20.752505	11.319000

20.755059	10.887000

20.757613	10.329000

20.760168	11.401000

20.762722	11.334000

20.765277	11.404000

20.767831	11.431000

20.770386	11.843000

20.772940	11.942000

20.775495	11.509000

20.778049	11.721000

20.780604	12.047000

20.783158	11.757000

20.785713	12.142000

20.788267	12.270000

20.790822	12.202000

20.793376	12.288000

20.795930	12.012000

20.798485	11.965000

20.801039	12.293000

20.803594	12.262000

20.806148	12.368000

20.808703	12.168000

20.811257	12.086000

20.813812	11.560000

20.816366	11.226000

20.818921	11.565000

20.821475	11.678000

20.824030	11.284000

20.826584	11.293000

20.829139	10.991000

20.831693	11.396000

20.834248	11.444000

20.836802	11.386000

20.839356	11.679000

20.841911	11.858000

20.844465	11.604000

20.847020	11.349000

20.849574	11.016000

20.852129	11.221000

20.854683	11.364000

20.857238	11.807000

20.859792	11.780000

20.862347	11.130000

20.864901	11.351000

20.867456	11.316000

20.870010	11.192000

20.872565	11.013000

20.875119	10.262000

20.877673	9.988000

20.880228	9.547000

20.882782	10.011000

20.885337	10.424000

20.887891	10.428000

20.890446	9.832000

20.893000	9.114000

20.895555	8.934000

20.898109	8.547000

20.900664	4.549000

20.903218	8.565000

20.905773	9.537000

20.908327	5.183000

20.910882	6.744000

20.913436	4.791000

20.915991	7.399000

20.918545	9.089000

20.921099	8.572000

20.923654	9.900000

20.926208	8.582000

20.928763	7.716000

20.931317	3.185000

20.933872	6.839000

20.936426	8.626000

20.938981	9.853000

20.941535	10.375000

20.944090	11.412000

20.946644	11.274000

20.949199	11.147000

20.951753	11.260000

20.954308	11.083000

20.956862	11.274000

20.959416	11.385000

20.961971	11.148000

20.964525	11.448000

20.967080	11.427000

20.969634	11.786000

20.972189	11.526000

20.974743	11.807000

20.977298	11.419000

20.979852	11.233000

20.982407	10.830000

20.984961	10.180000

20.987516	9.886000

20.990070	9.690000

20.992625	10.290000

20.995179	10.662000

20.997734	10.521000

21.000288	10.060000

21.002842	9.783000

21.005397	10.194000

21.007951	10.337000

21.010506	9.506000

21.013060	9.711000

21.015615	9.704000

21.018169	9.832000

21.020724	10.350000

21.023278	10.183000

21.025833	9.916000

21.028387	9.600000

21.030942	8.645000

21.033496	6.581000

21.036051	5.599000

21.038605	6.222000

21.041159	0.000000

21.043714	6.805000

21.046268	7.384000

21.048823	8.085000

21.051377	9.110000

21.053932	4.619000

21.056486	7.777000

21.059041	2.291000

21.061595	4.454000

21.064150	2.588000

21.066704	7.244000

21.069259	9.734000

21.071813	9.987000

21.074368	9.906000

21.076922	10.221000

21.079477	10.592000

21.082031	10.302000

21.084585	9.959000

21.087140	10.268000

21.089694	10.987000

21.092249	10.844000

21.094803	11.097000

21.097358	9.820000

21.099912	9.857000

21.102467	9.844000

21.105021	8.505000

21.107576	8.892000

21.110130	8.948000

21.112685	7.360000

21.115239	4.331000

21.117794	1.974000

21.120348	3.093000

21.122902	6.059000

21.125457	6.065000

21.128011	8.698000

21.130566	9.130000

21.133120	7.913000

21.135675	8.814000

21.138229	7.517000

21.140784	9.697000

21.143338	9.858000

21.145893	9.530000

21.148447	10.701000

21.151002	10.307000

21.153556	9.729000

21.156111	9.212000

21.158665	9.897000

21.161220	10.159000

21.163774	10.346000

21.166328	10.436000

21.168883	10.218000

21.171437	9.765000

21.173992	9.211000

21.176546	8.798000

21.179101	6.785000

21.181655	6.594000

21.184210	7.190000

21.186764	7.371000

21.189319	8.053000

21.191873	6.790000

21.194428	8.259000

21.196982	8.159000

21.199537	7.687000

21.202091	7.951000

21.204645	7.031000

21.207200	4.301000

21.209754	5.429000

21.212309	4.331000

21.214863	3.832000

21.217418	7.517000

21.219972	6.288000

21.222527	5.779000

21.225081	4.435000

21.227636	5.922000

21.230190	0.395000

21.232745	7.404000

21.235299	7.079000

21.237854	0.000000

21.240408	4.100000

21.242963	5.953000

21.245517	5.467000

21.248071	2.348000

21.250626	7.923000

21.253180	9.517000

21.255735	8.912000

21.258289	9.016000

21.260844	9.361000

21.263398	9.558000

21.265953	8.371000

21.268507	9.239000

21.271062	9.629000

21.273616	8.875000

21.276171	9.194000

21.278725	9.338000

21.281280	7.648000

21.283834	9.790000

21.286388	9.187000

21.288943	10.084000

21.291497	10.622000

21.294052	10.179000

21.296606	9.969000

21.299161	8.855000

21.301715	8.368000

21.304270	7.998000

21.306824	7.760000

21.309379	7.624000

21.311933	8.551000

21.314488	7.261000

21.317042	7.561000

21.319597	0.299000

21.322151	6.842000

21.324706	8.670000

21.327260	10.008000

21.329814	9.248000

21.332369	7.114000

21.334923	8.943000

21.337478	6.540000

21.340032	8.064000

21.342587	6.467000

21.345141	0.000000

21.347696	7.872000

21.350250	8.239000

21.352805	9.993000

21.355359	8.287000

21.357914	8.159000

21.360468	9.182000

21.363023	10.587000

21.365577	10.752000

21.368131	11.707000

21.370686	11.776000

21.373240	11.657000

21.375795	11.265000

21.378349	11.511000

21.380904	10.610000

21.383458	11.188000

21.386013	11.332000

21.388567	11.299000

21.391122	11.181000

21.393676	10.675000

21.396231	10.407000

21.398785	11.194000

21.401340	11.329000

21.403894	10.713000

21.406449	9.355000

21.409003	10.010000

21.411557	9.578000

21.414112	9.922000

21.416666	10.504000

21.419221	10.011000

21.421775	9.265000

21.424330	9.592000

21.426884	8.815000

21.429439	8.855000

21.431993	9.055000

21.434548	7.940000

21.437102	9.995000

21.439657	9.504000

21.442211	9.975000

21.444766	9.835000

21.447320	10.295000

21.449874	10.997000

21.452429	10.831000

21.454983	11.101000

21.457538	10.938000

21.460092	10.635000

21.462647	11.174000

21.465201	11.543000

21.467756	11.613000

21.470310	11.781000

21.472865	11.937000

21.475419	11.991000

21.477974	12.000000

21.480528	12.028000

21.483083	12.210000

21.485637	12.008000

21.488192	11.959000

21.490746	11.725000

21.493300	11.658000

21.495855	11.649000

21.498409	11.693000

21.500964	11.632000

21.503518	11.770000

21.506073	11.554000

21.508627	11.357000

21.511182	11.394000

21.513736	11.350000

21.516291	11.321000

21.518845	11.205000

21.521400	11.201000

21.523954	11.167000

21.526509	11.062000

21.529063	10.674000

21.531617	10.958000

21.534172	11.442000

21.536726	11.478000

21.539281	11.137000

21.541835	10.944000

21.544390	10.788000

21.546944	10.639000

21.549499	10.657000

21.552053	10.164000

21.554608	10.123000

21.557162	9.956000

21.559717	9.633000

21.562271	8.716000

21.564826	9.060000

21.567380	7.361000

21.569935	7.234000

21.572489	1.601000

21.575043	7.319000

21.577598	7.046000

21.580152	7.534000

21.582707	8.060000

21.585261	0.104000

21.587816	7.713000

21.590370	8.099000

21.592925	6.659000

21.595479	9.132000

21.598034	9.535000

21.600588	9.462000

21.603143	9.612000

21.605697	10.388000

21.608252	10.375000

21.610806	10.173000

21.613360	10.981000

21.615915	10.450000

21.618469	9.633000

21.621024	8.861000

21.623578	8.303000

21.626133	8.497000

21.628687	9.314000

21.631242	7.531000

21.633796	4.113000

21.636351	5.741000

21.638905	3.524000

21.641460	1.856000

21.644014	5.367000

21.646569	6.139000

21.649123	4.677000

21.651678	6.080000

21.654232	3.511000

21.656786	5.014000

21.659341	7.650000

21.661895	6.530000

21.664450	9.636000

21.667004	9.892000

21.669559	9.778000

21.672113	9.561000

21.674668	9.666000

21.677222	10.355000

21.679777	10.220000

21.682331	9.970000

21.684886	10.066000

21.687440	8.636000

21.689995	8.362000

21.692549	9.690000

21.695103	9.932000

21.697658	10.149000

21.700212	10.137000

21.702767	10.403000

21.705321	10.813000

21.707876	8.792000

21.710430	7.809000

21.712985	4.211000

21.715539	7.221000

21.718094	6.885000

21.720648	6.498000

21.723203	3.679000

21.725757	7.445000

21.728312	7.596000

21.730866	7.930000

21.733421	5.715000

21.735975	5.366000

21.738529	5.515000

21.741084	6.481000

21.743638	8.318000

21.746193	7.434000

21.748747	3.126000

21.751302	7.849000

21.753856	7.761000

21.756411	9.406000

21.758965	8.344000

21.761520	10.097000

21.764074	9.764000

21.766629	10.229000

21.769183	10.064000

21.771738	9.541000

21.774292	9.631000

21.776846	10.377000

21.779401	9.177000

21.781955	9.293000

21.784510	9.379000

21.787064	9.512000

21.789619	9.260000

21.792173	9.872000

21.794728	10.258000

21.797282	10.683000

21.799837	10.654000

21.802391	11.253000

21.804946	11.378000

21.807500	11.258000

21.810055	11.328000

21.812609	11.059000

21.815164	11.468000

21.817718	11.832000

21.820272	11.878000

21.822827	12.151000

21.825381	12.176000

21.827936	12.490000

21.830490	12.325000

21.833045	12.163000

21.835599	12.045000

21.838154	12.012000

21.840708	11.850000

21.843263	12.023000

21.845817	11.989000

21.848372	11.877000

21.850926	11.958000

21.853481	12.324000

21.856035	12.512000

21.858589	12.220000

21.861144	12.026000

21.863698	11.918000

21.866253	11.858000

21.868807	11.772000

21.871362	10.934000

21.873916	10.736000

21.876471	10.900000

21.879025	11.261000

21.881580	11.206000

21.884134	11.472000

21.886689	11.438000

21.889243	11.297000

21.891798	10.793000

21.894352	10.508000

21.896907	8.939000

21.899461	9.398000

21.902015	9.919000

21.904570	10.443000

21.907124	10.742000

21.909679	10.873000

21.912233	10.719000

21.914788	10.606000

21.917342	10.923000

21.919897	11.156000

21.922451	10.644000

21.925006	10.478000

21.927560	10.114000

21.930115	9.933000

21.932669	9.684000

21.935224	10.236000

21.937778	11.164000

21.940332	11.408000

21.942887	10.775000

21.945441	11.029000

21.947996	11.290000

21.950550	11.542000

21.953105	11.583000

21.955659	11.534000

21.958214	11.836000

21.960768	11.885000

21.963323	11.712000

21.965877	11.862000

21.968432	11.946000

21.970986	12.144000

21.973541	12.308000

21.976095	12.385000

21.978650	12.279000

21.981204	12.083000

21.983758	12.162000

21.986313	12.444000

21.988867	12.442000

21.991422	12.099000

21.993976	11.457000

21.996531	11.261000

21.999085	11.432000

22.001640	10.929000

22.004194	10.699000

22.006749	11.074000

22.009303	11.489000

22.011858	10.632000

22.014412	8.894000

22.016967	6.901000

22.019521	4.899000

22.022075	5.440000

22.024630	8.281000

22.027184	8.438000

22.029739	9.483000

22.032293	9.166000

22.034848	9.562000

22.037402	9.293000

22.039957	10.069000

22.042511	10.422000

22.045066	10.043000

22.047620	9.671000

22.050175	11.366000

22.052729	11.854000

22.055284	11.166000

22.057838	10.630000

22.060393	10.858000

22.062947	10.671000

22.065501	10.840000

22.068056	10.223000

22.070610	10.560000

22.073165	10.346000

22.075719	10.922000

22.078274	11.054000

22.080828	9.925000

22.083383	6.820000

22.085937	7.287000

22.088492	5.929000

22.091046	4.945000

22.093601	8.189000

22.096155	9.331000

22.098710	9.096000

22.101264	9.568000

22.103818	10.544000

22.106373	10.470000

22.108927	10.799000

22.111482	11.074000

22.114036	11.534000

22.116591	11.317000

22.119145	11.144000

22.121700	11.599000

22.124254	10.533000

22.126809	9.870000

22.129363	10.343000

22.131918	9.581000

22.134472	10.071000

22.137027	10.271000

22.139581	10.515000

22.142136	9.846000

22.144690	9.907000

22.147244	9.786000

22.149799	10.169000

22.152353	9.890000

22.154908	9.019000

22.157462	7.573000

22.160017	6.892000

22.162571	8.872000

22.165126	8.116000

22.167680	9.300000

22.170235	9.100000

22.172789	9.083000

22.175344	8.481000

22.177898	8.120000

22.180453	8.777000

22.183007	7.081000

22.185562	9.095000

22.188116	9.239000

22.190670	9.058000

22.193225	9.338000

22.195779	8.820000

22.198334	7.146000

22.200888	6.086000

22.203443	4.758000

22.205997	4.262000

22.208552	5.460000

22.211106	3.407000

22.213661	1.561000

22.216215	5.434000

22.218770	6.528000

22.221324	6.755000

22.223879	7.572000

22.226433	9.441000

22.228987	9.628000

22.231542	9.788000

22.234096	8.838000

22.236651	9.866000

22.239205	9.511000

22.241760	9.013000

22.244314	8.323000

22.246869	6.358000

22.249423	3.117000

22.251978	6.117000

22.254532	5.119000

22.257087	3.033000

22.259641	0.000000

22.262196	4.539000

22.264750	4.820000

22.267305	5.902000

22.269859	7.913000

22.272413	8.511000

22.274968	9.502000

22.277522	9.214000

22.280077	9.352000

22.282631	9.303000

22.285186	9.387000

22.287740	9.681000

22.290295	8.535000

22.292849	7.944000

22.295404	6.244000

22.297958	6.520000

22.300513	6.195000

22.303067	7.609000

22.305622	5.224000

22.308176	6.731000

22.310730	8.435000

22.313285	8.576000

22.315839	8.237000

22.318394	9.154000

22.320948	9.145000

22.323503	8.784000

22.326057	9.381000

22.328612	9.182000

22.331166	9.225000

22.333721	7.644000

22.336275	8.207000

22.338830	7.840000

22.341384	5.846000

22.343939	7.254000

22.346493	8.699000

22.349048	2.241000

22.351602	6.705000

22.354156	6.983000

22.356711	9.941000

22.359265	8.635000

22.361820	6.750000

22.364374	7.959000

22.366929	7.899000

22.369483	5.443000

22.372038	5.018000

22.374592	4.433000

22.377147	5.877000

22.379701	3.822000

22.382256	6.071000

22.384810	6.014000

22.387365	6.075000

22.389919	8.850000

22.392473	5.932000

22.395028	7.752000

22.397582	8.322000

22.400137	3.118000

22.402691	5.609000

22.405246	1.563000

22.407800	3.535000

22.410355	8.616000

22.412909	8.240000

22.415464	8.839000

22.418018	8.665000

22.420573	6.767000

22.423127	8.032000

22.425682	8.091000

22.428236	0.000000

22.430791	8.542000

22.433345	6.031000

22.435899	8.302000

22.438454	9.220000

22.441008	9.982000

22.443563	10.568000

22.446117	10.861000

22.448672	10.835000

22.451226	11.160000

22.453781	10.910000

22.456335	11.402000

22.458890	10.954000

22.461444	11.153000

22.463999	11.347000

22.466553	10.973000

22.469108	10.738000

22.471662	10.399000

22.474216	9.939000

22.476771	10.793000

22.479325	10.879000

22.481880	9.216000

22.484434	8.861000

22.486989	7.323000

22.489543	7.195000

22.492098	8.066000

22.494652	8.041000

22.497207	7.286000

22.499761	6.369000

22.502316	7.142000

22.504870	5.844000

22.507425	5.447000

22.509979	8.680000

22.512534	9.445000

22.515088	9.779000

22.517642	9.681000

22.520197	9.028000

22.522751	8.649000

22.525306	9.969000

22.527860	9.569000

22.530415	9.467000

22.532969	9.487000

22.535524	9.267000

22.538078	9.933000

22.540633	9.988000

22.543187	9.381000

22.545742	9.020000

22.548296	8.715000

22.550851	6.013000

22.553405	6.509000

22.555959	6.043000

22.558514	7.903000

22.561068	9.492000

22.563623	9.226000

22.566177	8.399000

22.568732	8.294000

22.571286	7.930000

22.573841	5.222000

22.576395	5.300000

22.578950	6.104000

22.581504	6.867000

22.584059	3.114000

22.586613	1.698000

22.589168	7.713000

22.591722	7.154000

22.594277	8.922000

22.596831	7.358000

22.599385	8.797000

22.601940	9.084000

22.604494	7.890000

22.607049	5.321000

22.609603	4.875000

22.612158	5.606000

22.614712	6.812000

22.617267	6.911000

22.619821	4.976000

22.622376	7.234000

22.624930	1.531000

22.627485	4.587000

22.630039	7.104000

22.632594	5.084000

22.635148	8.277000

22.637702	7.873000

22.640257	8.423000

22.642811	7.378000

22.645366	5.924000

22.647920	4.843000

22.650475	4.776000

22.653029	7.484000

22.655584	0.306000

22.658138	7.679000

22.660693	9.390000

22.663247	7.743000

22.665802	6.903000

22.668356	5.390000

22.670911	7.680000

22.673465	7.210000

22.676020	6.840000

22.678574	6.366000

22.681128	0.000000

22.683683	6.705000

22.686237	7.183000

22.688792	8.011000

22.691346	7.875000

22.693901	6.802000

22.696455	9.408000

22.699010	10.304000

22.701564	10.370000

22.704119	10.698000

22.706673	10.571000

22.709228	11.006000

22.711782	10.629000

22.714337	9.804000

22.716891	9.474000

22.719445	9.595000

22.722000	10.624000

22.724554	11.007000

22.727109	10.960000

22.729663	10.508000

22.732218	10.529000

22.734772	10.532000

22.737327	11.090000

22.739881	10.455000

22.742436	10.317000

22.744990	9.604000

22.747545	8.828000

22.750099	9.291000

22.752654	5.769000

22.755208	5.710000

22.757763	8.422000

22.760317	8.429000

22.762871	9.181000

22.765426	9.513000

22.767980	7.881000

22.770535	7.547000

22.773089	3.681000

22.775644	7.794000

22.778198	7.671000

22.780753	7.827000

22.783307	7.104000

22.785862	3.985000

22.788416	2.063000

22.790971	6.991000

22.793525	7.377000

22.796080	3.115000

22.798634	6.674000

22.801188	5.370000

22.803743	7.513000

22.806297	3.876000

22.808852	8.343000

22.811406	8.316000

22.813961	9.307000

22.816515	5.454000

22.819070	4.966000

22.821624	6.646000

22.824179	7.233000

22.826733	7.542000

22.829288	8.456000

22.831842	7.038000

22.834397	7.872000

22.836951	8.873000

22.839506	9.850000

22.842060	9.694000

22.844614	10.666000

22.847169	10.305000

22.849723	10.391000

22.852278	10.041000

22.854832	9.988000

22.857387	10.140000

22.859941	10.729000

22.862496	10.803000

22.865050	10.174000

22.867605	9.414000

22.870159	9.434000

22.872714	9.896000

22.875268	10.569000

22.877823	10.375000

22.880377	10.196000

22.882931	9.280000

22.885486	8.108000

22.888040	6.377000

22.890595	3.497000

22.893149	6.608000

22.895704	6.624000

22.898258	6.081000

22.900813	8.926000

22.903367	9.398000

22.905922	10.238000

22.908476	9.735000

22.911031	9.121000

22.913585	8.766000

22.916140	8.860000

22.918694	8.295000

22.921249	6.679000

22.923803	9.044000

22.926357	9.148000

22.928912	9.481000

22.931466	8.123000

22.934021	8.974000

22.936575	6.990000

22.939130	7.113000

22.941684	7.924000

22.944239	5.709000

22.946793	7.350000

22.949348	8.124000

22.951902	7.999000

22.954457	8.836000

22.957011	9.505000

22.959566	9.063000

22.962120	10.248000

22.964674	10.936000

22.967229	10.858000

22.969783	11.008000

22.972338	10.091000

22.974892	10.522000

22.977447	10.161000

22.980001	9.858000

22.982556	9.015000

22.985110	8.524000

22.987665	7.569000

22.990219	7.696000

22.992774	2.360000

22.995328	6.209000

22.997883	2.565000

23.000437	7.536000

23.002992	4.887000

23.005546	7.586000

23.008100	4.042000

23.010655	7.990000

23.013209	9.430000

23.015764	9.725000

23.018318	10.041000

23.020873	10.503000

23.023427	9.409000

23.025982	8.102000

23.028536	5.350000

23.031091	9.634000

23.033645	8.604000

23.036200	8.642000

23.038754	8.088000

23.041309	8.007000

23.043863	8.537000

23.046417	8.780000

23.048972	9.226000

23.051526	7.555000

23.054081	7.783000

23.056635	7.985000

23.059190	8.731000

23.061744	8.698000

23.064299	8.785000

23.066853	7.681000

23.069408	8.766000

23.071962	7.860000

23.074517	6.271000

23.077071	6.648000

23.079626	7.730000

23.082180	7.709000

23.084735	7.518000

23.087289	7.191000

23.089843	8.875000

23.092398	8.942000

23.094952	9.604000

23.097507	9.958000

23.100061	9.722000

23.102616	10.464000

23.105170	10.590000

23.107725	10.646000

23.110279	11.192000

23.112834	11.054000

23.115388	10.681000

23.117943	10.279000

23.120497	9.750000

23.123052	9.363000

23.125606	9.952000

23.128160	9.533000

23.130715	10.041000

23.133269	9.921000

23.135824	9.470000

23.138378	8.764000

23.140933	10.026000

23.143487	10.847000

23.146042	10.313000

23.148596	10.304000

23.151151	10.735000

23.153705	10.326000

23.156260	8.859000

23.158814	8.690000

23.161369	9.271000

23.163923	9.777000

23.166478	8.751000

23.169032	7.131000

23.171586	7.966000

23.174141	9.281000

23.176695	7.751000

23.179250	4.611000

23.181804	6.701000

23.184359	9.851000

23.186913	9.843000

23.189468	10.337000

23.192022	10.062000

23.194577	10.587000

23.197131	10.519000

23.199686	10.138000

23.202240	10.452000

23.204795	10.950000

23.207349	10.403000

23.209903	9.643000

23.212458	9.350000

23.215012	8.661000

23.217567	10.036000

23.220121	9.962000

23.222676	9.238000

23.225230	8.114000

23.227785	7.152000

23.230339	8.840000

23.232894	5.088000

23.235448	4.113000

23.238003	4.474000

23.240557	7.615000

23.243112	8.993000

23.245666	8.811000

23.248221	8.630000

23.250775	8.521000

23.253329	7.539000

23.255884	4.176000

23.258438	2.994000

23.260993	5.159000

23.263547	5.725000

23.266102	1.472000

23.268656	5.654000

23.271211	7.403000

23.273765	5.388000

23.276320	7.997000

23.278874	8.668000

23.281429	7.619000

23.283983	4.250000

23.286538	3.741000

23.289092	5.515000

23.291646	5.840000

23.294201	6.196000

23.296755	6.461000

23.299310	9.134000

23.301864	9.052000

23.304419	4.048000

23.306973	8.325000

23.309528	7.274000

23.312082	8.761000

23.314637	7.108000

23.317191	7.871000

23.319746	8.882000

23.322300	8.173000

23.324855	8.497000

23.327409	9.660000

23.329964	8.003000

23.332518	7.363000

23.335072	8.351000

23.337627	6.540000

23.340181	8.607000

23.342736	7.665000

23.345290	7.816000

23.347845	9.306000

23.350399	0.165000

23.352954	7.474000

23.355508	7.755000

23.358063	9.379000

23.360617	7.611000

23.363172	7.171000

23.365726	6.211000

23.368281	7.562000

23.370835	8.022000

23.373389	9.057000

23.375944	7.776000

23.378498	7.664000

23.381053	9.407000

23.383607	8.090000

23.386162	8.449000

23.388716	10.077000

23.391271	10.302000

23.393825	11.295000

23.396380	11.399000

23.398934	11.093000

23.401489	11.148000

23.404043	10.844000

23.406598	10.859000

23.409152	11.017000

23.411707	10.582000

23.414261	9.831000

23.416815	9.178000

23.419370	9.853000

23.421924	9.180000

23.424479	7.521000

23.427033	9.584000

23.429588	9.350000

23.432142	4.157000

23.434697	3.305000

23.437251	8.290000

23.439806	9.125000

23.442360	9.477000

23.444915	9.475000

23.447469	9.273000

23.450024	8.405000

23.452578	8.827000

23.455132	8.536000

23.457687	6.941000

23.460241	3.310000

23.462796	4.428000

23.465350	0.224000

23.467905	3.870000

23.470459	4.421000

23.473014	6.123000

23.475568	8.709000

23.478123	8.547000

23.480677	8.936000

23.483232	9.151000

23.485786	9.722000

23.488341	9.199000

23.490895	9.854000

23.493450	7.946000

23.496004	9.371000

23.498558	9.250000

23.501113	8.802000

23.503667	5.288000

23.506222	6.139000

23.508776	7.806000

23.511331	9.035000

23.513885	8.640000

23.516440	9.573000

23.518994	8.947000

23.521549	8.888000

23.524103	9.718000

23.526658	9.592000

23.529212	9.736000

23.531767	10.123000

23.534321	9.958000

23.536875	10.650000

23.539430	10.166000

23.541984	9.262000

23.544539	8.361000

23.547093	9.819000

23.549648	9.874000

23.552202	9.902000

23.554757	8.771000

23.557311	7.458000

23.559866	1.013000

23.562420	8.730000

23.564975	9.270000

23.567529	10.147000

23.570084	10.438000

23.572638	10.747000

23.575193	10.721000

23.577747	10.016000

23.580301	10.464000

23.582856	11.100000

23.585410	10.861000

23.587965	10.765000

23.590519	10.581000

23.593074	10.631000

23.595628	10.837000

23.598183	10.928000

23.600737	11.065000

23.603292	11.407000

23.605846	10.759000

23.608401	10.598000

23.610955	10.246000

23.613510	9.617000

23.616064	8.469000

23.618618	7.769000

23.621173	9.991000

23.623727	10.327000

23.626282	8.989000

23.628836	5.123000

23.631391	1.281000

23.633945	3.010000

23.636500	5.884000

23.639054	7.449000

23.641609	6.661000

23.644163	8.515000

23.646718	9.454000

23.649272	9.946000

23.651827	10.235000

23.654381	10.782000

23.656936	10.288000

23.659490	9.678000

23.662044	9.694000

23.664599	10.103000

23.667153	10.557000

23.669708	10.790000

23.672262	10.023000

23.674817	10.116000

23.677371	10.018000

23.679926	8.609000

23.682480	8.703000

23.685035	8.727000

23.687589	7.615000

23.690144	6.649000

23.692698	5.972000

23.695253	4.734000

23.697807	7.744000

23.700361	4.233000

23.702916	5.140000

23.705470	7.355000

23.708025	2.754000

23.710579	3.967000

23.713134	7.109000

23.715688	7.447000

23.718243	8.253000

23.720797	7.453000

23.723352	1.081000

23.725906	5.510000

23.728461	6.576000

23.731015	5.422000

23.733570	7.602000

23.736124	9.896000

23.738679	9.349000

23.741233	8.979000

23.743787	7.108000

23.746342	7.310000

23.748896	4.952000

23.751451	4.615000

23.754005	5.976000

23.756560	8.396000

23.759114	9.379000

23.761669	9.760000

23.764223	8.911000

23.766778	9.245000

23.769332	9.858000

23.771887	10.673000

23.774441	10.395000

23.776996	10.894000

23.779550	10.788000

23.782104	10.736000

23.784659	10.807000

23.787213	11.054000

23.789768	11.091000

23.792322	11.729000

23.794877	11.560000

23.797431	11.595000

23.799986	11.619000

23.802540	11.521000

23.805095	11.670000

23.807649	11.523000

23.810204	11.360000

23.812758	11.326000

23.815313	11.347000

23.817867	11.395000

23.820422	11.148000

23.822976	11.105000

23.825530	11.046000

23.828085	11.030000

23.830639	10.997000

23.833194	11.148000

23.835748	10.903000

23.838303	10.813000

23.840857	10.719000

23.843412	10.717000

23.845966	10.150000

23.848521	8.786000

23.851075	10.295000

23.853630	10.502000

23.856184	10.940000

23.858739	10.561000

23.861293	10.394000

23.863848	10.372000

23.866402	9.049000

23.868956	8.785000

23.871511	8.010000

23.874065	8.335000

23.876620	7.580000

23.879174	5.790000

23.881729	6.029000

23.884283	6.989000

23.886838	5.585000

23.889392	8.013000

23.891947	9.037000

23.894501	6.764000

23.897056	8.213000

23.899610	6.753000

23.902165	7.254000

23.904719	7.933000

23.907273	4.081000

23.909828	0.633000

23.912382	5.026000

23.914937	7.080000

23.917491	7.803000

23.920046	9.449000

23.922600	9.576000

23.925155	10.242000

23.927709	10.158000

23.930264	9.406000

23.932818	10.122000

23.935373	10.179000

23.937927	10.209000

23.940482	9.757000

23.943036	9.337000

23.945591	9.765000

23.948145	8.832000

23.950699	9.918000

23.953254	10.450000

23.955808	10.369000

23.958363	10.235000

23.960917	9.404000

23.963472	5.430000

23.966026	4.277000

23.968581	8.722000

23.971135	9.064000

23.973690	5.755000

23.976244	7.384000

23.978799	5.982000

23.981353	4.921000

23.983908	3.858000

23.986462	5.554000

23.989016	2.692000

23.991571	4.769000

23.994125	6.494000

23.996680	2.516000

23.999234	5.625000

24.001789	7.064000

24.004343	8.838000

24.006898	10.205000

24.009452	10.347000

24.012007	10.571000

24.014561	10.538000

24.017116	9.169000

24.019670	9.358000

24.022225	9.843000

24.024779	8.533000

24.027334	8.334000

24.029888	7.214000

24.032442	7.984000

24.034997	7.531000

24.037551	7.773000

24.040106	7.402000

24.042660	0.000000

24.045215	6.764000

24.047769	7.044000

24.050324	7.736000

24.052878	8.247000

24.055433	8.939000

24.057987	4.305000

24.060542	6.073000

24.063096	4.866000

24.065651	5.980000

24.068205	3.698000

24.070759	7.487000

24.073314	8.047000

24.075868	7.913000

24.078423	2.970000

24.080977	5.059000

24.083532	0.000000

24.086086	5.067000

24.088641	1.735000

24.091195	7.029000

24.093750	8.637000

24.096304	9.065000

24.098859	8.595000

24.101413	10.303000

24.103968	10.110000

24.106522	10.413000

24.109077	10.434000

24.111631	11.185000

24.114185	10.556000

24.116740	10.222000

24.119294	9.675000

24.121849	9.597000

24.124403	10.215000

24.126958	9.998000

24.129512	9.544000

24.132067	8.616000

24.134621	8.364000

24.137176	7.829000

24.139730	7.582000

24.142285	8.504000

24.144839	8.032000

24.147394	6.588000

24.149948	7.247000

24.152502	4.920000

24.155057	8.424000

24.157611	8.112000

24.160166	9.141000

24.162720	7.594000

24.165275	7.451000

24.167829	7.763000

24.170384	7.681000

24.172938	8.990000

24.175493	9.922000

24.178047	10.581000

24.180602	10.767000

24.183156	10.703000

24.185711	9.641000

24.188265	10.859000

24.190820	11.209000

24.193374	10.923000

24.195928	11.042000

24.198483	10.769000

24.201037	10.811000

24.203592	10.454000

24.206146	10.752000

24.208701	10.778000

24.211255	11.348000

24.213810	10.805000

24.216364	9.782000

24.218919	8.404000

24.221473	8.091000

24.224028	8.020000

24.226582	8.658000

24.229137	8.687000

24.231691	7.556000

24.234245	8.096000

24.236800	5.076000

24.239354	4.154000

24.241909	7.208000

24.244463	8.316000

24.247018	7.232000

24.249572	7.207000

24.252127	7.870000

24.254681	8.856000

24.257236	7.542000

24.259790	4.235000

24.262345	7.420000

24.264899	7.555000

24.267454	8.003000

24.270008	8.950000

24.272563	8.703000

24.275117	9.779000

24.277671	9.586000

24.280226	4.010000

24.282780	4.366000

24.285335	6.879000

24.287889	9.157000

24.290444	9.937000

24.292998	9.463000

24.295553	10.325000

24.298107	10.319000

24.300662	10.659000

24.303216	10.388000

24.305771	11.275000

24.308325	11.194000

24.310880	11.342000

24.313434	11.823000

24.315988	11.485000

24.318543	11.552000

24.321097	11.273000

24.323652	10.970000

24.326206	10.974000

24.328761	11.123000

24.331315	10.158000

24.333870	9.595000

24.336424	9.185000

24.338979	9.309000

24.341533	10.031000

24.344088	9.973000

24.346642	11.114000

24.349197	10.443000

24.351751	10.324000

24.354306	10.053000

24.356860	10.016000

24.359414	10.027000

24.361969	9.923000

24.364523	9.862000

24.367078	10.276000

24.369632	9.905000

24.372187	9.022000

24.374741	9.283000

24.377296	9.756000

24.379850	10.834000

24.382405	10.504000

24.384959	8.854000

24.387514	9.025000

24.390068	5.086000

24.392623	6.475000

24.395177	6.200000

24.397731	8.248000

24.400286	7.830000

24.402840	7.144000

24.405395	4.022000

24.407949	6.391000

24.410504	8.509000

24.413058	3.906000

24.415613	4.544000

24.418167	8.681000

24.420722	9.164000

24.423276	10.075000

24.425831	9.198000

24.428385	0.000000

24.430940	8.390000

24.433494	7.686000

24.436049	7.582000

24.438603	8.440000

24.441157	9.479000

24.443712	7.716000

24.446266	7.746000

24.448821	6.657000

24.451375	7.095000

24.453930	7.483000

24.456484	9.304000

24.459039	8.089000

24.461593	2.787000

24.464148	6.362000

24.466702	7.595000

24.469257	7.769000

24.471811	6.245000

24.474366	1.501000

24.476920	5.869000

24.479474	7.009000

24.482029	6.873000

24.484583	5.989000

24.487138	9.300000

24.489692	9.039000

24.492247	8.506000

24.494801	9.203000

24.497356	9.864000

24.499910	9.632000

24.502465	9.153000

24.505019	8.425000

24.507574	8.562000

24.510128	6.180000

24.512683	5.844000

24.515237	8.222000

24.517792	5.726000

24.520346	3.290000

24.522900	6.512000

24.525455	4.601000

24.528009	7.644000

24.530564	6.174000

24.533118	3.682000

24.535673	4.449000

24.538227	8.309000

24.540782	7.567000

24.543336	7.007000

24.545891	8.765000

24.548445	9.443000

24.551000	9.883000

24.553554	11.081000

24.556109	11.498000

24.558663	11.583000

24.561217	11.840000

24.563772	11.326000

24.566326	10.881000

24.568881	11.196000

24.571435	11.583000

24.573990	11.596000

24.576544	11.713000

24.579099	11.470000

24.581653	10.980000

24.584208	10.426000

24.586762	10.675000

24.589317	10.630000

24.591871	10.547000

24.594426	10.316000

24.596980	9.129000

24.599535	6.231000

24.602089	2.998000

24.604643	4.018000

24.607198	6.647000

24.609752	7.104000

24.612307	0.000000

24.614861	8.908000

24.617416	9.756000

24.619970	8.675000

24.622525	9.400000

24.625079	9.089000

24.627634	7.764000

24.630188	7.875000

24.632743	8.676000

24.635297	8.983000

24.637852	10.403000

24.640406	10.644000

24.642960	10.586000

24.645515	10.995000

24.648069	11.080000

24.650624	10.198000

24.653178	10.479000

24.655733	10.285000

24.658287	9.897000

24.660842	9.213000

24.663396	9.476000

24.665951	9.066000

24.668505	8.797000

24.671060	9.428000

24.673614	8.960000

24.676169	9.409000

24.678723	8.881000

24.681278	8.423000

24.683832	7.327000

24.686386	5.236000

24.688941	4.125000

24.691495	7.614000

24.694050	4.889000

24.696604	3.316000

24.699159	7.336000

24.701713	7.577000

24.704268	5.815000

24.706822	9.236000

24.709377	7.756000

24.711931	8.739000

24.714486	8.759000

24.717040	10.214000

24.719595	10.014000

24.722149	10.103000

24.724703	9.777000

24.727258	10.363000

24.729812	10.330000

24.732367	10.378000

24.734921	10.648000

24.737476	10.040000

24.740030	10.380000

24.742585	10.592000

24.745139	10.614000

24.747694	10.580000

24.750248	9.970000

24.752803	10.368000

24.755357	10.646000

24.757912	10.056000

24.760466	9.678000

24.763021	10.259000

24.765575	10.422000

24.768129	10.781000

24.770684	10.724000

24.773238	11.271000

24.775793	10.945000

24.778347	10.434000

24.780902	10.887000

24.783456	11.185000

24.786011	11.463000

24.788565	11.698000

24.791120	11.543000

24.793674	11.291000

24.796229	10.898000

24.798783	9.220000

24.801338	9.663000

24.803892	9.176000

24.806446	8.120000

24.809001	8.552000

24.811555	0.000000

24.814110	6.660000

24.816664	9.054000

24.819219	8.835000

24.821773	8.340000

24.824328	8.165000

24.826882	9.766000

24.829437	9.654000

24.831991	9.751000

24.834546	10.091000

24.837100	9.358000

24.839655	8.128000

24.842209	6.362000

24.844764	7.429000

24.847318	8.429000

24.849872	9.473000

24.852427	9.951000

24.854981	8.945000

24.857536	8.689000

24.860090	9.129000

24.862645	9.725000

24.865199	9.755000

24.867754	10.147000

24.870308	10.128000

24.872863	10.961000

24.875417	11.333000

24.877972	11.589000

24.880526	11.771000

24.883081	11.914000

24.885635	12.056000

24.888189	11.792000

24.890744	11.201000

24.893298	11.383000

24.895853	11.491000

24.898407	12.106000

24.900962	11.965000

24.903516	11.812000

24.906071	11.407000

24.908625	11.112000

24.911180	10.747000

24.913734	10.516000

24.916289	10.214000

24.918843	10.330000

24.921398	9.708000

24.923952	9.890000

24.926507	9.987000

24.929061	10.231000

24.931615	8.954000

24.934170	10.125000

24.936724	9.299000

24.939279	9.832000

24.941833	9.031000

24.944388	9.327000

24.946942	8.936000

24.949497	8.498000

24.952051	8.953000

24.954606	8.121000

24.957160	8.754000

24.959715	8.763000

24.962269	8.329000

24.964824	9.091000

24.967378	8.646000

24.969932	8.542000

24.972487	6.321000

24.975041	3.982000

24.977596	4.092000

24.980150	5.427000

24.982705	8.404000

24.985259	9.840000

24.987814	8.886000

24.990368	9.444000

24.992923	9.129000

24.995477	8.726000

24.998032	6.473000

25.000586	8.587000

25.003141	8.348000

25.005695	9.281000

25.008250	9.485000

25.010804	9.693000

25.013358	10.205000

25.015913	10.216000

25.018467	9.267000

25.021022	8.699000

25.023576	9.473000

25.026131	9.193000

25.028685	8.449000

25.031240	8.870000

25.033794	8.947000

25.036349	9.074000

25.038903	8.287000

25.041458	8.216000

25.044012	0.000000

25.046567	6.403000

25.049121	3.546000

25.051675	6.530000

25.054230	7.943000

25.056784	8.077000

25.059339	6.878000

25.061893	4.187000

25.064448	6.099000

25.067002	8.022000

25.069557	8.346000

25.072111	9.854000

25.074666	9.937000

25.077220	11.083000

25.079775	11.429000

25.082329	11.548000

25.084884	11.735000

25.087438	11.381000

25.089993	11.804000

25.092547	11.646000

25.095101	11.748000

25.097656	12.038000

25.100210	12.169000

25.102765	12.084000

25.105319	11.994000

25.107874	12.411000

25.110428	12.201000

25.112983	12.213000

25.115537	11.732000

25.118092	11.792000

25.120646	11.540000

25.123201	11.590000

25.125755	11.097000

25.128310	10.616000

25.130864	10.746000

25.133418	9.937000

25.135973	9.670000

25.138527	10.177000

25.141082	10.229000

25.143636	10.691000

25.146191	10.525000

25.148745	10.159000

25.151300	8.746000

25.153854	8.634000

25.156409	8.260000

25.158963	8.243000

25.161518	6.291000

25.164072	6.217000

25.166627	5.310000

25.169181	2.388000

25.171736	6.022000

25.174290	5.305000

25.176844	7.830000

25.179399	7.287000

25.181953	8.279000

25.184508	5.345000

25.187062	8.933000

25.189617	7.129000

25.192171	4.613000

25.194726	6.197000

25.197280	7.982000

25.199835	4.235000

25.202389	5.083000

25.204944	6.312000

25.207498	7.438000

25.210053	5.875000

25.212607	8.049000

25.215161	6.873000

25.217716	1.996000

25.220270	7.131000

25.222825	8.561000

25.225379	8.411000

25.227934	3.286000

25.230488	7.565000

25.233043	4.984000

25.235597	0.000000

25.238152	6.146000

25.240706	2.695000

25.243261	8.964000

25.245815	9.216000

25.248370	9.835000

25.250924	9.982000

25.253479	10.142000

25.256033	10.766000

25.258587	9.923000

25.261142	8.855000

25.263696	8.088000

25.266251	9.293000

25.268805	9.221000

25.271360	8.677000

25.273914	9.869000

25.276469	10.042000

25.279023	9.578000

25.281578	9.845000

25.284132	9.224000

25.286687	7.808000

25.289241	6.447000

25.291796	7.166000

25.294350	7.553000

25.296904	7.804000

25.299459	6.358000

25.302013	6.590000

25.304568	7.436000

25.307122	9.150000

25.309677	7.419000

25.312231	7.827000

25.314786	8.391000

25.317340	8.416000

25.319895	8.232000

25.322449	9.022000

25.325004	8.785000

25.327558	8.714000

25.330113	10.017000

25.332667	10.847000

25.335222	11.206000

25.337776	11.549000

25.340330	11.686000

25.342885	11.402000

25.345439	10.863000

25.347994	10.628000

25.350548	9.704000

25.353103	10.577000

25.355657	9.091000

25.358212	8.491000

25.360766	9.217000

25.363321	9.258000

25.365875	9.071000

25.368430	8.989000

25.370984	9.256000

25.373539	7.631000

25.376093	4.815000

25.378647	4.228000

25.381202	8.002000

25.383756	8.384000

25.386311	9.512000

25.388865	9.368000

25.391420	9.077000

25.393974	8.887000

25.396529	9.172000

25.399083	7.290000

25.401638	7.106000

25.404192	8.312000

25.406747	8.724000

25.409301	8.327000

25.411856	8.992000

25.414410	9.466000

25.416965	9.768000

25.419519	9.250000

25.422073	8.453000

25.424628	8.190000

25.427182	8.074000

25.429737	8.098000

25.432291	6.755000

25.434846	2.908000

25.437400	6.155000

25.439955	6.737000

25.442509	8.387000

25.445064	9.512000

25.447618	8.736000

25.450173	9.097000

25.452727	9.267000

25.455282	9.518000

25.457836	7.936000

25.460390	8.629000

25.462945	6.898000

25.465499	6.719000

25.468054	6.152000

25.470608	3.835000

25.473163	0.000000

25.475717	7.750000

25.478272	6.537000

25.480826	0.000000

25.483381	8.681000

25.485935	9.669000

25.488490	10.036000

25.491044	9.852000

25.493599	10.317000

25.496153	10.545000

25.498708	10.693000

25.501262	10.101000

25.503816	10.006000

25.506371	10.087000

25.508925	10.671000

25.511480	10.954000

25.514034	10.372000

25.516589	10.048000

25.519143	9.170000

25.521698	9.574000

25.524252	10.401000

25.526807	10.347000

25.529361	10.307000

25.531916	10.827000

25.534470	10.966000

25.537025	10.800000

25.539579	10.479000

25.542133	9.599000

25.544688	8.811000

25.547242	9.074000

25.549797	7.860000

25.552351	7.522000

25.554906	8.419000

25.557460	9.249000

25.560015	9.283000

25.562569	9.729000

25.565124	10.957000

25.567678	10.843000

25.570233	10.137000

25.572787	9.088000

25.575342	9.627000

25.577896	8.486000

25.580451	7.326000

25.583005	7.949000

25.585559	8.607000

25.588114	9.455000

25.590668	10.301000

25.593223	10.736000

25.595777	11.336000

25.598332	11.078000

25.600886	10.874000

25.603441	10.267000

25.605995	10.143000

25.608550	7.921000

25.611104	8.846000

25.613659	9.827000

25.616213	10.020000

25.618768	7.796000

25.621322	9.119000

25.623877	9.386000

25.626431	9.584000

25.628985	10.001000

25.631540	10.288000

25.634094	10.211000

25.636649	10.120000

25.639203	8.994000

25.641758	8.875000

25.644312	8.046000

25.646867	9.610000

25.649421	9.793000

25.651976	10.108000

25.654530	9.101000

25.657085	8.319000

25.659639	8.146000

25.662194	8.880000

25.664748	9.207000

25.667302	9.250000

25.669857	9.023000

25.672411	9.824000

25.674966	8.459000

25.677520	6.572000

25.680075	3.669000

25.682629	0.660000

25.685184	7.946000

25.687738	4.617000

25.690293	6.221000

25.692847	4.177000

25.695402	8.186000

25.697956	5.570000

25.700511	5.782000

25.703065	6.562000

25.705620	6.750000

25.708174	8.705000

25.710728	8.917000

25.713283	8.777000

25.715837	10.220000

25.718392	10.136000

25.720946	10.216000

25.723501	10.334000

25.726055	10.028000

25.728610	9.242000

25.731164	9.640000

25.733719	11.038000

25.736273	10.989000

25.738828	9.786000

25.741382	9.776000

25.743937	8.650000

25.746491	9.038000

25.749045	9.278000

25.751600	6.900000

25.754154	8.471000

25.756709	5.017000

25.759263	7.179000

25.761818	9.247000

25.764372	8.847000

25.766927	9.409000

25.769481	9.568000

25.772036	9.078000

25.774590	9.678000

25.777145	10.511000

25.779699	10.602000

25.782254	9.328000

25.784808	9.236000

25.787363	7.011000

25.789917	9.254000

25.792471	9.632000

25.795026	8.893000

25.797580	9.957000

25.800135	9.863000

25.802689	9.695000

25.805244	8.581000

25.807798	8.695000

25.810353	7.314000

25.812907	8.423000

25.815462	9.923000

25.818016	9.511000

25.820571	9.187000

25.823125	9.411000

25.825680	10.238000

25.828234	9.966000

25.830788	9.958000

25.833343	10.027000

25.835897	9.568000

25.838452	9.414000

25.841006	8.467000

25.843561	6.392000

25.846115	9.355000

25.848670	9.777000

25.851224	10.293000

25.853779	10.901000

25.856333	10.313000

25.858888	10.004000

25.861442	10.625000

25.863997	10.584000

25.866551	10.632000

25.869106	10.286000

25.871660	10.419000

25.874214	9.970000

25.876769	9.358000

25.879323	10.653000

25.881878	11.121000

25.884432	11.372000

25.886987	11.481000

25.889541	10.274000

25.892096	9.897000

25.894650	10.353000

25.897205	10.647000

25.899759	10.844000

25.902314	10.843000

25.904868	10.336000

25.907423	10.559000

25.909977	10.424000

25.912531	10.486000

25.915086	9.781000

25.917640	10.519000

25.920195	10.954000

25.922749	10.374000

25.925304	9.526000

25.927858	8.695000

25.930413	8.887000

25.932967	7.879000

25.935522	8.607000

25.938076	8.760000

25.940631	6.232000

25.943185	5.819000

25.945740	0.297000

25.948294	6.448000

25.950849	5.989000

25.953403	2.101000

25.955957	5.798000

25.958512	3.527000

25.961066	6.489000

25.963621	6.783000

25.966175	8.337000

25.968730	6.465000

25.971284	4.859000

25.973839	8.594000

25.976393	7.611000

25.978948	8.538000

25.981502	9.125000

25.984057	9.376000

25.986611	8.950000

25.989166	8.791000

25.991720	7.681000

25.994274	8.573000

25.996829	9.091000

25.999383	7.487000

26.001938	4.982000

26.004492	6.950000

26.007047	6.641000

26.009601	8.069000

26.012156	8.355000

26.014710	9.581000

26.017265	10.028000

26.019819	10.256000

26.022374	10.370000

26.024928	9.477000

26.027483	9.336000

26.030037	8.906000

26.032592	9.028000

26.035146	8.715000

26.037700	9.221000

26.040255	9.963000

26.042809	10.099000

26.045364	9.532000

26.047918	9.673000

26.050473	8.974000

26.053027	8.663000

26.055582	7.872000

26.058136	1.765000

26.060691	3.995000

26.063245	8.121000

26.065800	8.638000

26.068354	10.293000

26.070909	10.375000

26.073463	9.249000

26.076017	9.552000

26.078572	9.126000

26.081126	7.040000

26.083681	9.053000

26.086235	8.843000

26.088790	9.732000

26.091344	10.065000

26.093899	10.628000

26.096453	11.628000

26.099008	11.509000

26.101562	12.041000

26.104117	11.939000

26.106671	11.853000

26.109226	11.875000

26.111780	11.792000

26.114335	11.682000

26.116889	11.789000

26.119443	11.457000

26.121998	11.894000

26.124552	12.205000

26.127107	11.537000

26.129661	11.698000

26.132216	11.609000

26.134770	10.491000

26.137325	9.335000

26.139879	7.611000

26.142434	8.452000

26.144988	7.198000

26.147543	7.974000

26.150097	4.696000

26.152652	7.566000

26.155206	9.266000

26.157760	4.890000

26.160315	2.935000

26.162869	0.531000

26.165424	6.746000

26.167978	8.953000

26.170533	9.420000

26.173087	8.560000

26.175642	7.410000

26.178196	10.473000

26.180751	10.752000

26.183305	10.952000

26.185860	11.113000

26.188414	11.193000

26.190969	11.369000

26.193523	11.759000

26.196078	11.767000

26.198632	12.074000

26.201186	11.946000

26.203741	11.895000

26.206295	12.226000

26.208850	11.935000

26.211404	11.539000

26.213959	11.455000

26.216513	11.336000

26.219068	11.620000

26.221622	11.364000

26.224177	11.297000

26.226731	10.778000

26.229286	10.582000

26.231840	10.730000

26.234395	10.440000

26.236949	9.902000

26.239503	10.681000

26.242058	10.203000

26.244612	9.654000

26.247167	10.633000

26.249721	10.023000

26.252276	10.289000

26.254830	10.546000

26.257385	10.400000

26.259939	10.017000

26.262494	9.008000

26.265048	8.418000

26.267603	8.534000

26.270157	10.097000

26.272712	9.153000

26.275266	7.754000

26.277821	9.025000

26.280375	9.713000

26.282929	8.960000

26.285484	9.482000

26.288038	9.286000

26.290593	7.970000

26.293147	9.122000

26.295702	8.670000

26.298256	8.600000

26.300811	9.250000

26.303365	9.854000

26.305920	9.209000

26.308474	9.389000

26.311029	9.460000

26.313583	8.465000

26.316138	9.345000

26.318692	9.225000

26.321246	8.201000

26.323801	5.545000

26.326355	8.186000

26.328910	8.673000

26.331464	9.751000

26.334019	9.932000

26.336573	10.052000

26.339128	9.599000

26.341682	9.903000

26.344237	9.379000

26.346791	8.855000

26.349346	10.565000

26.351900	9.946000

26.354455	9.985000

26.357009	9.012000

26.359564	9.191000

26.362118	8.356000

26.364672	7.232000

26.367227	6.665000

26.369781	4.167000

26.372336	6.999000

26.374890	7.582000

26.377445	5.102000

26.379999	8.347000

26.382554	8.398000

26.385108	9.809000

26.387663	8.559000

26.390217	7.479000

26.392772	8.987000

26.395326	7.232000

26.397881	8.636000

26.400435	8.716000

26.402989	8.290000

26.405544	7.838000

26.408098	2.990000

26.410653	3.663000

26.413207	6.637000

26.415762	5.054000

26.418316	4.317000

26.420871	8.303000

26.423425	9.127000

26.425980	9.828000

26.428534	8.335000

26.431089	9.851000

26.433643	9.867000

26.436198	9.822000

26.438752	9.253000

26.441307	8.662000

26.443861	8.401000

26.446415	8.823000

26.448970	8.078000

26.451524	8.962000

26.454079	8.150000

26.456633	7.419000

26.459188	9.294000

26.461742	9.971000

26.464297	9.799000

26.466851	9.188000

26.469406	1.729000

26.471960	6.635000

26.474515	6.983000

26.477069	6.514000

26.479624	2.887000

26.482178	8.497000

26.484732	9.005000

26.487287	8.413000

26.489841	8.666000

26.492396	8.127000

26.494950	5.698000

26.497505	7.488000

26.500059	6.944000

26.502614	5.672000

26.505168	8.004000

26.507723	8.712000

26.510277	9.274000

26.512832	8.604000

26.515386	1.775000

26.517941	7.846000

26.520495	8.676000

26.523050	9.663000

26.525604	10.244000

26.528158	10.482000

26.530713	9.660000

26.533267	9.923000

26.535822	9.825000

26.538376	8.016000

26.540931	8.825000

26.543485	9.617000

26.546040	9.777000

26.548594	9.941000

26.551149	9.690000

26.553703	10.349000

26.556258	10.715000

26.558812	11.094000

26.561367	10.992000

26.563921	10.232000

26.566475	10.094000

26.569030	8.918000

26.571584	9.800000

26.574139	10.587000

26.576693	10.579000

26.579248	10.761000

26.581802	10.505000

26.584357	8.328000

26.586911	7.017000

26.589466	7.557000

26.592020	7.629000

26.594575	8.552000

26.597129	7.593000

26.599684	8.146000

26.602238	8.009000

26.604793	7.347000

26.607347	8.613000

26.609901	7.176000

26.612456	8.465000

26.615010	7.305000

26.617565	7.857000

26.620119	8.373000

26.622674	9.288000

26.625228	9.653000

26.627783	9.406000

26.630337	9.094000

26.632892	9.247000

26.635446	9.455000

26.638001	8.148000

26.640555	2.024000

26.643110	6.024000

26.645664	7.413000

26.648218	5.234000

26.650773	7.669000

26.653327	9.369000

26.655882	10.218000

26.658436	10.086000

26.660991	10.290000

26.663545	10.177000

26.666100	9.408000

26.668654	9.712000

26.671209	11.262000

26.673763	11.544000

26.676318	11.859000

26.678872	11.891000

26.681427	12.208000

26.683981	12.662000

26.686536	12.416000

26.689090	12.162000

26.691644	11.793000

26.694199	11.948000

26.696753	11.963000

26.699308	11.752000

26.701862	11.721000

26.704417	11.494000

26.706971	11.486000

26.709526	11.504000

26.712080	11.456000

26.714635	10.979000

26.717189	10.920000

26.719744	10.758000

26.722298	10.949000

26.724853	11.086000

26.727407	10.439000

26.729961	11.004000

26.732516	11.393000

26.735070	11.799000

26.737625	11.302000

26.740179	11.361000

26.742734	11.407000

26.745288	11.408000

26.747843	11.600000

26.750397	11.475000

26.752952	11.552000

26.755506	11.778000

26.758061	12.122000

26.760615	11.942000

26.763170	11.509000

26.765724	11.451000

26.768279	10.932000

26.770833	10.730000

26.773387	10.100000

26.775942	10.396000

26.778496	9.736000

26.781051	9.771000

26.783605	8.780000

26.786160	8.494000

26.788714	5.601000

26.791269	5.775000

26.793823	1.690000

26.796378	8.723000

26.798932	9.820000

26.801487	10.390000

26.804041	9.499000

26.806596	9.291000

26.809150	10.361000

26.811704	9.899000

26.814259	9.757000

26.816813	9.421000

26.819368	9.844000

26.821922	9.437000

26.824477	9.700000

26.827031	9.371000

26.829586	9.249000

26.832140	7.316000

26.834695	6.790000

26.837249	8.247000

26.839804	6.460000

26.842358	7.427000

26.844913	8.162000

26.847467	9.076000

26.850022	9.943000

26.852576	10.165000

26.855130	10.040000

26.857685	9.902000

26.860239	10.149000

26.862794	9.940000

26.865348	10.020000

26.867903	9.748000

26.870457	9.502000

26.873012	9.984000

26.875566	9.696000

26.878121	10.223000

26.880675	10.553000

26.883230	9.785000

26.885784	9.682000

26.888339	9.641000

26.890893	10.014000

26.893447	8.634000

26.896002	7.856000

26.898556	8.899000

26.901111	7.839000

26.903665	7.791000

26.906220	7.339000

26.908774	8.886000

26.911329	5.053000

26.913883	4.381000

26.916438	2.470000

26.918992	5.103000

26.921547	0.686000

26.924101	8.542000

26.926656	7.437000

26.929210	8.562000

26.931765	8.820000

26.934319	9.162000

26.936873	7.642000

26.939428	9.183000

26.941982	9.609000

26.944537	9.306000

26.947091	9.854000

26.949646	8.361000

26.952200	8.426000

26.954755	7.786000

26.957309	7.965000

26.959864	6.862000

26.962418	9.486000

26.964973	8.676000

26.967527	9.898000

26.970082	9.332000

26.972636	8.095000

26.975190	7.570000

26.977745	6.848000

26.980299	7.050000

26.982854	5.469000

26.985408	5.862000

26.987963	7.596000

26.990517	8.711000

26.993072	9.268000

26.995626	9.087000

26.998181	9.529000

27.000735	10.234000

27.003290	10.193000

27.005844	11.303000

27.008399	10.979000

27.010953	11.031000

27.013508	10.230000

27.016062	8.080000

27.018616	7.653000

27.021171	7.797000

27.023725	8.313000

27.026280	8.746000

27.028834	6.281000

27.031389	7.761000

27.033943	6.070000

27.036498	7.029000

27.039052	8.984000

27.041607	9.406000

27.044161	9.285000

27.046716	9.045000

27.049270	8.874000

27.051825	9.373000

27.054379	9.331000

27.056933	10.439000

27.059488	11.040000

27.062042	11.068000

27.064597	11.346000

27.067151	11.280000

27.069706	10.982000

27.072260	11.299000

27.074815	10.792000

27.077369	10.422000

27.079924	10.348000

27.082478	9.953000

27.085033	10.516000

27.087587	10.574000

27.090142	10.918000

27.092696	10.300000

27.095251	10.007000

27.097805	10.282000

27.100359	10.273000

27.102914	10.507000

27.105468	10.758000

27.108023	10.395000

27.110577	10.517000

27.113132	10.367000

27.115686	10.564000

27.118241	10.408000

27.120795	10.449000

27.123350	10.909000

27.125904	10.814000

27.128459	10.564000

27.131013	9.573000

27.133568	9.744000

27.136122	9.351000

27.138676	9.549000

27.141231	10.358000

27.143785	10.044000

27.146340	10.115000

27.148894	9.918000

27.151449	8.575000

27.154003	9.035000

27.156558	9.733000

27.159112	9.506000

27.161667	10.317000

27.164221	10.731000

27.166776	10.743000

27.169330	10.997000

27.171885	10.562000

27.174439	11.059000

27.176994	11.258000

27.179548	11.315000

27.182102	10.817000

27.184657	9.366000

27.187211	9.825000

27.189766	9.916000

27.192320	9.363000

27.194875	10.713000

27.197429	10.431000

27.199984	9.934000

27.202538	10.223000

27.205093	9.672000

27.207647	9.764000

27.210202	9.116000

27.212756	9.822000

27.215311	9.728000

27.217865	10.012000

27.220419	9.824000

27.222974	10.611000

27.225528	11.179000

27.228083	11.621000

27.230637	11.233000

27.233192	10.797000

27.235746	10.894000

27.238301	10.617000

27.240855	10.017000

27.243410	10.175000

27.245964	10.386000

27.248519	10.603000

27.251073	10.215000

27.253628	9.903000

27.256182	9.082000

27.258737	9.319000

27.261291	9.224000

27.263845	8.016000

27.266400	1.630000

27.268954	5.470000

27.271509	5.248000

27.274063	2.339000

27.276618	6.420000

27.279172	4.243000

27.281727	6.135000

27.284281	6.602000

27.286836	8.292000

27.289390	9.078000

27.291945	9.449000

27.294499	9.246000

27.297054	9.496000

27.299608	9.973000

27.302163	9.255000

27.304717	9.395000

27.307271	8.845000

27.309826	6.902000

27.312380	5.876000

27.314935	6.713000

27.317489	5.499000

27.320044	5.043000

27.322598	7.295000

27.325153	8.288000

27.327707	9.868000

27.330262	10.770000

27.332816	10.499000

27.335371	11.034000

27.337925	11.143000

27.340480	11.253000

27.343034	10.783000

27.345588	10.142000

27.348143	9.622000

27.350697	7.141000

27.353252	5.389000

27.355806	7.670000

27.358361	7.928000

27.360915	7.284000

27.363470	8.243000

27.366024	8.853000

27.368579	9.485000

27.371133	9.650000

27.373688	9.975000

27.376242	10.089000

27.378797	10.432000

27.381351	10.242000

27.383906	10.225000

27.386460	9.787000

27.389014	8.772000

27.391569	9.158000

27.394123	4.522000

27.396678	8.202000

27.399232	9.260000

27.401787	7.113000

27.404341	8.440000

27.406896	5.176000

27.409450	5.046000

27.412005	6.776000

27.414559	5.762000

27.417114	7.909000

27.419668	7.067000

27.422223	8.788000

27.424777	9.548000

27.427331	9.828000

27.429886	8.534000

27.432440	9.580000

27.434995	8.560000

27.437549	10.086000

27.440104	10.495000

27.442658	10.448000

27.445213	8.555000

27.447767	10.100000

27.450322	9.187000

27.452876	9.389000

27.455431	10.238000

27.457985	9.363000

27.460540	8.800000

27.463094	9.441000

27.465649	9.723000

27.468203	7.789000

27.470757	3.043000

27.473312	7.619000

27.475866	5.808000

27.478421	6.119000

27.480975	6.405000

27.483530	6.583000

27.486084	7.937000

27.488639	8.493000

27.491193	2.963000

27.493748	8.212000

27.496302	8.866000

27.498857	9.358000

27.501411	8.971000

27.503966	6.130000

27.506520	7.348000

27.509074	9.190000

27.511629	6.765000

27.514183	7.681000

27.516738	9.399000

27.519292	9.506000

27.521847	9.701000

27.524401	10.509000

27.526956	10.318000

27.529510	10.441000

27.532065	10.048000

27.534619	9.920000

27.537174	9.715000

27.539728	10.212000

27.542283	10.786000

27.544837	10.464000

27.547392	10.796000

27.549946	11.072000

27.552500	10.649000

27.555055	11.207000

27.557609	10.935000

27.560164	10.965000

27.562718	10.932000

27.565273	11.080000

27.567827	10.908000

27.570382	11.309000

27.572936	11.209000

27.575491	11.471000

27.578045	11.086000

27.580600	10.890000

27.583154	10.462000

27.585709	10.493000

27.588263	11.151000

27.590817	11.676000

27.593372	11.386000

27.595926	11.310000

27.598481	11.247000

27.601035	11.758000

27.603590	11.520000

27.606144	11.586000

27.608699	11.327000

27.611253	11.491000

27.613808	11.219000

27.616362	11.017000

27.618917	10.881000

27.621471	10.991000

27.624026	10.357000

27.626580	10.375000

27.629135	9.040000

27.631689	6.777000

27.634243	5.789000

27.636798	8.153000

27.639352	8.199000

27.641907	6.287000

27.644461	8.487000

27.647016	9.700000

27.649570	10.093000

27.652125	10.224000

27.654679	10.248000

27.657234	9.974000

27.659788	10.329000

27.662343	10.115000

27.664897	9.636000

27.667452	9.680000

27.670006	10.587000

27.672560	10.280000

27.675115	9.899000

27.677669	10.427000

27.680224	10.385000

27.682778	9.816000

27.685333	8.834000

27.687887	9.102000

27.690442	7.995000

27.692996	7.209000

27.695551	0.547000

27.698105	5.210000

27.700660	4.788000

27.703214	7.860000

27.705769	7.406000

27.708323	4.861000

27.710878	9.104000

27.713432	10.221000

27.715986	9.981000

27.718541	10.487000

27.721095	10.738000

27.723650	11.107000

27.726204	10.799000

27.728759	10.973000

27.731313	10.640000

27.733868	10.615000

27.736422	10.546000

27.738977	10.598000

27.741531	10.115000

27.744086	9.318000

27.746640	9.402000

27.749195	8.411000

27.751749	8.420000

27.754303	7.902000

27.756858	7.498000

27.759412	8.578000

27.761967	7.245000

27.764521	6.615000

27.767076	8.034000

27.769630	8.039000

27.772185	8.733000

27.774739	6.767000

27.777294	7.747000

27.779848	7.072000

27.782403	7.710000

27.784957	6.496000

27.787512	0.000000

27.790066	5.562000

27.792621	5.522000

27.795175	3.270000

27.797729	6.339000

27.800284	5.663000

27.802838	6.497000

27.805393	9.592000

27.807947	9.191000

27.810502	9.579000

27.813056	8.538000

27.815611	8.684000

27.818165	8.786000

27.820720	9.666000

27.823274	9.385000

27.825829	9.431000

27.828383	9.543000

27.830938	8.620000

27.833492	7.862000

27.836046	9.216000

27.838601	9.373000

27.841155	9.876000

27.843710	9.998000

27.846264	9.603000

27.848819	9.902000

27.851373	10.521000

27.853928	9.894000

27.856482	9.710000

27.859037	9.206000

27.861591	8.040000

27.864146	5.903000

27.866700	8.280000

27.869255	4.643000

27.871809	7.597000

27.874364	8.000000

27.876918	9.356000

27.879472	8.909000

27.882027	7.483000

27.884581	5.921000

27.887136	5.013000

27.889690	3.723000

27.892245	7.924000

27.894799	7.157000

27.897354	8.358000

27.899908	4.171000

27.902463	7.081000

27.905017	8.997000

27.907572	8.697000

27.910126	6.697000

27.912681	5.983000

27.915235	7.079000

27.917789	6.465000

27.920344	7.902000

27.922898	8.358000

27.925453	5.213000

27.928007	7.735000

27.930562	6.555000

27.933116	7.318000

27.935671	7.261000

27.938225	9.289000

27.940780	7.675000

27.943334	7.941000

27.945889	8.744000

27.948443	9.583000

27.950998	9.076000

27.953552	9.211000

27.956107	9.550000

27.958661	8.488000

27.961215	7.920000

27.963770	7.579000

27.966324	6.641000

27.968879	7.889000

27.971433	4.878000

27.973988	6.345000

27.976542	7.300000

27.979097	7.377000

27.981651	5.185000

27.984206	1.622000

27.986760	6.648000

27.989315	3.686000

27.991869	3.461000

27.994424	8.082000

27.996978	8.335000

27.999532	5.387000

28.002087	7.253000

28.004641	6.446000

28.007196	6.625000

28.009750	6.992000

28.012305	6.289000

28.014859	7.373000

28.017414	3.803000

28.019968	0.000000

28.022523	1.751000

28.025077	6.796000

28.027632	5.233000

28.030186	6.920000

28.032741	7.853000

28.035295	7.028000

28.037850	7.148000

28.040404	7.690000

28.042958	8.558000

28.045513	8.317000

28.048067	8.746000

28.050622	8.994000

28.053176	7.666000

28.055731	7.466000

28.058285	7.586000

28.060840	6.835000

28.063394	8.191000

28.065949	7.942000

28.068503	4.616000

28.071058	5.099000

28.073612	0.000000

28.076167	7.962000

28.078721	6.504000

28.081275	7.009000

28.083830	6.300000

28.086384	6.775000

28.088939	7.583000

28.091493	6.888000

28.094048	8.682000

28.096602	7.557000

28.099157	7.944000

28.101711	8.209000

28.104266	9.329000

28.106820	9.059000

28.109375	9.723000

28.111929	9.948000

28.114484	10.337000

28.117038	10.627000

28.119593	10.234000

28.122147	10.069000

28.124701	8.296000

28.127256	8.893000

28.129810	8.715000

28.132365	7.931000

28.134919	9.529000

28.137474	8.931000

28.140028	9.340000

28.142583	9.687000

28.145137	8.373000

28.147692	7.466000

28.150246	8.650000

28.152801	7.246000

28.155355	3.046000

28.157910	6.931000

28.160464	3.635000

28.163018	8.153000

28.165573	8.377000

28.168127	8.929000

28.170682	8.034000

28.173236	4.660000

28.175791	4.720000

28.178345	6.272000

28.180900	7.880000

28.183454	7.981000

28.186009	8.748000

28.188563	9.029000

28.191118	8.868000

28.193672	8.638000

28.196227	8.068000

28.198781	5.937000

28.201336	3.937000

28.203890	7.440000

28.206444	9.623000

28.208999	9.220000

28.211553	8.416000

28.214108	8.500000

28.216662	6.692000

28.219217	7.357000

28.221771	8.233000

28.224326	9.649000

28.226880	7.791000

28.229435	8.937000

28.231989	9.548000

28.234544	9.141000

28.237098	8.022000

28.239653	7.371000

28.242207	7.584000

28.244761	8.000000

28.247316	7.795000

28.249870	4.774000

28.252425	8.053000

28.254979	9.339000

28.257534	8.496000

28.260088	8.006000

28.262643	6.853000

28.265197	8.619000

28.267752	9.693000

28.270306	10.172000

28.272861	10.362000

28.275415	9.828000

28.277970	9.664000

28.280524	8.717000

28.283079	8.007000

28.285633	8.727000

28.288187	8.374000

28.290742	9.170000

28.293296	7.085000

28.295851	6.396000

28.298405	3.685000

28.300960	6.017000

28.303514	8.742000

28.306069	9.331000

28.308623	9.911000

28.311178	10.151000

28.313732	8.669000

28.316287	9.064000

28.318841	8.622000

28.321396	8.117000

28.323950	7.506000

28.326504	3.260000

28.329059	7.950000

28.331613	8.978000

28.334168	7.884000

28.336722	8.091000

28.339277	9.097000

28.341831	9.093000

28.344386	7.628000

28.346940	6.366000

28.349495	5.661000

28.352049	7.214000

28.354604	8.948000

28.357158	9.095000

28.359713	7.618000

28.362267	7.646000

28.364822	8.442000

28.367376	6.302000

28.369930	8.668000

28.372485	0.000000

28.375039	1.587000

28.377594	7.042000

28.380148	7.456000

28.382703	7.745000

28.385257	5.792000

28.387812	6.603000

28.390366	6.816000

28.392921	6.270000

28.395475	6.215000

28.398030	7.182000

28.400584	5.172000

28.403139	8.308000

28.405693	7.081000

28.408247	5.017000

28.410802	4.604000

28.413356	6.296000

28.415911	7.847000

28.418465	5.484000

28.421020	6.788000

28.423574	6.157000

28.426129	9.140000

28.428683	7.967000

28.431238	7.066000

28.433792	5.827000

28.436347	6.174000

28.438901	7.806000

28.441456	7.850000

28.444010	8.285000

28.446565	8.905000

28.449119	9.859000

28.451673	9.729000

28.454228	8.931000

28.456782	8.640000

28.459337	9.066000

28.461891	8.960000

28.464446	7.262000

28.467000	4.343000

28.469555	7.112000

28.472109	2.004000

28.474664	7.440000

28.477218	6.942000

28.479773	3.516000

28.482327	8.211000

28.484882	7.553000

28.487436	8.148000

28.489990	8.068000

28.492545	9.573000

28.495099	8.537000

28.497654	3.213000

28.500208	2.430000

28.502763	7.856000

28.505317	8.290000

28.507872	9.122000

28.510426	9.660000

28.512981	9.621000

28.515535	9.633000

28.518090	10.523000

28.520644	10.967000

28.523199	11.430000

28.525753	11.948000

28.528308	11.930000

28.530862	11.769000

28.533416	11.378000

28.535971	11.564000

28.538525	11.384000

28.541080	11.218000

28.543634	11.232000

28.546189	10.945000

28.548743	10.951000

28.551298	10.857000

28.553852	10.404000

28.556407	10.484000

28.558961	10.495000

28.561516	10.009000

28.564070	8.577000

28.566625	9.183000

28.569179	9.462000

28.571733	8.458000

28.574288	6.075000

28.576842	7.431000

28.579397	3.897000

28.581951	5.964000

28.584506	4.773000

28.587060	0.000000

28.589615	8.487000

28.592169	8.836000

28.594724	9.110000

28.597278	9.814000

28.599833	10.010000

28.602387	10.164000

28.604942	9.569000

28.607496	10.707000

28.610051	10.806000

28.612605	10.362000

28.615159	10.494000

28.617714	10.623000

28.620268	9.548000

28.622823	9.650000

28.625377	8.582000

28.627932	10.200000

28.630486	10.642000

28.633041	10.039000

28.635595	9.210000

28.638150	8.285000

28.640704	8.676000

28.643259	7.409000

28.645813	1.937000

28.648368	4.588000

28.650922	7.816000

28.653476	10.066000

28.656031	10.654000

28.658585	10.695000

28.661140	9.702000

28.663694	9.145000

28.666249	8.463000

28.668803	2.965000

28.671358	8.693000

28.673912	9.180000

28.676467	9.402000

28.679021	8.341000

28.681576	6.571000

28.684130	7.687000

28.686685	3.331000

28.689239	6.988000

28.691794	8.253000

28.694348	8.112000

28.696902	7.803000

28.699457	8.743000

28.702011	7.730000

28.704566	1.773000

28.707120	5.597000

28.709675	8.842000

28.712229	10.233000

28.714784	10.426000

28.717338	10.753000

28.719893	11.219000

28.722447	11.284000

28.725002	11.766000

28.727556	12.053000

28.730111	12.305000

28.732665	12.015000

28.735219	11.874000

28.737774	12.081000

28.740328	11.821000

28.742883	11.609000

28.745437	11.464000

28.747992	11.324000

28.750546	10.593000

28.753101	9.730000

28.755655	8.228000

28.758210	5.951000

28.760764	8.263000

28.763319	6.938000

28.765873	7.914000

28.768428	7.983000

28.770982	3.452000

28.773537	7.592000

28.776091	4.429000

28.778645	8.413000

28.781200	8.451000

28.783754	9.753000

28.786309	10.603000

28.788863	10.227000

28.791418	10.384000

28.793972	10.581000

28.796527	10.699000

28.799081	10.693000

28.801636	10.787000

28.804190	10.032000

28.806745	9.911000

28.809299	9.574000

28.811854	5.719000

28.814408	6.919000

28.816962	7.300000

28.819517	8.122000

28.822071	8.838000

28.824626	8.520000

28.827180	9.146000

28.829735	8.750000

28.832289	8.460000

28.834844	9.278000

28.837398	6.953000

28.839953	8.510000

28.842507	6.047000

28.845062	6.838000

28.847616	6.493000

28.850171	8.139000

28.852725	7.369000

28.855280	6.634000

28.857834	7.394000

28.860388	8.753000

28.862943	10.401000

28.865497	10.069000

28.868052	9.185000

28.870606	9.686000

28.873161	8.426000

28.875715	5.024000

28.878270	7.712000

28.880824	5.636000

28.883379	5.686000

28.885933	3.583000

28.888488	3.634000

28.891042	3.737000

28.893597	5.545000

28.896151	6.007000

28.898705	8.067000

28.901260	9.257000

28.903814	9.491000

28.906369	6.681000

28.908923	8.141000

28.911478	8.561000

28.914032	6.338000

28.916587	8.576000

28.919141	10.227000

28.921696	9.901000

28.924250	10.166000

28.926805	8.834000

28.929359	9.393000

28.931914	10.397000

28.934468	10.497000

28.937023	10.724000

28.939577	10.335000

28.942131	10.448000

28.944686	10.243000

28.947240	10.359000

28.949795	10.591000

28.952349	10.094000

28.954904	9.338000

28.957458	8.986000

28.960013	7.152000

28.962567	7.416000

28.965122	7.242000

28.967676	5.839000

28.970231	7.704000

28.972785	5.167000

28.975340	9.977000

28.977894	11.135000

28.980449	11.475000

28.983003	11.243000

28.985557	11.297000

28.988112	11.435000

28.990666	11.859000

28.993221	11.836000

28.995775	11.896000

28.998330	11.783000

29.000884	12.006000

29.003439	11.994000

29.005993	12.258000

29.008548	12.177000

29.011102	11.704000

29.013657	11.395000

29.016211	10.972000

29.018766	9.773000

29.021320	8.707000

29.023874	8.799000

29.026429	8.123000

29.028983	6.895000

29.031538	7.980000

29.034092	5.851000

29.036647	8.184000

29.039201	7.961000

29.041756	4.962000

29.044310	9.454000

29.046865	10.307000

29.049419	10.009000

29.051974	10.405000

29.054528	9.689000

29.057083	9.384000

29.059637	9.019000

29.062192	6.069000

29.064746	7.092000

29.067300	5.121000

29.069855	6.002000

29.072409	1.376000

29.074964	5.605000

29.077518	6.658000

29.080073	3.856000

29.082627	0.241000

29.085182	6.213000

29.087736	8.762000

29.090291	9.631000

29.092845	9.431000

29.095400	9.954000

29.097954	10.499000

29.100509	10.475000

29.103063	10.389000

29.105617	9.630000

29.108172	9.577000

29.110726	0.596000

29.113281	6.749000

29.115835	7.483000

29.118390	7.875000

29.120944	6.666000

29.123499	8.583000

29.126053	0.315000

29.128608	5.525000

29.131162	5.731000

29.133717	5.732000

29.136271	0.000000

29.138826	3.600000

29.141380	7.459000

29.143935	5.818000

29.146489	3.111000

29.149043	5.505000

29.151598	5.381000

29.154152	6.572000

29.156707	8.040000

29.159261	6.997000

29.161816	8.210000

29.164370	8.593000

29.166925	5.784000

29.169479	6.040000

29.172034	8.363000

29.174588	7.153000

29.177143	6.327000

29.179697	5.719000

29.182252	7.722000

29.184806	9.173000

29.187360	8.126000

29.189915	7.590000

29.192469	8.422000

29.195024	8.673000

29.197578	8.832000

29.200133	8.505000

29.202687	8.110000

29.205242	5.416000

29.207796	8.143000

29.210351	8.310000

29.212905	7.297000

29.215460	7.422000

29.218014	7.468000

29.220569	8.780000

29.223123	9.768000

29.225678	10.278000

29.228232	10.789000

29.230786	11.120000

29.233341	10.785000

29.235895	11.122000

29.238450	10.881000

29.241004	10.405000

29.243559	10.080000

29.246113	9.570000

29.248668	9.528000

29.251222	9.075000

29.253777	6.755000

29.256331	8.852000

29.258886	8.577000

29.261440	6.743000

29.263995	8.327000

29.266549	8.342000

29.269103	7.413000

29.271658	7.878000

29.274212	5.728000

29.276767	7.147000

29.279321	7.330000

29.281876	1.034000

29.284430	3.642000

29.286985	8.121000

29.289539	7.652000

29.292094	7.577000

29.294648	6.403000

29.297203	8.611000

29.299757	8.469000

29.302312	8.327000

29.304866	8.082000

29.307421	9.527000

29.309975	8.758000

29.312529	9.114000

29.315084	8.849000

29.317638	8.399000

29.320193	10.089000

29.322747	10.254000

29.325302	9.296000

29.327856	9.823000

29.330411	9.715000

29.332965	10.306000

29.335520	10.174000

29.338074	10.108000

29.340629	10.373000

29.343183	8.838000

29.345738	9.465000

29.348292	9.437000

29.350846	9.525000

29.353401	10.119000

29.355955	9.547000

29.358510	9.641000

29.361064	9.818000

29.363619	9.000000

29.366173	7.761000

29.368728	5.459000

29.371282	5.053000

29.373837	2.280000

29.376391	3.567000

29.378946	6.456000

29.381500	7.353000

29.384055	8.097000

29.386609	5.545000

29.389164	5.038000

29.391718	7.868000

29.394272	8.828000

29.396827	9.799000

29.399381	9.562000

29.401936	9.104000

29.404490	9.505000

29.407045	10.438000

29.409599	10.511000

29.412154	9.650000

29.414708	8.813000

29.417263	9.832000

29.419817	9.938000

29.422372	10.047000

29.424926	10.114000

29.427481	9.621000

29.430035	9.681000

29.432589	9.523000

29.435144	7.894000

29.437698	4.758000

29.440253	8.468000

29.442807	9.442000

29.445362	8.392000

29.447916	8.382000

29.450471	10.379000

29.453025	10.594000

29.455580	10.766000

29.458134	10.680000

29.460689	10.850000

29.463243	10.305000

29.465798	10.021000

29.468352	9.120000

29.470907	9.133000

29.473461	8.567000

29.476015	8.606000

29.478570	8.441000

29.481124	9.463000

29.483679	7.120000

29.486233	3.396000

29.488788	6.033000

29.491342	6.537000

29.493897	2.123000

29.496451	6.191000

29.499006	8.875000

29.501560	8.417000

29.504115	7.003000

29.506669	8.546000

29.509224	4.625000

29.511778	8.095000

29.514332	8.628000

29.516887	9.306000

29.519441	9.323000

29.521996	9.336000

29.524550	8.316000

29.527105	8.882000

29.529659	9.027000

29.532214	9.345000

29.534768	8.950000

29.537323	8.074000

29.539877	6.708000

29.542432	5.793000

29.544986	6.821000

29.547541	7.693000

29.550095	9.473000

29.552650	9.336000

29.555204	8.839000

29.557758	9.480000

29.560313	9.449000

29.562867	9.835000

29.565422	8.529000

29.567976	9.711000

29.570531	9.501000

29.573085	9.829000

29.575640	10.489000

29.578194	10.444000

29.580749	10.416000

29.583303	10.868000

29.585858	11.215000

29.588412	10.892000

29.590967	10.851000

29.593521	9.225000

29.596075	6.664000

29.598630	5.903000

29.601184	5.712000

29.603739	4.796000

29.606293	4.379000

29.608848	8.846000

29.611402	8.740000

29.613957	8.638000

29.616511	9.140000

29.619066	8.022000

29.621620	8.151000

29.624175	6.880000

29.626729	7.244000

29.629284	7.637000

29.631838	4.662000

29.634393	8.804000

29.636947	7.805000

29.639501	7.373000

29.642056	4.258000

29.644610	4.640000

29.647165	7.798000

29.649719	7.864000

29.652274	9.373000

29.654828	10.252000

29.657383	9.573000

29.659937	9.406000

29.662492	8.891000

29.665046	9.179000

29.667601	8.957000

29.670155	6.741000

29.672710	6.526000

29.675264	8.639000

29.677818	6.726000

29.680373	6.691000

29.682927	0.000000

29.685482	4.898000

29.688036	6.309000

29.690591	7.215000

29.693145	8.117000

29.695700	9.202000

29.698254	9.689000

29.700809	7.964000

29.703363	6.634000

29.705918	8.153000

29.708472	7.927000

29.711027	7.224000

29.713581	6.826000

29.716136	8.370000

29.718690	4.455000

29.721244	7.902000

29.723799	5.143000

29.726353	7.056000

29.728908	6.121000

29.731462	7.196000

29.734017	8.147000

29.736571	9.728000

29.739126	9.223000

29.741680	9.888000

29.744235	9.455000

29.746789	9.333000

29.749344	10.343000

29.751898	9.485000

29.754453	9.155000

29.757007	6.128000

29.759561	6.888000

29.762116	6.415000

29.764670	6.215000

29.767225	5.064000

29.769779	9.553000

29.772334	9.854000

29.774888	9.947000

29.777443	8.128000

29.779997	7.621000

29.782552	9.707000

29.785106	8.937000

29.787661	9.614000

29.790215	9.552000

29.792770	9.276000

29.795324	9.393000

29.797879	8.767000

29.800433	9.755000

29.802987	8.494000

29.805542	9.730000

29.808096	10.612000

29.810651	10.096000

29.813205	9.278000

29.815760	8.986000

29.818314	7.716000

29.820869	7.441000

29.823423	5.017000

29.825978	3.591000

29.828532	2.424000

29.831087	3.365000

29.833641	8.128000

29.836196	7.992000

29.838750	8.373000

29.841304	8.531000

29.843859	8.903000

29.846413	8.629000

29.848968	4.797000

29.851522	8.839000

29.854077	7.779000

29.856631	8.040000

29.859186	6.646000

29.861740	5.471000

29.864295	9.004000

29.866849	9.132000

29.869404	6.980000

29.871958	8.156000

29.874513	4.762000

29.877067	6.353000

29.879622	5.162000

29.882176	6.601000

29.884730	5.471000

29.887285	5.094000

29.889839	6.938000

29.892394	8.722000

29.894948	10.508000

29.897503	10.221000

29.900057	9.739000

29.902612	9.032000

29.905166	7.029000

29.907721	6.713000

29.910275	3.666000

29.912830	7.926000

29.915384	6.858000

29.917939	6.523000

29.920493	5.355000

29.923047	5.516000

29.925602	8.595000

29.928156	7.763000

29.930711	8.736000

29.933265	8.236000

29.935820	5.319000

29.938374	7.341000

29.940929	6.486000

29.943483	4.275000

29.946038	6.020000

29.948592	8.692000

29.951147	8.443000

29.953701	7.618000

29.956256	2.318000

29.958810	4.477000

29.961365	5.873000

29.963919	8.050000

29.966473	6.792000

29.969028	5.928000

29.971582	6.418000

29.974137	7.535000

29.976691	8.681000

29.979246	7.847000

29.981800	7.063000

29.984355	4.046000

29.986909	3.875000

29.989464	7.715000

29.992018	9.052000

29.994573	7.127000

29.997127	8.435000

29.999682	9.067000

30.002236	9.625000

30.004790	8.740000

30.007345	9.066000

30.009899	8.183000

30.012454	3.562000

30.015008	5.110000

30.017563	7.778000

30.020117	7.013000

30.022672	7.570000

30.025226	3.285000

30.027781	4.991000

30.030335	7.167000

30.032890	8.879000

30.035444	8.866000

30.037999	6.985000

30.040553	7.654000

30.043108	4.130000

30.045662	8.196000

30.048216	6.430000

30.050771	8.948000

30.053325	9.120000

30.055880	9.739000

30.058434	8.979000

30.060989	9.592000

30.063543	9.176000

30.066098	9.683000

30.068652	9.729000

30.071207	9.317000

30.073761	9.329000

30.076316	9.387000

30.078870	9.011000

30.081425	9.263000

30.083979	9.272000

30.086533	10.468000

30.089088	10.282000

30.091642	10.584000

30.094197	9.637000

30.096751	9.897000

30.099306	8.332000

30.101860	9.082000

30.104415	9.118000

30.106969	10.362000

30.109524	10.354000

30.112078	9.082000

30.114633	8.485000

30.117187	8.807000

30.119742	2.656000

30.122296	3.109000

30.124851	5.918000

30.127405	8.171000

30.129959	5.932000

30.132514	4.021000

30.135068	7.184000

30.137623	5.810000

30.140177	1.316000

30.142732	4.184000

30.145286	0.000000

30.147841	4.984000

30.150395	6.152000

30.152950	7.522000

30.155504	4.841000

30.158059	2.639000

30.160613	4.464000

30.163168	5.008000

30.165722	4.605000

30.168276	3.160000

30.170831	5.503000

30.173385	8.250000

30.175940	8.524000

30.178494	7.210000

30.181049	7.526000

30.183603	7.725000

30.186158	8.691000

30.188712	9.848000

30.191267	10.351000

30.193821	9.622000

30.196376	9.471000

30.198930	9.805000

30.201485	9.262000

30.204039	7.511000

30.206594	7.081000

30.209148	8.129000

30.211702	8.235000

30.214257	5.890000

30.216811	6.246000

30.219366	7.772000

30.221920	4.704000

30.224475	2.587000

30.227029	7.531000

30.229584	7.709000

30.232138	9.373000

30.234693	9.742000

30.237247	9.617000

30.239802	8.896000

30.242356	9.726000

30.244911	9.542000

30.247465	8.305000

30.250019	6.524000

30.252574	5.308000

30.255128	4.556000

30.257683	6.461000

30.260237	8.232000

30.262792	8.513000

30.265346	7.957000

30.267901	9.014000

30.270455	7.751000

30.273010	6.876000

30.275564	3.853000

30.278119	6.534000

30.280673	8.450000

30.283228	5.079000

30.285782	7.802000

30.288337	9.449000

30.290891	9.876000

30.293445	9.722000

30.296000	9.596000

30.298554	9.264000

30.301109	8.890000

30.303663	5.605000

30.306218	4.922000

30.308772	4.447000

30.311327	8.450000

30.313881	8.688000

30.316436	7.916000

30.318990	8.301000

30.321545	8.832000

30.324099	6.595000

30.326654	2.049000

30.329208	7.422000

30.331762	7.717000

30.334317	9.547000

30.336871	10.382000

30.339426	10.883000

30.341980	10.815000

30.344535	8.910000

30.347089	8.976000

30.349644	7.507000

30.352198	8.637000

30.354753	7.132000

30.357307	0.000000

30.359862	6.186000

30.362416	4.816000

30.364971	8.221000

30.367525	7.812000

30.370080	5.330000

30.372634	6.993000

30.375188	7.493000

30.377743	8.037000

30.380297	10.190000

30.382852	10.675000

30.385406	10.803000

30.387961	9.614000

30.390515	9.934000

30.393070	9.798000

30.395624	10.501000

30.398179	9.462000

30.400733	5.501000

30.403288	7.826000

30.405842	7.393000

30.408397	6.147000

30.410951	6.133000

30.413505	5.432000

30.416060	6.437000

30.418614	8.596000

30.421169	7.830000

30.423723	8.923000

30.426278	9.039000

30.428832	7.796000

30.431387	0.000000

30.433941	6.788000

30.436496	5.418000

30.439050	5.171000

30.441605	5.919000

30.444159	6.828000

30.446714	5.338000

30.449268	6.066000

30.451823	5.896000

30.454377	6.919000

30.456931	0.160000

30.459486	7.177000

30.462040	8.705000

30.464595	8.331000

30.467149	7.779000

30.469704	9.073000

30.472258	9.606000

30.474813	10.577000

30.477367	10.258000

30.479922	9.461000

30.482476	10.091000

30.485031	11.040000

30.487585	11.006000

30.490140	11.104000

30.492694	10.650000

30.495248	10.285000

30.497803	10.837000

30.500357	10.346000

30.502912	8.946000

30.505466	7.831000

30.508021	7.680000

30.510575	6.426000

30.513130	7.979000

30.515684	8.179000

30.518239	7.665000

30.520793	8.041000

30.523348	7.981000

30.525902	5.160000

30.528457	5.485000

30.531011	6.928000

30.533566	8.089000

30.536120	7.708000

30.538674	7.670000

30.541229	8.448000

30.543783	3.808000

30.546338	4.142000

30.548892	7.979000

30.551447	10.068000

30.554001	10.985000

30.556556	10.256000

30.559110	10.202000

30.561665	9.568000

30.564219	9.007000

30.566774	9.261000

30.569328	10.328000

30.571883	9.854000

30.574437	9.210000

30.576991	7.835000

30.579546	7.912000

30.582100	8.443000

30.584655	7.080000

30.587209	4.677000

30.589764	1.381000

30.592318	5.828000

30.594873	8.828000

30.597427	10.448000

30.599982	9.793000

30.602536	7.990000

30.605091	7.881000

30.607645	8.930000

30.610200	0.644000

30.612754	4.191000

30.615309	3.462000

30.617863	7.296000

30.620417	6.770000

30.622972	4.391000

30.625526	7.932000

30.628081	8.230000

30.630635	7.137000

30.633190	8.565000

30.635744	9.237000

30.638299	9.912000

30.640853	6.003000

30.643408	4.275000

30.645962	8.196000

30.648517	4.062000

30.651071	2.295000

30.653626	8.167000

30.656180	9.382000

30.658734	9.004000

30.661289	7.883000

30.663843	3.730000

30.666398	9.601000

30.668952	10.275000

30.671507	10.792000

30.674061	10.578000

30.676616	11.394000

30.679170	11.414000

30.681725	11.556000

30.684279	11.094000

30.686834	10.627000

30.689388	10.604000

30.691943	10.543000

30.694497	10.852000

30.697052	11.322000

30.699606	11.155000

30.702160	11.052000

30.704715	10.897000

30.707269	10.560000

30.709824	9.445000

30.712378	10.442000

30.714933	10.795000

30.717487	10.799000

30.720042	10.245000

30.722596	10.497000

30.725151	10.965000

30.727705	10.837000

30.730260	10.923000

30.732814	11.144000

30.735369	11.235000

30.737923	11.416000

30.740478	11.379000

30.743032	11.357000

30.745586	11.047000

30.748141	10.544000

30.750695	10.739000

30.753250	10.448000

30.755804	10.014000

30.758359	9.445000

30.760913	10.180000

30.763468	10.050000

30.766022	9.299000

30.768577	8.986000

30.771131	10.056000

30.773686	10.506000

30.776240	11.174000

30.778795	11.282000

30.781349	10.866000

30.783903	10.957000

30.786458	11.079000

30.789012	11.064000

30.791567	11.534000

30.794121	11.767000

30.796676	12.067000

30.799230	11.771000

30.801785	11.624000

30.804339	11.541000

30.806894	11.762000

30.809448	11.718000

30.812003	11.347000

30.814557	11.354000

30.817112	11.027000

30.819666	10.067000

30.822221	9.534000

30.824775	10.450000

30.827329	8.021000

30.829884	7.306000

30.832438	8.509000

30.834993	6.351000

30.837547	5.542000

30.840102	8.994000

30.842656	8.629000

30.845211	8.588000

30.847765	10.304000

30.850320	10.748000

30.852874	10.782000

30.855429	10.677000

30.857983	11.022000

30.860538	10.128000

30.863092	9.855000

30.865646	10.135000

30.868201	10.790000

30.870755	10.058000

30.873310	10.693000

30.875864	10.471000

30.878419	9.694000

30.880973	9.782000

30.883528	8.713000

30.886082	7.680000

30.888637	6.916000

30.891191	5.705000

30.893746	3.697000

30.896300	7.983000

30.898855	9.686000

30.901409	9.148000

30.903964	6.172000

30.906518	6.057000

30.909072	7.456000

30.911627	8.738000

30.914181	9.396000

30.916736	7.214000

30.919290	9.285000

30.921845	10.613000

30.924399	10.661000

30.926954	10.648000

30.929508	10.358000

30.932063	10.473000

30.934617	10.121000

30.937172	10.353000

30.939726	10.142000

30.942281	10.064000

30.944835	10.439000

30.947389	9.795000

30.949944	9.219000

30.952498	7.901000

30.955053	4.542000

30.957607	8.723000

30.960162	9.186000

30.962716	9.740000

30.965271	10.258000

30.967825	10.108000

30.970380	8.271000

30.972934	3.858000

30.975489	4.091000

30.978043	5.832000

30.980598	7.109000

30.983152	5.036000

30.985707	8.381000

30.988261	3.285000

30.990815	7.610000

30.993370	9.568000

30.995924	9.579000

30.998479	8.144000

31.001033	9.381000

31.003588	9.901000

31.006142	9.618000

31.008697	9.065000

31.011251	8.147000

31.013806	6.452000

31.016360	7.727000

31.018915	8.412000

31.021469	7.368000

31.024024	8.517000

31.026578	6.992000

31.029132	7.690000

31.031687	6.795000

31.034241	7.565000

31.036796	9.376000

31.039350	9.716000

31.041905	8.543000

31.044459	6.102000

31.047014	7.713000

31.049568	8.026000

31.052123	9.062000

31.054677	9.364000

31.057232	9.608000

31.059786	10.535000

31.062341	9.430000

31.064895	9.273000

31.067450	8.946000

31.070004	9.187000

31.072558	8.133000

31.075113	9.114000

31.077667	8.815000

31.080222	9.646000

31.082776	9.531000

31.085331	9.371000

31.087885	9.815000

31.090440	9.585000

31.092994	9.145000

31.095549	7.023000

31.098103	2.768000

31.100658	5.438000

31.103212	6.535000

31.105767	9.531000

31.108321	8.633000

31.110875	8.462000

31.113430	9.459000

31.115984	10.082000

31.118539	9.705000

31.121093	10.135000

31.123648	10.380000

31.126202	9.677000

31.128757	9.919000

31.131311	9.665000

31.133866	10.235000

31.136420	10.088000

31.138975	10.146000

31.141529	10.459000

31.144084	10.046000

31.146638	7.249000

31.149193	7.575000

31.151747	7.480000

31.154301	7.813000

31.156856	2.076000

31.159410	4.684000

31.161965	5.508000

31.164519	7.571000

31.167074	0.000000

31.169628	7.020000

31.172183	8.031000

31.174737	8.454000

31.177292	8.373000

31.179846	9.242000

31.182401	10.045000

31.184955	10.326000

31.187510	10.707000

31.190064	10.701000

31.192618	9.970000

31.195173	11.058000

31.197727	11.302000

31.200282	11.617000

31.202836	11.711000

31.205391	11.975000

31.207945	11.536000

31.210500	11.301000

31.213054	11.245000

31.215609	11.540000

31.218163	11.810000

31.220718	11.670000

31.223272	11.347000

31.225827	11.200000

31.228381	11.227000

31.230936	11.076000

31.233490	11.208000

31.236044	11.327000

31.238599	10.780000

31.241153	10.196000

31.243708	10.177000

31.246262	10.300000

31.248817	9.293000

31.251371	9.561000

31.253926	10.059000

31.256480	9.445000

31.259035	7.816000

31.261589	5.647000

31.264144	4.576000

31.266698	8.402000

31.269253	6.789000

31.271807	6.891000

31.274361	7.018000

31.276916	2.442000

31.279470	6.029000

31.282025	6.468000

31.284579	7.482000

31.287134	8.107000

31.289688	7.725000

31.292243	5.753000

31.294797	8.151000

31.297352	8.645000

31.299906	8.669000

31.302461	8.068000

31.305015	8.468000

31.307570	5.700000

31.310124	7.053000

31.312679	7.663000

31.315233	8.472000

31.317787	9.168000

31.320342	8.849000

31.322896	9.850000

31.325451	8.319000

31.328005	7.209000

31.330560	7.779000

31.333114	9.260000

31.335669	7.635000

31.338223	5.978000

31.340778	7.289000

31.343332	7.212000

31.345887	6.678000

31.348441	8.145000

31.350996	5.393000

31.353550	0.998000

31.356104	6.380000

31.358659	4.190000

31.361213	2.751000

31.363768	7.726000

31.366322	8.912000

31.368877	5.180000

31.371431	1.287000

31.373986	6.660000

31.376540	6.236000

31.379095	4.894000

31.381649	5.682000

31.384204	7.307000

31.386758	8.740000

31.389313	7.347000

31.391867	9.439000

31.394422	9.956000

31.396976	9.599000

31.399530	9.725000

31.402085	9.356000

31.404639	9.834000

31.407194	10.246000

31.409748	9.816000

31.412303	10.215000

31.414857	10.669000

31.417412	10.429000

31.419966	11.026000

31.422521	9.920000

31.425075	9.330000

31.427630	8.471000

31.430184	7.560000

31.432739	8.406000

31.435293	5.926000

31.437847	8.413000

31.440402	9.584000

31.442956	10.039000

31.445511	9.004000

31.448065	8.932000

31.450620	7.602000

31.453174	7.933000

31.455729	7.972000

31.458283	8.107000

31.460838	7.805000

31.463392	8.107000

31.465947	8.367000

31.468501	9.019000

31.471056	7.323000

31.473610	8.423000

31.476165	8.257000

31.478719	8.855000

31.481273	8.613000

31.483828	8.325000

31.486382	8.681000

31.488937	9.461000

31.491491	8.247000

31.494046	10.345000

31.496600	10.959000

31.499155	11.234000

31.501709	10.618000

31.504264	10.782000

31.506818	10.707000

31.509373	11.243000

31.511927	11.684000

31.514482	11.783000

31.517036	11.616000

31.519590	11.967000

31.522145	12.074000

31.524699	12.005000

31.527254	11.903000

31.529808	11.584000

31.532363	11.304000

31.534917	11.618000

31.537472	10.989000

31.540026	10.521000

31.542581	9.137000

31.545135	9.351000

31.547690	7.693000

31.550244	7.933000

31.552799	8.893000

31.555353	9.690000

31.557908	9.087000

31.560462	7.588000

31.563016	8.929000

31.565571	10.425000

31.568125	11.198000

31.570680	11.614000

31.573234	12.026000

31.575789	11.822000

31.578343	11.746000

31.580898	11.697000

31.583452	11.292000

31.586007	10.990000

31.588561	10.942000

31.591116	10.758000

31.593670	9.880000

31.596225	10.392000

31.598779	10.352000

31.601333	10.300000

31.603888	10.370000

31.606442	10.512000

31.608997	9.766000

31.611551	8.623000

31.614106	8.028000

31.616660	7.349000

31.619215	8.425000

31.621769	8.544000

31.624324	8.305000

31.626878	5.630000

31.629433	3.825000

31.631987	5.222000

31.634542	4.117000

31.637096	3.477000

31.639651	7.671000

31.642205	6.554000

31.644759	5.619000

31.647314	7.818000

31.649868	8.764000

31.652423	9.174000

31.654977	9.544000

31.657532	7.695000

31.660086	7.916000

31.662641	8.636000

31.665195	7.848000

31.667750	3.448000

31.670304	5.423000

31.672859	6.841000

31.675413	6.774000

31.677968	8.371000

31.680522	7.841000

31.683076	8.122000

31.685631	8.385000

31.688185	8.233000

31.690740	7.826000

31.693294	9.260000

31.695849	7.677000

31.698403	5.995000

31.700958	5.616000

31.703512	7.219000

31.706067	3.686000

31.708621	6.248000

31.711176	7.579000

31.713730	7.967000

31.716285	9.003000

31.718839	8.766000

31.721394	7.635000

31.723948	7.275000

31.726502	9.134000

31.729057	9.569000

31.731611	7.081000

31.734166	7.111000

31.736720	6.116000

31.739275	9.382000

31.741829	9.213000

31.744384	7.480000

31.746938	7.051000

31.749493	6.273000

31.752047	7.436000

31.754602	7.968000

31.757156	8.918000

31.759711	8.475000

31.762265	8.176000

31.764819	7.154000

31.767374	6.076000

31.769928	6.625000

31.772483	8.003000

31.775037	6.751000

31.777592	6.800000

31.780146	3.692000

31.782701	6.605000

31.785255	8.339000

31.787810	7.766000

31.790364	9.784000

31.792919	9.725000

31.795473	9.714000

31.798028	9.111000

31.800582	9.088000

31.803137	9.544000

31.805691	9.784000

31.808245	8.982000

31.810800	8.911000

31.813354	8.930000

31.815909	8.047000

31.818463	6.400000

31.821018	7.993000

31.823572	8.441000

31.826127	5.314000

31.828681	2.349000

31.831236	9.049000

31.833790	6.514000

31.836345	7.931000

31.838899	7.317000

31.841454	6.096000

31.844008	5.914000

31.846562	6.621000

31.849117	6.811000

31.851671	7.952000

31.854226	8.238000

31.856780	8.578000

31.859335	9.333000

31.861889	7.578000

31.864444	8.524000

31.866998	8.512000

31.869553	8.417000

31.872107	8.854000

31.874662	9.465000

31.877216	9.278000

31.879771	8.927000

31.882325	8.297000

31.884880	4.099000

31.887434	3.102000

31.889988	5.039000

31.892543	8.886000

31.895097	5.569000

31.897652	7.094000

31.900206	9.869000

31.902761	8.245000

31.905315	9.860000

31.907870	8.853000

31.910424	8.804000

31.912979	8.372000

31.915533	7.445000

31.918088	4.978000

31.920642	4.848000

31.923197	5.076000

31.925751	4.416000

31.928305	3.746000

31.930860	4.296000

31.933414	4.851000

31.935969	9.039000

31.938523	7.445000

31.941078	7.222000

31.943632	8.983000

31.946187	8.155000

31.948741	8.686000

31.951296	7.375000

31.953850	4.492000

31.956405	6.701000

31.958959	7.664000

31.961514	8.493000

31.964068	9.104000

31.966623	8.949000

31.969177	10.036000

31.971731	10.791000

31.974286	10.396000

31.976840	10.587000

31.979395	11.030000

31.981949	11.300000

31.984504	11.402000

31.987058	11.170000

31.989613	11.264000

31.992167	11.380000

31.994722	11.514000

31.997276	11.564000

31.999831	11.084000

32.002385	10.975000

32.004940	10.877000

32.007494	9.738000

32.010048	9.460000

32.012603	8.895000

32.015157	7.523000

32.017712	8.988000

32.020266	6.980000

32.022821	6.367000

32.025375	7.174000

32.027930	9.612000

32.030484	9.839000

32.033039	10.092000

32.035593	10.126000

32.038148	10.332000

32.040702	9.433000

32.043257	8.235000

32.045811	9.060000

32.048366	10.143000

32.050920	10.192000

32.053474	9.672000

32.056029	9.645000

32.058583	9.760000

32.061138	10.241000

32.063692	8.787000

32.066247	8.419000

32.068801	5.801000

32.071356	7.104000

32.073910	8.851000

32.076465	9.811000

32.079019	9.120000

32.081574	10.017000

32.084128	9.516000

32.086683	9.778000

32.089237	9.902000

32.091791	10.876000

32.094346	10.913000

32.096900	10.677000

32.099455	10.611000

32.102009	10.729000

32.104564	11.206000

32.107118	10.562000

32.109673	9.308000

32.112227	8.481000

32.114782	7.647000

32.117336	2.320000

32.119891	6.569000

32.122445	4.170000

32.125000	5.009000

32.127554	0.794000

32.130109	0.000000

32.132663	6.621000

32.135217	7.627000

32.137772	6.881000

32.140326	8.092000

32.142881	8.649000

32.145435	8.354000

32.147990	9.233000

32.150544	8.995000

32.153099	3.116000

32.155653	2.994000

32.158208	4.618000

32.160762	2.109000

32.163317	5.633000

32.165871	5.315000

32.168426	4.781000

32.170980	9.148000

32.173534	8.798000

32.176089	7.532000

32.178643	4.011000

32.181198	6.767000

32.183752	7.714000

32.186307	8.884000

32.188861	7.240000

32.191416	7.649000

32.193970	6.564000

32.196525	7.262000

32.199079	6.454000

32.201634	9.433000

32.204188	6.997000

32.206743	8.805000

32.209297	8.168000

32.211852	8.843000

32.214406	8.384000

32.216960	9.554000

32.219515	9.923000

32.222069	10.611000

32.224624	10.087000

32.227178	9.975000

32.229733	10.364000

32.232287	10.440000

32.234842	10.453000

32.237396	10.273000

32.239951	9.317000

32.242505	9.571000

32.245060	6.926000

32.247614	3.910000

32.250169	7.671000

32.252723	8.446000

32.255277	8.016000

32.257832	8.533000

32.260386	9.207000

32.262941	9.770000

32.265495	9.596000

32.268050	7.632000

32.270604	8.555000

32.273159	9.922000

32.275713	10.791000

32.278268	10.683000

32.280822	10.751000

32.283377	10.320000

32.285931	10.747000

32.288486	10.894000

32.291040	10.422000

32.293595	9.913000

32.296149	9.797000

32.298703	9.873000

32.301258	10.367000

32.303812	10.416000

32.306367	10.962000

32.308921	11.454000

32.311476	11.821000

32.314030	11.779000

32.316585	11.429000

32.319139	11.061000

32.321694	11.331000

32.324248	11.505000

32.326803	11.553000

32.329357	11.444000

32.331912	11.387000

32.334466	10.916000

32.337020	10.457000

32.339575	9.749000

32.342129	10.513000

32.344684	10.278000

32.347238	10.206000

32.349793	9.296000

32.352347	8.711000

32.354902	8.514000

32.357456	7.335000

32.360011	4.496000

32.362565	8.964000

32.365120	7.502000

32.367674	7.524000

32.370229	8.834000

32.372783	6.511000

32.375338	5.211000

32.377892	7.867000

32.380446	9.318000

32.383001	9.445000

32.385555	5.396000

32.388110	7.407000

32.390664	7.807000

32.393219	4.329000

32.395773	6.661000

32.398328	9.050000

32.400882	7.196000

32.403437	6.858000

32.405991	9.189000

32.408546	7.625000

32.411100	5.574000

32.413655	8.028000

32.416209	6.811000

32.418764	8.634000

32.421318	8.664000

32.423872	8.628000

32.426427	8.034000

32.428981	0.000000

32.431536	8.330000

32.434090	6.743000

32.436645	7.912000

32.439199	6.713000

32.441754	7.589000

32.444308	0.000000

32.446863	5.448000

32.449417	6.249000

32.451972	5.944000

32.454526	7.881000

32.457081	7.396000

32.459635	8.646000

32.462189	4.956000

32.464744	0.000000

32.467298	7.398000

32.469853	8.564000

32.472407	8.366000

32.474962	8.190000

32.477516	8.137000

32.480071	7.115000

32.482625	4.944000

32.485180	6.161000

32.487734	0.534000

32.490289	5.519000

32.492843	7.578000

32.495398	9.954000

32.497952	9.113000

32.500507	7.832000

32.503061	9.118000

32.505615	5.858000

32.508170	6.950000

32.510724	8.938000

32.513279	9.579000

32.515833	8.497000

32.518388	8.572000

32.520942	8.583000

32.523497	7.876000

32.526051	2.869000

32.528606	4.897000

32.531160	6.971000

32.533715	3.878000

32.536269	8.871000

32.538824	10.204000

32.541378	9.781000

32.543932	9.158000

32.546487	9.199000

32.549041	9.388000

32.551596	9.594000

32.554150	9.654000

32.556705	9.928000

32.559259	9.486000

32.561814	9.974000

32.564368	8.747000

32.566923	8.165000

32.569477	8.777000

32.572032	8.381000

32.574586	7.895000

32.577141	7.799000

32.579695	7.186000

32.582250	7.865000

32.584804	5.610000

32.587358	7.331000

32.589913	7.138000

32.592467	5.623000

32.595022	2.527000

32.597576	7.731000

32.600131	7.757000

32.602685	8.061000

32.605240	8.648000

32.607794	9.593000

32.610349	9.582000

32.612903	9.157000

32.615458	8.364000

32.618012	8.367000

32.620567	9.050000

32.623121	9.535000

32.625675	9.656000

32.628230	10.572000

32.630784	10.476000

32.633339	10.681000

32.635893	10.882000

32.638448	10.271000

32.641002	10.149000

32.643557	10.173000

32.646111	10.127000

32.648666	10.136000

32.651220	10.174000

32.653775	9.293000

32.656329	8.420000

32.658884	9.327000

32.661438	9.741000

32.663993	10.039000

32.666547	9.506000

32.669101	9.385000

32.671656	8.503000

32.674210	7.781000

32.676765	5.694000

32.679319	8.074000

32.681874	9.493000

32.684428	8.433000

32.686983	8.037000

32.689537	8.558000

32.692092	6.401000

32.694646	3.227000

32.697201	7.588000

32.699755	9.160000

32.702310	9.682000

32.704864	9.851000

32.707418	9.991000

32.709973	10.124000

32.712527	10.109000

32.715082	9.887000

32.717636	9.604000

32.720191	9.569000

32.722745	8.780000

32.725300	6.397000

32.727854	5.465000

32.730409	6.833000

32.732963	2.618000

32.735518	5.680000

32.738072	9.283000

32.740627	10.132000

32.743181	10.494000

32.745736	10.815000

32.748290	11.250000

32.750844	11.263000

32.753399	11.280000

32.755953	11.680000

32.758508	11.557000

32.761062	11.395000

32.763617	11.215000

32.766171	11.451000

32.768726	11.114000

32.771280	11.073000

32.773835	11.074000

32.776389	11.133000

32.778944	10.821000

32.781498	10.205000

32.784053	9.536000

32.786607	10.491000

32.789161	10.365000

32.791716	9.874000

32.794270	10.708000

32.796825	11.056000

32.799379	11.144000

32.801934	11.288000

32.804488	11.040000

32.807043	11.307000

32.809597	11.307000

32.812152	11.222000

32.814706	11.307000

32.817261	11.427000

32.819815	11.408000

32.822370	11.388000

32.824924	10.877000

32.827479	10.529000

32.830033	9.476000

32.832587	10.060000

32.835142	10.257000

32.837696	9.723000

32.840251	8.979000

32.842805	8.297000

32.845360	8.299000

32.847914	9.081000

32.850469	8.428000

32.853023	5.722000

32.855578	7.021000

32.858132	9.008000

32.860687	7.968000

32.863241	8.513000

32.865796	9.475000

32.868350	9.964000

32.870904	10.739000

32.873459	11.012000

32.876013	10.623000

32.878568	10.870000

32.881122	11.198000

32.883677	11.362000

32.886231	11.603000

32.888786	11.637000

32.891340	11.772000

32.893895	11.559000

32.896449	11.745000

32.899004	11.804000

32.901558	11.409000

32.904113	11.841000

32.906667	11.712000

32.909222	11.327000

32.911776	11.219000

32.914330	10.506000

32.916885	9.964000

32.919439	9.830000

32.921994	10.037000

32.924548	9.261000

32.927103	8.445000

32.929657	5.705000

32.932212	5.525000

32.934766	2.122000

32.937321	3.466000

32.939875	6.032000

32.942430	4.351000

32.944984	6.295000

32.947539	6.640000

32.950093	6.137000

32.952647	6.337000

32.955202	7.053000

32.957756	7.654000

32.960311	7.979000

32.962865	8.057000

32.965420	6.948000

32.967974	6.231000

32.970529	6.346000

32.973083	5.826000

32.975638	5.070000

32.978192	8.867000

32.980747	9.421000

32.983301	8.359000

32.985856	9.501000

32.988410	10.734000

32.990965	10.833000

32.993519	11.173000

32.996073	11.393000

32.998628	11.352000

33.001182	10.817000

33.003737	10.614000

33.006291	10.090000

33.008846	9.788000

33.011400	7.816000

33.013955	6.620000

33.016509	3.183000

33.019064	4.387000

33.021618	8.512000

33.024173	10.370000

33.026727	9.469000

33.029282	9.760000

33.031836	9.971000

33.034390	10.484000

33.036945	10.550000

33.039499	9.794000

33.042054	10.149000

33.044608	9.704000

33.047163	10.305000

33.049717	9.800000

33.052272	9.877000

33.054826	8.495000

33.057381	7.998000

33.059935	7.750000

33.062490	9.634000

33.065044	10.037000

33.067599	9.679000

33.070153	9.132000

33.072708	9.490000

33.075262	10.335000

33.077816	9.726000

33.080371	9.691000

33.082925	10.525000

33.085480	10.210000

33.088034	9.385000

33.090589	7.293000

33.093143	7.235000

33.095698	6.103000

33.098252	3.848000

33.100807	0.514000

33.103361	1.638000

33.105916	8.735000

33.108470	8.401000

33.111025	9.266000

33.113579	6.687000

33.116133	6.141000

33.118688	3.315000

33.121242	7.549000

33.123797	6.100000

33.126351	8.053000

33.128906	7.428000

33.131460	4.205000

33.134015	6.028000

33.136569	3.358000

33.139124	7.421000

33.141678	8.063000

33.144233	8.846000

33.146787	9.326000

33.149342	10.349000

33.151896	10.227000

33.154451	10.457000

33.157005	10.203000

33.159559	9.860000

33.162114	9.704000

33.164668	10.230000

33.167223	10.279000

33.169777	10.254000

33.172332	10.361000

33.174886	9.795000

33.177441	10.131000

33.179995	10.804000

33.182550	10.759000

33.185104	10.478000

33.187659	10.610000

33.190213	9.822000

33.192768	8.128000

33.195322	7.471000

33.197876	3.392000

33.200431	5.658000

33.202985	6.670000

33.205540	6.407000

33.208094	1.730000

33.210649	7.064000

33.213203	5.907000

33.215758	4.956000

33.218312	7.030000

33.220867	7.512000

33.223421	9.144000

33.225976	9.151000

33.228530	8.385000

33.231085	7.307000

33.233639	4.699000

33.236194	1.401000

33.238748	6.273000

33.241302	3.284000

33.243857	7.600000

33.246411	10.092000

33.248966	10.224000

33.251520	9.892000

33.254075	8.178000

33.256629	9.228000

33.259184	10.033000

33.261738	10.371000

33.264293	10.375000

33.266847	10.890000

33.269402	11.276000

33.271956	11.292000

33.274511	10.685000

33.277065	10.676000

33.279619	10.458000

33.282174	10.842000

33.284728	11.011000

33.287283	11.067000

33.289837	10.925000

33.292392	10.532000

33.294946	10.092000

33.297501	9.645000

33.300055	9.678000

33.302610	8.779000

33.305164	9.082000

33.307719	8.885000

33.310273	7.659000

33.312828	5.561000

33.315382	9.089000

33.317937	8.831000

33.320491	8.531000

33.323045	8.076000

33.325600	8.475000

33.328154	9.485000

33.330709	10.408000

33.333263	10.739000

33.335818	10.260000

33.338372	9.759000

33.340927	6.894000

33.343481	6.914000

33.346036	8.239000

33.348590	8.578000

33.351145	8.955000

33.353699	6.722000

33.356254	6.879000

33.358808	7.961000

33.361362	7.714000

33.363917	7.751000

33.366471	9.572000

33.369026	9.393000

33.371580	10.368000

33.374135	10.122000

33.376689	9.155000

33.379244	8.258000

33.381798	9.607000

33.384353	8.366000

33.386907	8.094000

33.389462	9.261000

33.392016	10.652000

33.394571	11.056000

33.397125	10.953000

33.399680	11.282000

33.402234	10.779000

33.404788	10.712000

33.407343	11.269000

33.409897	11.434000

33.412452	11.435000

33.415006	10.877000

33.417561	10.935000

33.420115	11.637000

33.422670	11.493000

33.425224	11.365000

33.427779	11.439000

33.430333	11.852000

33.432888	11.890000

33.435442	11.060000

33.437997	11.073000

33.440551	10.842000

33.443105	11.104000

33.445660	11.253000

33.448214	11.263000

33.450769	10.494000

33.453323	10.169000

33.455878	10.005000

33.458432	9.945000

33.460987	10.127000

33.463541	10.252000

33.466096	10.191000

33.468650	9.512000

33.471205	9.613000

33.473759	7.206000

33.476314	8.820000

33.478868	8.581000

33.481423	8.128000

33.483977	7.991000

33.486531	6.319000

33.489086	3.716000

33.491640	4.515000

33.494195	6.847000

33.496749	7.439000

33.499304	7.002000

33.501858	8.902000

33.504413	9.303000

33.506967	10.395000

33.509522	10.124000

33.512076	9.756000

33.514631	10.517000

33.517185	10.189000

33.519740	10.960000

33.522294	10.998000

33.524848	11.249000

33.527403	11.133000

33.529957	11.416000

33.532512	11.360000

33.535066	11.577000

33.537621	11.806000

33.540175	11.256000

33.542730	11.453000

33.545284	10.815000

33.547839	10.574000

33.550393	9.882000

33.552948	9.314000

33.555502	9.207000

33.558057	6.827000

33.560611	7.299000

33.563166	7.692000

33.565720	8.131000

33.568274	9.743000

33.570829	9.791000

33.573383	10.234000

33.575938	10.283000

33.578492	10.650000

33.581047	10.990000

33.583601	10.545000

33.586156	11.006000

33.588710	10.680000

33.591265	10.892000

33.593819	10.736000

33.596374	10.742000

33.598928	10.333000

33.601483	9.885000

33.604037	9.755000

33.606591	9.197000

33.609146	6.347000

33.611700	8.567000

33.614255	7.976000

33.616809	7.863000

33.619364	7.154000

33.621918	7.509000

33.624473	9.588000

33.627027	9.696000

33.629582	9.714000

33.632136	9.707000

33.634691	10.103000

33.637245	9.556000

33.639800	9.631000

33.642354	8.962000

33.644909	8.594000

33.647463	8.866000

33.650017	7.857000

33.652572	0.000000

33.655126	5.293000

33.657681	6.968000

33.660235	6.461000

33.662790	8.432000

33.665344	6.189000

33.667899	8.359000

33.670453	8.720000

33.673008	8.576000

33.675562	9.949000

33.678117	10.047000

33.680671	8.653000

33.683226	7.996000

33.685780	5.912000

33.688334	5.785000

33.690889	7.373000

33.693443	8.269000

33.695998	8.205000

33.698552	8.084000

33.701107	9.711000

33.703661	8.588000

33.706216	9.168000

33.708770	8.221000

33.711325	5.786000

33.713879	8.480000

33.716434	8.021000

33.718988	6.985000

33.721543	8.882000

33.724097	10.190000

33.726652	10.068000

33.729206	10.295000

33.731760	10.020000

33.734315	10.771000

33.736869	10.161000

33.739424	10.322000

33.741978	9.827000

33.744533	9.298000

33.747087	9.712000

33.749642	10.196000

33.752196	10.013000

33.754751	9.627000

33.757305	8.782000

33.759860	9.861000

33.762414	9.841000

33.764969	8.334000

33.767523	6.953000

33.770077	6.093000

33.772632	4.574000

33.775186	6.494000

33.777741	5.192000

33.780295	6.345000

33.782850	8.482000

33.785404	9.313000

33.787959	8.737000

33.790513	10.004000

33.793068	9.947000

33.795622	10.373000

33.798177	11.304000

33.800731	11.371000

33.803286	11.200000

33.805840	11.124000

33.808395	10.992000

33.810949	10.835000

33.813503	9.969000

33.816058	9.853000

33.818612	8.595000

33.821167	7.407000

33.823721	8.474000

33.826276	4.718000

33.828830	7.256000

33.831385	6.578000

33.833939	8.467000

33.836494	9.089000

33.839048	8.988000

33.841603	9.788000

33.844157	9.174000

33.846712	8.827000

33.849266	8.831000

33.851820	8.296000

33.854375	5.225000

33.856929	0.000000

33.859484	7.883000

33.862038	8.027000

33.864593	8.148000

33.867147	8.090000

33.869702	7.266000

33.872256	7.472000

33.874811	8.454000

33.877365	8.416000

33.879920	8.862000

33.882474	8.755000

33.885029	9.416000

33.887583	8.951000

33.890138	7.443000

33.892692	5.069000

33.895246	6.107000

33.897801	7.975000

33.900355	9.047000

33.902910	8.533000

33.905464	7.900000

33.908019	6.277000

33.910573	8.212000

33.913128	6.557000

33.915682	0.000000

33.918237	5.530000

33.920791	8.194000

33.923346	8.197000

33.925900	6.561000

33.928455	8.373000

33.931009	9.336000

33.933563	9.675000

33.936118	8.516000

33.938672	8.451000

33.941227	7.062000

33.943781	8.181000

33.946336	8.275000

33.948890	5.964000

33.951445	6.666000

33.953999	8.634000

33.956554	8.631000

33.959108	8.085000

33.961663	7.952000

33.964217	9.416000

33.966772	9.001000

33.969326	8.886000

33.971881	9.041000

33.974435	9.619000

33.976989	10.256000

33.979544	9.658000

33.982098	9.883000

33.984653	8.915000

33.987207	8.750000

33.989762	9.516000

33.992316	9.644000

33.994871	9.788000

33.997425	9.476000

33.999980	9.367000

34.002534	9.096000

34.005089	8.205000

34.007643	8.273000

34.010198	7.556000

34.012752	5.360000

34.015306	2.033000

34.017861	2.944000

34.020415	7.248000

34.022970	8.538000

34.025524	8.118000

34.028079	9.143000

34.030633	9.842000

34.033188	9.757000

34.035742	9.009000

34.038297	7.960000

34.040851	5.763000

34.043406	8.309000

34.045960	10.205000

34.048515	10.745000

34.051069	10.521000

34.053624	10.479000

34.056178	9.714000

34.058732	10.073000

34.061287	9.483000

34.063841	7.429000

34.066396	4.289000

34.068950	8.103000

34.071505	6.528000

34.074059	0.818000

34.076614	7.391000

34.079168	0.000000

34.081723	7.531000

34.084277	10.074000

34.086832	8.604000

34.089386	4.835000

34.091941	4.092000

34.094495	1.359000

34.097050	0.315000

34.099604	4.289000

34.102158	6.383000

34.104713	8.237000

34.107267	0.000000

34.109822	7.859000

34.112376	6.800000

34.114931	7.130000

34.117485	7.948000

34.120040	7.602000

34.122594	7.059000

34.125149	3.055000

34.127703	7.392000

34.130258	0.053000

34.132812	7.804000

34.135367	7.564000

34.137921	6.270000

34.140475	3.451000

34.143030	5.302000

34.145584	7.955000

34.148139	9.972000

34.150693	9.438000

34.153248	9.726000

34.155802	9.477000

34.158357	9.666000

34.160911	8.246000

34.163466	9.600000

34.166020	10.687000

34.168575	11.270000

34.171129	11.104000

34.173684	11.223000

34.176238	11.274000

34.178793	11.140000

34.181347	11.382000

34.183901	10.929000

34.186456	11.059000

34.189010	11.009000

34.191565	10.811000

34.194119	10.726000

34.196674	10.380000

34.199228	10.051000

34.201783	10.560000

34.204337	10.938000

34.206892	10.899000

34.209446	9.769000

34.212001	10.143000

34.214555	10.084000

34.217110	9.898000

34.219664	10.432000

34.222218	9.688000

34.224773	9.367000

34.227327	9.647000

34.229882	10.726000

34.232436	10.446000

34.234991	10.356000

34.237545	10.283000

34.240100	10.089000

34.242654	9.788000

34.245209	8.743000

34.247763	8.866000

34.250318	9.026000

34.252872	9.018000

34.255427	6.832000

34.257981	7.485000

34.260536	5.288000

34.263090	3.174000

34.265644	7.363000

34.268199	0.000000

34.270753	4.095000

34.273308	8.837000

34.275862	9.262000

34.278417	10.180000

34.280971	9.871000

34.283526	9.741000

34.286080	7.613000

34.288635	8.673000

34.291189	7.998000

34.293744	8.424000

34.296298	7.762000

34.298853	7.392000

34.301407	7.229000

34.303961	5.248000

34.306516	7.877000

34.309070	8.090000

34.311625	8.022000

34.314179	8.448000

34.316734	8.998000

34.319288	9.186000

34.321843	10.310000

34.324397	10.492000

34.326952	9.928000

34.329506	9.583000

34.332061	10.509000

34.334615	10.413000

34.337170	10.198000

34.339724	9.732000

34.342279	8.597000

34.344833	8.968000

34.347387	6.797000

34.349942	5.199000

34.352496	4.307000

34.355051	7.873000

34.357605	8.872000

34.360160	8.250000

34.362714	7.362000

34.365269	6.917000

34.367823	7.672000

34.370378	3.583000

34.372932	5.077000

34.375487	6.568000

34.378041	7.724000

34.380596	6.747000

34.383150	5.302000

34.385704	8.678000

34.388259	7.204000

34.390813	8.460000

34.393368	9.183000

34.395922	9.412000

34.398477	9.558000

34.401031	9.732000

34.403586	9.808000

34.406140	10.401000

34.408695	10.614000

34.411249	11.176000

34.413804	10.769000

34.416358	10.770000

34.418913	10.585000

34.421467	10.524000

34.424022	10.578000

34.426576	10.278000

34.429130	10.176000

34.431685	10.185000

34.434239	10.146000

34.436794	10.367000

34.439348	10.798000

34.441903	10.349000

34.444457	9.571000

34.447012	9.936000

34.449566	10.060000

34.452121	9.468000

34.454675	10.375000

34.457230	10.432000

34.459784	10.644000

34.462339	10.712000

34.464893	11.215000

34.467447	11.150000

34.470002	11.244000

34.472556	11.387000

34.475111	11.737000

34.477665	11.333000

34.480220	11.098000

34.482774	10.189000

34.485329	10.338000

34.487883	10.425000

34.490438	10.355000

34.492992	9.751000

34.495547	10.634000

34.498101	10.108000

34.500656	10.292000

34.503210	9.951000

34.505765	10.380000

34.508319	9.888000

34.510873	9.488000

34.513428	9.592000

34.515982	9.444000

34.518537	7.178000

34.521091	8.591000

34.523646	5.619000

34.526200	8.975000

34.528755	9.404000

34.531309	9.312000

34.533864	8.350000

34.536418	8.825000

34.538973	5.889000

34.541527	8.246000

34.544082	8.750000

34.546636	8.872000

34.549190	8.881000

34.551745	8.866000

34.554299	7.586000

34.556854	8.596000

34.559408	8.303000

34.561963	6.116000

34.564517	8.461000

34.567072	6.942000

34.569626	8.353000

34.572181	7.693000

34.574735	3.596000

34.577290	6.977000

34.579844	4.758000

34.582399	1.402000

34.584953	7.530000

34.587508	7.290000

34.590062	8.172000

34.592616	8.915000

34.595171	9.285000

34.597725	8.864000

34.600280	6.649000

34.602834	7.490000

34.605389	9.070000

34.607943	7.182000

34.610498	7.530000

34.613052	7.456000

34.615607	8.632000

34.618161	9.000000

34.620716	9.542000

34.623270	9.283000

34.625825	8.451000

34.628379	0.000000

34.630933	6.758000

34.633488	8.255000

34.636042	7.428000

34.638597	8.006000

34.641151	6.964000

34.643706	5.037000

34.646260	8.158000

34.648815	5.882000

34.651369	4.544000

34.653924	4.228000

34.656478	8.986000

34.659033	8.885000

34.661587	8.870000

34.664142	9.350000

34.666696	9.215000

34.669251	9.210000

34.671805	7.840000

34.674359	2.556000

34.676914	5.216000

34.679468	4.914000

34.682023	7.768000

34.684577	7.816000

34.687132	8.180000

34.689686	1.493000

34.692241	9.276000

34.694795	9.093000

34.697350	8.516000

34.699904	9.059000

34.702459	6.886000

34.705013	7.063000

34.707568	5.269000

34.710122	6.136000

34.712676	7.875000

34.715231	8.899000

34.717785	8.518000

34.720340	4.153000

34.722894	6.036000

34.725449	0.778000

34.728003	5.787000

34.730558	0.000000

34.733112	4.670000

34.735667	0.000000

34.738221	5.463000

34.740776	5.371000

34.743330	9.504000

34.745885	10.783000

34.748439	11.142000

34.750994	11.523000

34.753548	11.102000

34.756102	11.182000

34.758657	11.153000

34.761211	10.810000

34.763766	10.366000

34.766320	10.311000

34.768875	10.073000

34.771429	9.970000

34.773984	9.965000

34.776538	10.777000

34.779093	11.364000

34.781647	11.249000

34.784202	11.209000

34.786756	11.187000

34.789311	11.032000

34.791865	11.066000

34.794419	11.404000

34.796974	12.040000

34.799528	11.759000

34.802083	11.504000

34.804637	11.694000

34.807192	11.912000

34.809746	12.083000

34.812301	11.875000

34.814855	11.986000

34.817410	12.059000

34.819964	11.294000

34.822519	10.011000

34.825073	10.745000

34.827628	10.475000

34.830182	9.834000

34.832737	10.124000

34.835291	9.987000

34.837845	9.622000

34.840400	6.140000

34.842954	8.719000

34.845509	9.367000

34.848063	8.447000

34.850618	0.000000

34.853172	7.392000

34.855727	7.867000

34.858281	9.429000

34.860836	10.170000

34.863390	9.537000

34.865945	8.912000

34.868499	9.175000

34.871054	8.643000

34.873608	6.578000

34.876162	8.866000

34.878717	8.800000

34.881271	9.873000

34.883826	9.001000

34.886380	9.182000

34.888935	9.005000

34.891489	4.826000

34.894044	7.063000

34.896598	5.179000

34.899153	7.487000

34.901707	7.366000

34.904262	5.333000

34.906816	5.761000

34.909371	0.000000

34.911925	4.470000

34.914480	0.820000

34.917034	8.624000

34.919588	7.538000

34.922143	8.104000

34.924697	8.297000

34.927252	7.769000

34.929806	6.615000

34.932361	6.976000

34.934915	7.136000

34.937470	0.111000

34.940024	4.913000

34.942579	8.205000

34.945133	8.643000

34.947688	4.715000

34.950242	6.041000

34.952797	3.435000

34.955351	3.519000

34.957905	8.559000

34.960460	6.654000

34.963014	6.462000

34.965569	8.943000

34.968123	8.945000

34.970678	8.829000

34.973232	9.034000

34.975787	8.889000

34.978341	9.546000

34.980896	9.623000

34.983450	10.563000

34.986005	10.458000

34.988559	9.238000

34.991114	8.921000

34.993668	9.659000

34.996223	10.921000

34.998777	11.249000

35.001331	9.759000

35.003886	10.103000

35.006440	10.502000

35.008995	9.900000

35.011549	8.735000

35.014104	9.726000

35.016658	10.294000

35.019213	10.470000

35.021767	11.014000

35.024322	11.075000

35.026876	10.647000

35.029431	10.432000

35.031985	10.687000

35.034540	11.134000

35.037094	10.674000

35.039648	9.893000

35.042203	10.251000

35.044757	11.035000

35.047312	10.907000

35.049866	10.438000

35.052421	10.748000

35.054975	11.173000

35.057530	11.019000

35.060084	11.363000

35.062639	11.541000

35.065193	11.040000

35.067748	10.602000

35.070302	10.806000

35.072857	10.942000

35.075411	10.970000

35.077966	10.684000

35.080520	10.456000

35.083074	9.946000

35.085629	9.127000

35.088183	8.571000

35.090738	7.953000

35.093292	8.126000

35.095847	5.838000

35.098401	6.167000

35.100956	4.569000

35.103510	8.589000

35.106065	8.582000

35.108619	8.134000

35.111174	6.092000

35.113728	8.195000

35.116283	7.927000

35.118837	8.908000

35.121391	8.938000

35.123946	7.487000

35.126500	2.960000

35.129055	0.366000

35.131609	4.794000

35.134164	5.453000

35.136718	5.053000

35.139273	5.173000

35.141827	8.175000

35.144382	8.304000

35.146936	0.000000

35.149491	6.627000

35.152045	4.538000

35.154600	6.738000

35.157154	8.078000

35.159709	8.992000

35.162263	9.015000

35.164817	8.553000

35.167372	9.422000

35.169926	8.811000

35.172481	9.240000

35.175035	7.544000

35.177590	8.057000

35.180144	3.826000

35.182699	3.160000

35.185253	6.935000

35.187808	7.174000

35.190362	6.055000

35.192917	1.379000

35.195471	4.345000

35.198026	6.959000

35.200580	7.766000

35.203134	8.911000

35.205689	7.944000

35.208243	4.300000

35.210798	5.483000

35.213352	4.002000

35.215907	6.968000

35.218461	3.205000

35.221016	4.120000

35.223570	8.921000

35.226125	7.528000

35.228679	0.000000

35.231234	6.943000

35.233788	4.917000

35.236343	4.734000

35.238897	0.000000

35.241452	6.423000

35.244006	5.719000

35.246560	7.198000

35.249115	6.621000

35.251669	8.557000

35.254224	7.445000

35.256778	2.301000

35.259333	7.596000

35.261887	8.876000

35.264442	9.393000

35.266996	6.882000

35.269551	8.645000

35.272105	9.489000

35.274660	7.674000

35.277214	8.114000

35.279769	8.627000

35.282323	9.638000

35.284877	9.082000

35.287432	9.297000

35.289986	8.771000

35.292541	9.049000

35.295095	9.828000

35.297650	9.879000

35.300204	9.259000

35.302759	8.543000

35.305313	8.228000

35.307868	6.489000

35.310422	6.391000

35.312977	7.900000

35.315531	5.013000

35.318086	7.430000

35.320640	8.638000

35.323195	8.893000

35.325749	7.749000

35.328303	8.637000

35.330858	5.820000

35.333412	6.115000

35.335967	6.355000

35.338521	7.464000

35.341076	7.978000

35.343630	8.783000

35.346185	8.838000

35.348739	8.933000

35.351294	8.938000

35.353848	8.116000

35.356403	9.128000

35.358957	10.253000

35.361512	10.217000

35.364066	10.520000

35.366620	10.720000

35.369175	9.573000

35.371729	10.070000

35.374284	9.082000

35.376838	7.467000

35.379393	6.748000

35.381947	3.056000

35.384502	6.860000

35.387056	8.833000

35.389611	9.455000

35.392165	7.354000

35.394720	7.227000

35.397274	9.320000

35.399829	10.362000

35.402383	11.222000

35.404938	11.000000

35.407492	11.068000

35.410046	11.026000

35.412601	9.972000

35.415155	10.115000

35.417710	9.951000

35.420264	9.753000

35.422819	10.148000

35.425373	10.156000

35.427928	9.536000

35.430482	9.209000

35.433037	9.404000

35.435591	10.477000

35.438146	10.761000

35.440700	10.202000

35.443255	10.662000

35.445809	10.208000

35.448363	10.392000

35.450918	10.329000

35.453472	10.147000

35.456027	10.354000

35.458581	10.873000

35.461136	10.391000

35.463690	10.273000

35.466245	9.551000

35.468799	8.509000

35.471354	8.475000

35.473908	0.247000

35.476463	4.381000

35.479017	0.000000

35.481572	6.847000

35.484126	7.843000

35.486681	0.961000

35.489235	3.576000

35.491789	7.232000

35.494344	8.736000

35.496898	9.072000

35.499453	10.096000

35.502007	8.267000

35.504562	10.016000

35.507116	9.409000

35.509671	9.692000

35.512225	10.158000

35.514780	9.740000

35.517334	10.089000

35.519889	10.051000

35.522443	9.938000

35.524998	8.907000

35.527552	8.431000

35.530106	7.070000

35.532661	7.486000

35.535215	5.035000

35.537770	7.071000

35.540324	2.627000

35.542879	7.549000

35.545433	5.888000

35.547988	8.270000

35.550542	8.753000

35.553097	9.339000

35.555651	9.717000

35.558206	6.683000

35.560760	4.113000

35.563315	6.457000

35.565869	7.733000

35.568424	8.149000

35.570978	8.748000

35.573532	6.776000

35.576087	7.571000

35.578641	9.463000

35.581196	9.174000

35.583750	10.182000

35.586305	10.682000

35.588859	10.247000

35.591414	10.221000

35.593968	9.757000

35.596523	10.250000

35.599077	10.605000

35.601632	10.940000

35.604186	11.022000

35.606741	10.581000

35.609295	10.094000

35.611849	10.084000

35.614404	9.611000

35.616958	9.430000

35.619513	9.144000

35.622067	8.872000

35.624622	8.720000

35.627176	9.891000

35.629731	8.498000

35.632285	9.395000

35.634840	9.792000

35.637394	9.980000

35.639949	10.069000

35.642503	9.514000

35.645058	9.422000

35.647612	8.656000

35.650167	8.721000

35.652721	8.978000

35.655275	7.558000

35.657830	8.476000

35.660384	9.686000

35.662939	9.537000

35.665493	6.004000

35.668048	6.776000

35.670602	8.134000

35.673157	9.230000

35.675711	9.910000

35.678266	10.123000

35.680820	9.969000

35.683375	11.266000

35.685929	11.635000

35.688484	11.089000

35.691038	10.676000

35.693592	11.113000

35.696147	11.249000

35.698701	10.603000

35.701256	10.595000

35.703810	10.635000

35.706365	10.551000

35.708919	8.942000

35.711474	9.869000

35.714028	8.413000

35.716583	4.189000

35.719137	3.949000

35.721692	6.839000

35.724246	6.683000

35.726801	2.831000

35.729355	8.298000

35.731910	5.525000

35.734464	4.277000

35.737018	7.323000

35.739573	9.141000

35.742127	7.991000

35.744682	8.167000

35.747236	4.136000

35.749791	5.395000

35.752345	7.917000

35.754900	4.348000

35.757454	6.741000

35.760009	8.483000

35.762563	7.916000

35.765118	6.997000

35.767672	6.620000

35.770227	5.763000

35.772781	7.683000

35.775336	5.125000

35.777890	6.133000

35.780444	6.828000

35.782999	6.995000

35.785553	4.558000

35.788108	4.483000

35.790662	6.110000

35.793217	7.750000

35.795771	6.277000

35.798326	9.139000

35.800880	8.524000

35.803435	7.890000

35.805989	7.448000

35.808544	9.577000

35.811098	10.094000

35.813653	10.052000

35.816207	10.249000

35.818761	10.930000

35.821316	10.804000

35.823870	10.891000

35.826425	11.064000

35.828979	10.695000

35.831534	10.558000

35.834088	10.186000

35.836643	10.271000

35.839197	8.468000

35.841752	2.734000

35.844306	6.384000

35.846861	8.386000

35.849415	4.472000

35.851970	8.190000

35.854524	9.867000

35.857079	9.177000

35.859633	8.058000

35.862187	9.672000

35.864742	9.401000

35.867296	8.803000

35.869851	9.220000

35.872405	7.988000

35.874960	5.545000

35.877514	8.781000

35.880069	8.627000

35.882623	8.301000

35.885178	8.060000

35.887732	7.262000

35.890287	8.364000

35.892841	8.803000

35.895396	3.134000

35.897950	5.611000

35.900504	7.945000

35.903059	9.842000

35.905613	9.419000

35.908168	5.729000

35.910722	2.611000

35.913277	8.135000

35.915831	7.973000

35.918386	5.318000

35.920940	8.758000

35.923495	8.403000

35.926049	6.758000

35.928604	8.482000

35.931158	9.743000

35.933713	10.589000

35.936267	9.696000

35.938822	8.953000

35.941376	7.606000

35.943930	7.707000

35.946485	9.035000

35.949039	8.807000

35.951594	5.708000

35.954148	2.601000

35.956703	8.621000

35.959257	9.553000

35.961812	8.683000

35.964366	9.114000

35.966921	9.723000

35.969475	9.076000

35.972030	8.763000

35.974584	10.424000

35.977139	10.529000

35.979693	9.710000

35.982247	9.899000

35.984802	9.696000

35.987356	9.668000

35.989911	10.292000

35.992465	10.344000

35.995020	10.676000

35.997574	10.657000

36.000129	9.992000

36.002683	9.103000

36.005238	9.408000

36.007792	10.034000

36.010347	9.492000

36.012901	8.319000

36.015456	9.754000

36.018010	8.919000

36.020565	8.107000

36.023119	4.828000

36.025673	3.143000

36.028228	6.330000

36.030782	5.863000

36.033337	8.991000

36.035891	8.968000

36.038446	9.127000

36.041000	8.965000

36.043555	8.061000

36.046109	3.243000

36.048664	4.783000

36.051218	8.157000

36.053773	8.401000

36.056327	6.756000

36.058882	8.395000

36.061436	9.518000

36.063990	9.409000

36.066545	7.043000

36.069099	4.593000

36.071654	7.163000

36.074208	7.446000

36.076763	7.146000

36.079317	8.504000

36.081872	8.086000

36.084426	6.299000

36.086981	6.815000

36.089535	6.895000

36.092090	6.831000

36.094644	6.102000

36.097199	5.222000

36.099753	5.842000

36.102308	5.224000

36.104862	7.056000

36.107416	7.424000

36.109971	5.504000

36.112525	3.551000

36.115080	3.877000

36.117634	8.278000

36.120189	8.861000

36.122743	9.698000

36.125298	9.753000

36.127852	9.640000

36.130407	10.008000

36.132961	9.475000

36.135516	9.584000

36.138070	9.032000

36.140625	8.544000

36.143179	5.230000

36.145733	7.200000

36.148288	9.070000

36.150842	9.461000

36.153397	9.482000

36.155951	8.079000

36.158506	5.590000

36.161060	6.288000

36.163615	7.714000

36.166169	7.270000

36.168724	7.359000

36.171278	8.967000

36.173833	6.926000

36.176387	6.501000

36.178942	6.051000

36.181496	6.443000

36.184051	7.493000

36.186605	7.229000

36.189159	7.290000

36.191714	3.980000

36.194268	7.796000

36.196823	7.082000

36.199377	6.744000

36.201932	8.154000

36.204486	8.508000

36.207041	9.734000

36.209595	10.036000

36.212150	10.421000

36.214704	11.010000

36.217259	10.539000

36.219813	9.781000

36.222368	9.782000

36.224922	10.255000

36.227476	10.659000

36.230031	9.528000

36.232585	8.944000

36.235140	8.793000

36.237694	5.619000

36.240249	0.383000

36.242803	7.828000

36.245358	8.900000

36.247912	8.970000

36.250467	9.737000

36.253021	9.560000

36.255576	9.560000

36.258130	7.585000

36.260685	5.128000

36.263239	4.322000

36.265794	5.999000

36.268348	6.467000

36.270902	6.757000

36.273457	5.539000

36.276011	9.159000

36.278566	9.293000

36.281120	9.198000

36.283675	9.543000

36.286229	10.416000

36.288784	10.520000

36.291338	10.635000

36.293893	11.097000

36.296447	11.232000

36.299002	11.542000

36.301556	11.039000

36.304111	10.852000

36.306665	10.319000

36.309219	10.412000

36.311774	10.439000

36.314328	10.924000

36.316883	10.918000

36.319437	10.337000

36.321992	10.598000

36.324546	10.720000

36.327101	10.385000

36.329655	9.909000

36.332210	9.688000

36.334764	8.277000

36.337319	2.849000

36.339873	2.905000

36.342428	7.098000

36.344982	7.861000

36.347537	9.016000

36.350091	6.988000

36.352645	7.552000

36.355200	7.926000

36.357754	8.456000

36.360309	8.233000

36.362863	6.549000

36.365418	7.041000

36.367972	1.664000

36.370527	7.275000

36.373081	7.280000

36.375636	4.920000

36.378190	5.832000

36.380745	8.438000

36.383299	8.447000

36.385854	8.754000

36.388408	8.465000

36.390962	9.199000

36.393517	6.548000

36.396071	5.475000

36.398626	4.777000

36.401180	6.801000

36.403735	8.307000

36.406289	7.414000

36.408844	2.503000

36.411398	6.142000

36.413953	8.865000

36.416507	9.433000

36.419062	9.159000

36.421616	8.590000

36.424171	8.890000

36.426725	6.824000

36.429280	7.333000

36.431834	7.278000

36.434388	8.055000

36.436943	7.062000

36.439497	9.684000

36.442052	9.946000

36.444606	9.630000

36.447161	8.702000

36.449715	9.617000

36.452270	10.730000

36.454824	10.382000

36.457379	10.859000

36.459933	10.738000

36.462488	10.923000

36.465042	11.323000

36.467597	11.123000

36.470151	10.806000

36.472705	11.297000

36.475260	11.537000

36.477814	11.190000

36.480369	10.771000

36.482923	10.160000

36.485478	10.171000

36.488032	9.295000

36.490587	10.441000

36.493141	10.271000

36.495696	9.447000

36.498250	10.063000

36.500805	10.499000

36.503359	10.521000

36.505914	9.879000

36.508468	9.967000

36.511023	9.789000

36.513577	9.158000

36.516131	5.995000

36.518686	6.956000

36.521240	2.474000

36.523795	7.501000

36.526349	6.751000

36.528904	1.574000

36.531458	6.907000

36.534013	8.092000

36.536567	8.332000

36.539122	8.377000

36.541676	7.873000

36.544231	9.183000

36.546785	9.481000

36.549340	7.729000

36.551894	9.047000

36.554448	6.883000

36.557003	5.609000

36.559557	7.156000

36.562112	9.547000

36.564666	9.505000

36.567221	9.996000

36.569775	9.421000

36.572330	10.193000

36.574884	10.455000

36.577439	10.901000

36.579993	10.402000

36.582548	10.013000

36.585102	10.233000

36.587657	9.938000

36.590211	10.695000

36.592766	10.642000

36.595320	10.964000

36.597874	10.413000

36.600429	10.609000

36.602983	10.253000

36.605538	10.234000

36.608092	10.804000

36.610647	11.435000

36.613201	11.162000

36.615756	10.869000

36.618310	10.668000

36.620865	10.179000

36.623419	10.186000

36.625974	10.566000

36.628528	10.283000

36.631083	10.808000

36.633637	11.231000

36.636191	11.341000

36.638746	10.824000

36.641300	10.742000

36.643855	10.621000

36.646409	10.652000

36.648964	10.684000

36.651518	10.531000

36.654073	9.445000

36.656627	9.932000

36.659182	8.106000

36.661736	7.366000

36.664291	5.851000

36.666845	7.774000

36.669400	7.829000

36.671954	8.261000

36.674509	2.716000

36.677063	8.081000

36.679617	9.895000

36.682172	9.047000

36.684726	8.695000

36.687281	9.736000

36.689835	9.150000

36.692390	8.806000

36.694944	9.735000

36.697499	10.255000

36.700053	10.732000

36.702608	10.235000

36.705162	9.834000

36.707717	8.291000

36.710271	8.106000

36.712826	7.519000

36.715380	8.644000

36.717934	4.525000

36.720489	4.680000

36.723043	7.057000

36.725598	6.858000

36.728152	5.925000

36.730707	5.537000

36.733261	4.269000

36.735816	8.036000

36.738370	3.190000

36.740925	9.488000

36.743479	9.780000

36.746034	10.662000

36.748588	10.408000

36.751143	10.805000

36.753697	10.517000

36.756252	10.742000

36.758806	10.947000

36.761360	10.823000

36.763915	11.033000

36.766469	10.959000

36.769024	11.227000

36.771578	11.709000

36.774133	11.282000

36.776687	10.610000

36.779242	10.699000

36.781796	9.592000

36.784351	5.653000

36.786905	7.943000

36.789460	8.129000

36.792014	9.826000

36.794569	7.685000

36.797123	9.029000

36.799677	9.083000

36.802232	8.586000

36.804786	8.300000

36.807341	7.973000

36.809895	9.214000

36.812450	9.026000

36.815004	8.232000

36.817559	9.414000

36.820113	10.212000

36.822668	10.842000

36.825222	11.057000

36.827777	11.181000

36.830331	10.860000

36.832886	10.528000

36.835440	9.543000

36.837995	9.907000

36.840549	10.150000

36.843103	9.131000

36.845658	9.122000

36.848212	8.423000

36.850767	8.434000

36.853321	6.586000

36.855876	2.577000

36.858430	6.965000

36.860985	1.596000

36.863539	5.472000

36.866094	6.929000

36.868648	6.174000

36.871203	5.666000

36.873757	1.684000

36.876312	2.847000

36.878866	3.239000

36.881420	5.201000

36.883975	8.389000

36.886529	6.879000

36.889084	5.342000

36.891638	0.571000

36.894193	7.684000

36.896747	8.615000

36.899302	8.110000

36.901856	9.097000

36.904411	8.542000

36.906965	8.413000

36.909520	9.564000

36.912074	9.751000

36.914629	7.798000

36.917183	8.564000

36.919738	9.339000

36.922292	8.635000

36.924846	9.668000

36.927401	9.195000

36.929955	9.401000

36.932510	9.519000

36.935064	8.386000

36.937619	4.017000

36.940173	7.884000

36.942728	8.058000

36.945282	7.192000

36.947837	4.748000

36.950391	6.590000

36.952946	8.964000

36.955500	9.818000

36.958055	9.447000

36.960609	9.941000

36.963163	10.277000

36.965718	10.155000

36.968272	10.939000

36.970827	11.028000

36.973381	10.719000

36.975936	10.711000

36.978490	10.363000

36.981045	9.417000

36.983599	9.720000

36.986154	9.403000

36.988708	9.646000

36.991263	9.877000

36.993817	10.568000

36.996372	10.143000

36.998926	8.950000

37.001481	8.943000

37.004035	8.315000

37.006589	8.204000

37.009144	7.359000

37.011698	2.941000

37.014253	6.457000

37.016807	5.345000

37.019362	3.138000

37.021916	6.951000

37.024471	1.292000

37.027025	6.764000

37.029580	0.000000

37.032134	3.161000

37.034689	6.120000

37.037243	8.450000

37.039798	7.382000

37.042352	8.634000

37.044906	8.146000

37.047461	9.211000

37.050015	8.659000

37.052570	8.098000

37.055124	7.579000

37.057679	1.421000

37.060233	8.016000

37.062788	8.845000

37.065342	8.834000

37.067897	8.004000

37.070451	6.489000

37.073006	1.726000

37.075560	8.376000

37.078115	9.035000

37.080669	9.339000

37.083224	8.895000

37.085778	9.105000

37.088332	9.251000

37.090887	9.638000

37.093441	9.859000

37.095996	10.042000

37.098550	9.993000

37.101105	9.916000

37.103659	7.989000

37.106214	7.554000

37.108768	3.473000

37.111323	5.046000

37.113877	5.510000

37.116432	5.484000

37.118986	5.783000

37.121541	1.064000

37.124095	6.613000

37.126649	8.014000

37.129204	6.789000

37.131758	7.790000

37.134313	6.617000

37.136867	7.794000

37.139422	8.320000

37.141976	8.871000

37.144531	9.161000

37.147085	8.375000

37.149640	7.453000

37.152194	9.165000

37.154749	8.779000

37.157303	4.157000

37.159858	7.433000

37.162412	7.834000

37.164967	9.438000

37.167521	9.577000

37.170075	8.859000

37.172630	9.337000

37.175184	9.845000

37.177739	9.431000

37.180293	10.133000

37.182848	10.054000

37.185402	10.169000

37.187957	10.577000

37.190511	9.969000

37.193066	9.835000

37.195620	9.245000

37.198175	9.026000

37.200729	9.923000

37.203284	10.165000

37.205838	10.323000

37.208392	9.773000

37.210947	9.190000

37.213501	9.740000

37.216056	9.357000

37.218610	9.143000

37.221165	10.158000

37.223719	9.493000

37.226274	8.844000

37.228828	9.114000

37.231383	9.120000

37.233937	9.669000

37.236492	10.250000

37.239046	10.376000

37.241601	10.490000

37.244155	9.525000

37.246710	9.051000

37.249264	9.276000

37.251818	9.548000

37.254373	10.290000

37.256927	9.926000

37.259482	10.127000

37.262036	9.416000

37.264591	8.963000

37.267145	9.859000

37.269700	10.403000

37.272254	10.193000

37.274809	9.601000

37.277363	10.351000

37.279918	9.362000

37.282472	8.756000

37.285027	9.657000

37.287581	10.347000

37.290135	10.251000

37.292690	10.226000

37.295244	10.469000

37.297799	10.458000

37.300353	10.249000

37.302908	8.895000

37.305462	7.675000

37.308017	3.072000

37.310571	6.880000

37.313126	7.570000

37.315680	5.102000

37.318235	6.163000

37.320789	7.406000

37.323344	7.655000

37.325898	7.265000

37.328453	7.821000

37.331007	8.203000

37.333561	9.069000

37.336116	6.360000

37.338670	6.583000

37.341225	5.499000

37.343779	4.399000

37.346334	7.949000

37.348888	9.047000

37.351443	10.194000

37.353997	10.237000

37.356552	10.131000

37.359106	7.982000

37.361661	5.934000

37.364215	5.264000

37.366770	6.613000

37.369324	8.145000

37.371878	7.309000

37.374433	9.424000

37.376987	10.165000

37.379542	7.541000

37.382096	8.350000

37.384651	4.468000

37.387205	6.984000

37.389760	4.837000

37.392314	5.189000

37.394869	5.670000

37.397423	7.527000

37.399978	7.134000

37.402532	9.009000

37.405087	7.015000

37.407641	7.865000

37.410196	7.241000

37.412750	2.702000

37.415304	7.167000

37.417859	7.656000

37.420413	7.589000

37.422968	7.949000

37.425522	10.108000

37.428077	9.720000

37.430631	9.883000

37.433186	10.614000

37.435740	10.349000

37.438295	10.863000

37.440849	10.549000

37.443404	10.022000

37.445958	9.577000

37.448513	9.014000

37.451067	9.293000

37.453621	8.965000

37.456176	8.366000

37.458730	8.879000

37.461285	9.336000

37.463839	9.669000

37.466394	9.287000

37.468948	8.563000

37.471503	7.934000

37.474057	7.600000

37.476612	7.280000

37.479166	7.583000

37.481721	7.993000

37.484275	2.306000

37.486830	5.979000

37.489384	9.322000

37.491939	9.851000

37.494493	9.195000

37.497047	9.008000

37.499602	10.024000

37.502156	8.017000

37.504711	6.104000

37.507265	8.522000

37.509820	8.624000

37.512374	7.683000

37.514929	8.443000

37.517483	8.007000

37.520038	7.594000

37.522592	9.996000

37.525147	9.146000

37.527701	8.742000

37.530256	8.512000

37.532810	4.893000

37.535365	2.738000

37.537919	6.749000

37.540473	4.151000

37.543028	8.871000

37.545582	3.592000

37.548137	8.738000

37.550691	7.855000

37.553246	7.166000

37.555800	8.695000

37.558355	8.485000

37.560909	4.546000

37.563464	7.250000

37.566018	4.591000

37.568573	8.739000

37.571127	7.788000

37.573682	8.501000

37.576236	8.331000

37.578790	4.900000

37.581345	7.307000

37.583899	6.843000

37.586454	8.572000

37.589008	7.610000

37.591563	6.387000

37.594117	6.288000

37.596672	5.235000

37.599226	8.495000

37.601781	7.822000

37.604335	3.484000

37.606890	4.645000

37.609444	4.818000

37.611999	8.836000

37.614553	7.228000

37.617108	9.168000

37.619662	9.363000

37.622216	9.278000

37.624771	5.980000

37.627325	5.983000

37.629880	1.714000

37.632434	6.029000

37.634989	5.619000

37.637543	7.286000

37.640098	6.653000

37.642652	6.760000

37.645207	8.017000

37.647761	8.180000

37.650316	2.841000

37.652870	5.704000

37.655425	7.386000

37.657979	7.249000

37.660533	7.669000

37.663088	8.789000

37.665642	9.213000

37.668197	7.235000

37.670751	5.222000

37.673306	2.298000

37.675860	1.700000

37.678415	6.378000

37.680969	7.580000

37.683524	0.000000

37.686078	4.913000

37.688633	7.315000

37.691187	8.041000

37.693742	6.814000

37.696296	6.516000

37.698851	3.962000

37.701405	3.678000

37.703959	7.854000

37.706514	7.903000

37.709068	6.458000

37.711623	7.572000

37.714177	7.092000

37.716732	7.652000

37.719286	7.582000

37.721841	6.843000

37.724395	6.721000

37.726950	5.229000

37.729504	7.561000

37.732059	6.237000

37.734613	4.500000

37.737168	7.807000

37.739722	9.106000

37.742276	8.387000

37.744831	8.787000

37.747385	10.225000

37.749940	10.403000

37.752494	9.432000

37.755049	7.807000

37.757603	7.995000

37.760158	7.098000

37.762712	5.133000

37.765267	2.549000

37.767821	6.589000

37.770376	8.255000

37.772930	8.985000

37.775485	9.710000

37.778039	10.342000

37.780594	10.753000

37.783148	10.878000

37.785702	10.754000

37.788257	10.853000

37.790811	10.356000

37.793366	10.770000

37.795920	9.749000

37.798475	5.793000

37.801029	0.000000

37.803584	4.921000

37.806138	7.848000

37.808693	7.957000

37.811247	7.741000

37.813802	6.085000

37.816356	6.409000

37.818911	7.633000

37.821465	9.118000

37.824019	7.194000

37.826574	5.072000

37.829128	5.766000

37.831683	3.176000

37.834237	5.977000

37.836792	2.077000

37.839346	8.722000

37.841901	7.736000

37.844455	9.536000

37.847010	10.239000

37.849564	9.655000

37.852119	8.422000

37.854673	5.990000

37.857228	2.485000

37.859782	3.128000

37.862337	6.816000

37.864891	8.612000

37.867445	8.274000

37.870000	7.372000

37.872554	5.961000

37.875109	7.606000

37.877663	7.576000

37.880218	8.558000

37.882772	8.872000

37.885327	7.836000

37.887881	6.718000

37.890436	8.892000

37.892990	8.237000

37.895545	8.838000

37.898099	6.265000

37.900654	4.607000

37.903208	7.881000

37.905762	6.224000

37.908317	6.273000

37.910871	3.858000

37.913426	6.235000

37.915980	7.514000

37.918535	9.407000

37.921089	9.009000

37.923644	10.116000

37.926198	10.408000

37.928753	10.627000

37.931307	9.399000

37.933862	8.746000

37.936416	7.325000

37.938971	9.806000

37.941525	9.716000

37.944080	9.256000

37.946634	9.730000

37.949188	9.041000

37.951743	5.182000

37.954297	1.513000

37.956852	5.367000

37.959406	4.430000

37.961961	5.080000

37.964515	5.442000

37.967070	7.079000

37.969624	7.833000

37.972179	6.079000

37.974733	1.511000

37.977288	6.212000

37.979842	6.069000

37.982397	8.365000

37.984951	8.512000

37.987505	3.220000

37.990060	0.949000

37.992614	7.327000

37.995169	9.910000

37.997723	9.946000

38.000278	9.493000

38.002832	8.649000

38.005387	6.917000

38.007941	9.426000

38.010496	9.240000

38.013050	8.548000

38.015605	5.336000

38.018159	8.547000

38.020714	8.694000

38.023268	6.742000

38.025823	7.843000

38.028377	8.720000

38.030931	9.290000

38.033486	9.196000

38.036040	8.997000

38.038595	8.847000

38.041149	9.675000

38.043704	9.768000

38.046258	9.266000

38.048813	8.722000

38.051367	9.342000

38.053922	8.510000

38.056476	9.044000

38.059031	6.496000

38.061585	6.317000

38.064140	8.926000

38.066694	6.579000

38.069248	0.000000

38.071803	6.200000

38.074357	0.289000

38.076912	0.000000

38.079466	7.367000

38.082021	8.427000

38.084575	8.081000

38.087130	7.968000

38.089684	7.296000

38.092239	6.026000

38.094793	8.675000

38.097348	8.486000

38.099902	8.156000

38.102457	7.508000

38.105011	5.017000

38.107566	0.000000

38.110120	9.114000

38.112674	9.028000

38.115229	9.392000

38.117783	7.739000

38.120338	4.432000

38.122892	6.621000

38.125447	5.921000

38.128001	5.733000

38.130556	6.835000

38.133110	5.885000

38.135665	6.542000

38.138219	8.879000

38.140774	9.219000

38.143328	9.387000

38.145883	9.251000

38.148437	9.184000

38.150991	8.996000

38.153546	9.721000

38.156100	9.306000

38.158655	10.038000

38.161209	9.394000

38.163764	7.833000

38.166318	7.171000

38.168873	7.904000

38.171427	6.202000

38.173982	5.095000

38.176536	9.131000

38.179091	9.813000

38.181645	9.239000

38.184200	9.379000

38.186754	8.361000

38.189309	6.869000

38.191863	6.524000

38.194417	6.880000

38.196972	0.976000

38.199526	6.302000

38.202081	6.027000

38.204635	7.575000

38.207190	6.867000

38.209744	5.652000

38.212299	5.255000

38.214853	4.836000

38.217408	7.961000

38.219962	10.029000

38.222517	9.532000

38.225071	9.993000

38.227626	9.916000

38.230180	9.772000

38.232734	9.617000

38.235289	9.014000

38.237843	7.824000

38.240398	8.991000

38.242952	9.237000

38.245507	8.380000

38.248061	9.323000

38.250616	8.772000

38.253170	8.807000

38.255725	8.060000

38.258279	5.224000

38.260834	5.044000

38.263388	7.326000

38.265943	6.630000

38.268497	4.585000

38.271052	5.718000

38.273606	4.858000

38.276160	6.088000

38.278715	6.776000

38.281269	5.771000

38.283824	8.139000

38.286378	8.343000

38.288933	8.006000

38.291487	9.481000

38.294042	9.118000

38.296596	7.962000

38.299151	8.841000

38.301705	5.880000

38.304260	6.287000

38.306814	5.913000

38.309369	8.444000

38.311923	5.711000

38.314477	5.731000

38.317032	6.552000

38.319586	6.733000

38.322141	7.172000

38.324695	8.299000

38.327250	7.365000

38.329804	7.563000

38.332359	8.778000

38.334913	9.857000

38.337468	9.439000

38.340022	9.079000

38.342577	8.436000

38.345131	6.760000

38.347686	4.922000

38.350240	5.594000

38.352795	7.947000

38.355349	4.938000

38.357903	6.029000

38.360458	7.171000

38.363012	7.203000

38.365567	3.980000

38.368121	4.870000

38.370676	3.110000

38.373230	8.551000

38.375785	10.141000

38.378339	10.947000

38.380894	10.889000

38.383448	10.896000

38.386003	10.765000

38.388557	11.010000

38.391112	10.030000

38.393666	10.092000

38.396220	8.981000

38.398775	9.078000

38.401329	6.450000

38.403884	7.300000

38.406438	6.431000

38.408993	9.107000

38.411547	10.039000

38.414102	8.605000

38.416656	5.946000

38.419211	7.897000

38.421765	9.269000

38.424320	9.414000

38.426874	7.780000

38.429429	8.181000

38.431983	7.023000

38.434538	6.297000

38.437092	7.682000

38.439646	5.078000

38.442201	3.320000

38.444755	8.114000

38.447310	6.647000

38.449864	7.306000

38.452419	2.820000

38.454973	8.568000

38.457528	8.628000

38.460082	9.543000

38.462637	7.925000

38.465191	5.277000

38.467746	5.014000

38.470300	8.256000

38.472855	9.360000

38.475409	9.958000

38.477963	10.058000

38.480518	10.331000

38.483072	10.118000

38.485627	9.662000

38.488181	9.804000

38.490736	9.800000

38.493290	10.062000

38.495845	11.156000

38.498399	11.105000

38.500954	10.875000

38.503508	10.197000

38.506063	9.857000

38.508617	9.742000

38.511172	10.266000

38.513726	10.277000

38.516281	9.542000

38.518835	9.387000

38.521389	9.364000

38.523944	8.692000

38.526498	6.293000

38.529053	0.019000

38.531607	6.146000

38.534162	6.065000

38.536716	9.185000

38.539271	10.448000

38.541825	10.764000

38.544380	11.143000

38.546934	11.020000

38.549489	10.542000

38.552043	9.641000

38.554598	10.069000

38.557152	9.701000

38.559706	8.719000

38.562261	6.835000

38.564815	8.634000

38.567370	8.079000

38.569924	8.866000

38.572479	7.954000

38.575033	7.517000

38.577588	7.883000

38.580142	1.747000

38.582697	2.532000

38.585251	6.033000

38.587806	8.229000

38.590360	7.602000

38.592915	8.655000

38.595469	6.817000

38.598024	7.221000

38.600578	7.497000

38.603132	6.960000

38.605687	6.135000

38.608241	8.191000

38.610796	8.672000

38.613350	10.124000

38.615905	10.781000

38.618459	11.047000

38.621014	11.326000

38.623568	11.833000

38.626123	11.901000

38.628677	11.977000

38.631232	11.947000

38.633786	12.210000

38.636341	12.063000

38.638895	12.066000

38.641449	11.973000

38.644004	11.990000

38.646558	12.187000

38.649113	11.806000

38.651667	11.065000

38.654222	11.444000

38.656776	10.740000

38.659331	9.656000

38.661885	9.863000

38.664440	9.106000

38.666994	9.267000

38.669549	8.345000

38.672103	7.864000

38.674658	8.678000

38.677212	8.411000

38.679767	9.126000

38.682321	9.126000

38.684875	9.834000

38.687430	9.998000

38.689984	10.399000

38.692539	10.502000

38.695093	10.883000

38.697648	10.305000

38.700202	10.061000

38.702757	10.198000

38.705311	8.990000

38.707866	9.266000

38.710420	6.886000

38.712975	7.186000

38.715529	1.842000

38.718084	7.532000

38.720638	5.956000

38.723192	6.577000

38.725747	4.074000

38.728301	7.004000

38.730856	8.890000

38.733410	9.292000

38.735965	8.997000

38.738519	7.911000

38.741074	5.387000

38.743628	8.982000

38.746183	9.137000

38.748737	10.020000

38.751292	9.875000

38.753846	9.969000

38.756401	10.274000

38.758955	10.764000

38.761510	10.938000

38.764064	10.764000

38.766618	10.561000

38.769173	10.567000

38.771727	10.705000

38.774282	10.777000

38.776836	10.805000

38.779391	10.720000

38.781945	11.037000

38.784500	10.990000

38.787054	10.862000

38.789609	11.066000

38.792163	10.873000

38.794718	10.657000

38.797272	10.673000

38.799827	10.820000

38.802381	10.858000

38.804935	10.641000

38.807490	10.600000

38.810044	10.821000

38.812599	11.150000

38.815153	10.933000

38.817708	10.646000

38.820262	10.231000

38.822817	9.791000

38.825371	3.120000

38.827926	6.545000

38.830480	6.825000

38.833035	8.561000

38.835589	8.804000

38.838144	6.974000

38.840698	7.053000

38.843253	8.485000

38.845807	8.994000

38.848361	8.040000

38.850916	6.877000

38.853470	8.644000

38.856025	9.624000

38.858579	8.516000

38.861134	7.292000

38.863688	6.848000

38.866243	8.577000

38.868797	10.076000

38.871352	9.268000

38.873906	9.522000

38.876461	9.978000

38.879015	10.117000

38.881570	8.616000

38.884124	7.750000

38.886678	7.537000

38.889233	8.784000

38.891787	8.188000

38.894342	8.228000

38.896896	6.537000

38.899451	6.819000

38.902005	3.941000

38.904560	5.396000

38.907114	5.227000

38.909669	6.656000

38.912223	7.327000

38.914778	9.156000

38.917332	8.231000

38.919887	7.303000

38.922441	6.997000

38.924996	4.815000

38.927550	5.050000

38.930104	4.030000

38.932659	8.252000

38.935213	8.094000

38.937768	8.951000

38.940322	6.132000

38.942877	0.000000

38.945431	8.673000

38.947986	7.624000

38.950540	2.195000

38.953095	7.023000

38.955649	8.240000

38.958204	9.722000

38.960758	10.234000

38.963313	9.967000

38.965867	9.262000

38.968421	9.646000

38.970976	9.006000

38.973530	10.005000

38.976085	10.567000

38.978639	9.947000

38.981194	9.246000

38.983748	7.579000

38.986303	5.455000

38.988857	7.801000

38.991412	7.651000

38.993966	8.140000

38.996521	9.148000

38.999075	9.793000

39.001630	10.124000

39.004184	11.108000

39.006739	10.762000

39.009293	9.769000

39.011847	9.601000

39.014402	9.379000

39.016956	10.398000

39.019511	9.999000

39.022065	8.957000

39.024620	7.001000

39.027174	7.209000

39.029729	0.000000

39.032283	6.278000

39.034838	7.736000

39.037392	6.539000

39.039947	8.024000

39.042501	7.339000

39.045056	5.692000

39.047610	7.468000

39.050164	7.939000

39.052719	3.750000

39.055273	6.637000

39.057828	3.264000

39.060382	6.991000

39.062937	6.912000

39.065491	3.352000

39.068046	6.017000

39.070600	6.612000

39.073155	9.114000

39.075709	8.165000

39.078264	6.452000

39.080818	7.186000

39.083373	8.707000

39.085927	7.226000

39.088482	3.974000

39.091036	6.246000

39.093590	8.675000

39.096145	8.571000

39.098699	6.707000

39.101254	7.825000

39.103808	4.396000

39.106363	6.520000

39.108917	6.832000

39.111472	7.999000

39.114026	7.576000

39.116581	8.009000

39.119135	8.042000

39.121690	7.821000

39.124244	4.597000

39.126799	7.320000

39.129353	6.232000

39.131907	7.034000

39.134462	7.679000

39.137016	9.345000

39.139571	9.301000

39.142125	9.629000

39.144680	9.724000

39.147234	8.471000

39.149789	6.412000

39.152343	9.568000

39.154898	10.396000

39.157452	10.381000

39.160007	10.176000

39.162561	10.381000

39.165116	10.049000

39.167670	9.485000

39.170225	9.349000

39.172779	9.885000

39.175333	10.167000

39.177888	9.777000

39.180442	7.706000

39.182997	8.042000

39.185551	3.167000

39.188106	7.604000

39.190660	5.261000

39.193215	7.858000

39.195769	7.683000

39.198324	7.705000

39.200878	5.763000

39.203433	7.451000

39.205987	8.395000

39.208542	8.906000

39.211096	1.016000

39.213651	5.622000

39.216205	7.850000

39.218759	8.075000

39.221314	7.289000

39.223868	7.289000

39.226423	7.904000

39.228977	8.040000

39.231532	3.105000

39.234086	8.347000

39.236641	6.703000

39.239195	5.402000

39.241750	8.294000

39.244304	9.032000

39.246859	8.910000

39.249413	9.240000

39.251968	8.243000

39.254522	8.107000

39.257076	4.412000

39.259631	7.632000

39.262185	4.849000

39.264740	5.029000

39.267294	0.000000

39.269849	6.858000

39.272403	6.533000

39.274958	0.000000

39.277512	6.448000

39.280067	7.852000

39.282621	7.147000

39.285176	8.665000

39.287730	9.195000

39.290285	9.479000

39.292839	10.140000

39.295394	10.398000

39.297948	9.774000

39.300502	9.227000

39.303057	9.666000

39.305611	10.121000

39.308166	9.704000

39.310720	9.412000

39.313275	10.268000

39.315829	10.229000

39.318384	10.258000

39.320938	10.458000

39.323493	9.794000

39.326047	10.373000

39.328602	9.960000

39.331156	10.369000

39.333711	9.745000

39.336265	10.486000

39.338819	10.442000

39.341374	9.835000

39.343928	9.522000

39.346483	2.919000

39.349037	3.304000

39.351592	7.964000

39.354146	10.458000

39.356701	11.074000

39.359255	11.041000

39.361810	11.142000

39.364364	11.333000

39.366919	11.344000

39.369473	11.441000

39.372028	11.155000

39.374582	11.609000

39.377137	11.318000

39.379691	11.482000

39.382245	11.577000

39.384800	11.361000

39.387354	11.164000

39.389909	10.688000

39.392463	10.158000

39.395018	10.285000

39.397572	9.146000

39.400127	8.250000

39.402681	0.466000

39.405236	5.077000

39.407790	5.497000

39.410345	8.462000

39.412899	9.957000

39.415454	10.496000

39.418008	9.648000

39.420562	8.395000

39.423117	8.778000

39.425671	8.891000

39.428226	9.696000

39.430780	10.501000

39.433335	10.081000

39.435889	10.776000

39.438444	9.927000

39.440998	9.096000

39.443553	9.772000

39.446107	10.758000

39.448662	10.213000

39.451216	10.262000

39.453771	9.212000

39.456325	8.177000

39.458880	8.298000

39.461434	9.019000

39.463988	8.749000

39.466543	10.221000

39.469097	10.473000

39.471652	10.747000

39.474206	10.971000

39.476761	11.673000

39.479315	10.659000

39.481870	10.488000

39.484424	11.241000

39.486979	10.908000

39.489533	10.738000

39.492088	11.087000

39.494642	11.173000

39.497197	11.338000

39.499751	11.529000

39.502305	11.393000

39.504860	11.401000

39.507414	11.946000

39.509969	11.820000

39.512523	11.666000

39.515078	11.159000

39.517632	10.772000

39.520187	10.447000

39.522741	11.046000

39.525296	11.052000

39.527850	11.256000

39.530405	11.493000

39.532959	11.359000

39.535514	11.754000

39.538068	11.522000

39.540623	11.579000

39.543177	11.296000

39.545731	10.952000

39.548286	10.672000

39.550840	10.766000

39.553395	10.667000

39.555949	10.487000

39.558504	10.621000

39.561058	10.119000

39.563613	9.188000

39.566167	9.706000

39.568722	10.023000

39.571276	8.652000

39.573831	8.101000

39.576385	9.208000

39.578940	8.659000

39.581494	9.210000

39.584048	8.905000

39.586603	8.692000

39.589157	9.189000

39.591712	9.645000

39.594266	8.971000

39.596821	8.128000

39.599375	7.944000

39.601930	5.184000

39.604484	5.204000

39.607039	5.727000

39.609593	5.642000

39.612148	3.305000

39.614702	4.519000

39.617257	5.414000

39.619811	5.827000

39.622366	9.255000

39.624920	10.200000

39.627474	10.048000

39.630029	9.824000

39.632583	7.187000

39.635138	1.137000

39.637692	7.848000

39.640247	6.028000

39.642801	6.020000

39.645356	5.938000

39.647910	2.434000

39.650465	3.509000

39.653019	5.963000

39.655574	7.952000

39.658128	8.420000

39.660683	9.209000

39.663237	9.811000

39.665791	10.793000

39.668346	10.945000

39.670900	10.513000

39.673455	10.922000

39.676009	9.404000

39.678564	8.348000

39.681118	9.838000

39.683673	8.557000

39.686227	8.098000

39.688782	7.483000

39.691336	8.607000

39.693891	9.670000

39.696445	9.994000

39.699000	9.815000

39.701554	9.184000

39.704109	8.919000

39.706663	8.762000

39.709217	9.082000

39.711772	9.964000

39.714326	9.897000

39.716881	9.068000

39.719435	9.862000

39.721990	10.464000

39.724544	9.916000

39.727099	9.807000

39.729653	10.382000

39.732208	10.815000

39.734762	10.279000

39.737317	9.116000

39.739871	8.359000

39.742426	5.491000

39.744980	7.994000

39.747534	7.609000

39.750089	8.890000

39.752643	7.877000

39.755198	8.162000

39.757752	9.420000

39.760307	7.441000

39.762861	7.073000

39.765416	7.047000

39.767970	7.871000

39.770525	8.553000

39.773079	8.786000

39.775634	9.324000

39.778188	9.350000

39.780743	8.757000

39.783297	9.196000

39.785852	3.969000

39.788406	6.184000

39.790960	7.397000

39.793515	7.277000

39.796069	8.598000

39.798624	10.074000

39.801178	10.077000

39.803733	9.393000

39.806287	10.241000

39.808842	9.995000

39.811396	9.238000

39.813951	8.092000

39.816505	8.412000

39.819060	8.736000

39.821614	7.079000

39.824169	8.242000

39.826723	6.884000

39.829277	9.686000

39.831832	9.773000

39.834386	9.616000

39.836941	9.964000

39.839495	9.372000

39.842050	7.868000

39.844604	7.156000

39.847159	2.863000

39.849713	7.068000

39.852268	8.790000

39.854822	8.949000

39.857377	9.732000

39.859931	7.978000

39.862486	9.437000

39.865040	7.383000

39.867595	8.477000

39.870149	3.238000

39.872703	8.262000

39.875258	7.618000

39.877812	8.512000

39.880367	7.183000

39.882921	8.057000

39.885476	8.100000

39.888030	4.213000

39.890585	1.957000

39.893139	0.000000

39.895694	7.959000

39.898248	6.855000

39.900803	7.455000

39.903357	6.274000

39.905912	5.628000

39.908466	7.429000

39.911020	4.879000

39.913575	7.236000

39.916129	6.809000

39.918684	7.101000

39.921238	6.910000

39.923793	8.116000

39.926347	7.057000

39.928902	7.541000

39.931456	7.473000

39.934011	5.627000

39.936565	5.958000

39.939120	8.308000

39.941674	8.307000

39.944229	5.575000

39.946783	7.083000

39.949338	8.244000

39.951892	8.106000

39.954446	7.455000

39.957001	7.441000

39.959555	7.569000

39.962110	9.149000

39.964664	10.055000

39.967219	10.142000

39.969773	10.525000

39.972328	10.813000

39.974882	10.924000

39.977437	10.726000

39.979991	10.416000

39.982546	10.063000

39.985100	11.000000

39.987655	10.282000

39.990209	9.381000

39.992763	8.540000

39.995318	8.293000

39.997872	6.061000

40.000427	7.731000

40.002981	6.595000

40.005536	6.153000

40.008090	9.155000

40.010645	9.339000

40.013199	9.885000

40.015754	10.130000

40.018308	10.998000

40.020863	10.934000

40.023417	10.432000

40.025972	10.658000

40.028526	11.198000

40.031081	10.883000

40.033635	10.759000

40.036189	10.602000

40.038744	10.086000

40.041298	9.598000

40.043853	9.944000

40.046407	10.245000

40.048962	10.281000

40.051516	8.323000

40.054071	4.986000

40.056625	2.301000

40.059180	7.490000

40.061734	6.796000

40.064289	5.804000

40.066843	8.323000

40.069398	7.028000

40.071952	4.683000

40.074506	3.469000

40.077061	2.807000

40.079615	6.414000

40.082170	8.874000

40.084724	9.414000

40.087279	8.896000

40.089833	7.845000

40.092388	6.094000

40.094942	8.383000

40.097497	9.979000

40.100051	10.874000

40.102606	10.404000

40.105160	10.597000

40.107715	10.721000

40.110269	10.046000

40.112824	8.759000

40.115378	8.708000

40.117932	9.495000

40.120487	9.631000

40.123041	9.580000

40.125596	8.958000

40.128150	8.588000

40.130705	6.046000

40.133259	2.568000

40.135814	0.000000

40.138368	2.562000

40.140923	6.093000

40.143477	9.273000

40.146032	9.734000

40.148586	10.033000

40.151141	9.839000

40.153695	10.091000

40.156249	9.916000

40.158804	9.520000

40.161358	10.065000

40.163913	10.373000

40.166467	9.864000

40.169022	10.295000

40.171576	10.327000

40.174131	10.938000

40.176685	11.112000

40.179240	11.275000

40.181794	11.113000

40.184349	11.169000

40.186903	11.020000

40.189458	11.007000

40.192012	10.695000

40.194567	11.285000

40.197121	10.787000

40.199675	10.161000

40.202230	10.190000

40.204784	10.221000

40.207339	9.935000

40.209893	10.885000

40.212448	10.728000

40.215002	10.747000

40.217557	8.203000

40.220111	7.882000

40.222666	6.278000

40.225220	6.929000

40.227775	8.420000

40.230329	8.271000

40.232884	6.794000

40.235438	9.071000

40.237992	8.998000

40.240547	9.352000

40.243101	9.247000

40.245656	7.624000

40.248210	5.491000

40.250765	4.341000

40.253319	8.380000

40.255874	8.722000

40.258428	7.930000

40.260983	1.946000

40.263537	5.186000

40.266092	3.464000

40.268646	2.734000

40.271201	6.026000

40.273755	5.176000

40.276310	6.770000

40.278864	6.686000

40.281418	8.763000

40.283973	8.091000

40.286527	6.683000

40.289082	8.632000

40.291636	8.123000

40.294191	8.755000

40.296745	9.537000

40.299300	9.356000

40.301854	8.603000

40.304409	9.440000

40.306963	8.931000

40.309518	7.159000

40.312072	3.988000

40.314627	4.495000

40.317181	5.737000

40.319735	5.401000

40.322290	7.483000

40.324844	6.531000

40.327399	1.087000

40.329953	0.000000

40.332508	8.728000

40.335062	9.003000

40.337617	9.400000

40.340171	9.456000

40.342726	8.916000

40.345280	9.419000

40.347835	10.525000

40.350389	10.418000

40.352944	9.234000

40.355498	9.838000

40.358053	8.475000

40.360607	10.079000

40.363161	9.417000

40.365716	10.015000

40.368270	9.171000

40.370825	9.532000

40.373379	9.549000

40.375934	8.916000

40.378488	7.175000

40.381043	7.098000

40.383597	7.512000

40.386152	5.515000

40.388706	6.283000

40.391261	7.718000

40.393815	6.355000

40.396370	6.104000

40.398924	9.295000

40.401478	9.049000

40.404033	10.533000

40.406587	10.425000

40.409142	10.562000

40.411696	10.039000

40.414251	10.870000

40.416805	10.497000

40.419360	11.001000

40.421914	11.159000

40.424469	11.091000

40.427023	11.197000

40.429578	11.365000

40.432132	11.424000

40.434687	11.030000

40.437241	11.174000

40.439796	11.130000

40.442350	10.599000

40.444904	9.972000

40.447459	9.317000

40.450013	7.607000

40.452568	8.329000

40.455122	8.088000

40.457677	6.514000

40.460231	9.178000

40.462786	7.772000

40.465340	5.952000

40.467895	3.995000

40.470449	6.239000

40.473004	6.412000

40.475558	6.310000

40.478113	6.980000

40.480667	7.028000

40.483221	5.947000

40.485776	6.686000

40.488330	7.850000

40.490885	7.314000

40.493439	9.039000

40.495994	8.273000

40.498548	8.298000

40.501103	4.166000

40.503657	2.734000

40.506212	5.864000

40.508766	5.284000

40.511321	8.143000

40.513875	7.201000

40.516430	7.311000

40.518984	5.885000

40.521539	5.474000

40.524093	8.159000

40.526647	8.781000

40.529202	8.291000

40.531756	9.979000

40.534311	10.436000

40.536865	10.669000

40.539420	10.522000

40.541974	10.161000

40.544529	7.719000

40.547083	8.224000

40.549638	9.168000

40.552192	6.767000

40.554747	5.001000

40.557301	8.523000

40.559856	8.400000

40.562410	9.461000

40.564964	10.261000

40.567519	10.281000

40.570073	10.265000

40.572628	10.133000

40.575182	9.637000

40.577737	8.565000

40.580291	10.035000

40.582846	9.665000

40.585400	9.050000

40.587955	10.404000

40.590509	10.913000

40.593064	11.012000

40.595618	11.418000

40.598173	11.078000

40.600727	10.688000

40.603282	10.556000

40.605836	10.305000

40.608390	9.476000

40.610945	8.892000

40.613499	8.962000

40.616054	8.269000

40.618608	8.850000

40.621163	8.931000

40.623717	4.583000

40.626272	5.124000

40.628826	2.216000

40.631381	6.830000

40.633935	1.301000

40.636490	5.852000

40.639044	5.324000

40.641599	2.893000

40.644153	6.966000

40.646707	8.046000

40.649262	8.903000

40.651816	9.181000

40.654371	9.796000

40.656925	10.314000

40.659480	10.197000

40.662034	10.816000

40.664589	11.164000

40.667143	11.358000

40.669698	10.628000

40.672252	10.842000

40.674807	11.080000

40.677361	11.231000

40.679916	11.047000

40.682470	11.300000

40.685025	10.563000

40.687579	10.327000

40.690133	9.151000

40.692688	9.142000

40.695242	8.539000

40.697797	7.984000

40.700351	5.289000

40.702906	4.638000

40.705460	5.753000

40.708015	7.778000

40.710569	8.449000

40.713124	7.468000

40.715678	8.947000

40.718233	9.680000

40.720787	9.556000

40.723342	8.930000

40.725896	8.345000

40.728450	7.637000

40.731005	9.161000

40.733559	8.896000

40.736114	9.862000

40.738668	10.445000

40.741223	10.236000

40.743777	10.225000

40.746332	10.047000

40.748886	9.520000

40.751441	9.350000

40.753995	10.191000

40.756550	10.514000

40.759104	10.230000

40.761659	9.362000

40.764213	9.645000

40.766768	9.832000

40.769322	10.222000

40.771876	10.187000

40.774431	10.318000

40.776985	10.036000

40.779540	9.804000

40.782094	9.094000

40.784649	9.065000

40.787203	7.763000

40.789758	8.542000

40.792312	8.946000

40.794867	9.572000

40.797421	9.332000

40.799976	8.494000

40.802530	9.597000

40.805085	9.807000

40.807639	9.191000

40.810193	9.245000

40.812748	8.697000

40.815302	8.382000

40.817857	6.524000

40.820411	0.471000

40.822966	5.770000

40.825520	7.916000

40.828075	9.188000

40.830629	8.922000

40.833184	10.153000

40.835738	9.885000

40.838293	9.475000

40.840847	10.469000

40.843402	9.666000

40.845956	10.260000

40.848511	10.932000

40.851065	10.509000

40.853619	10.566000

40.856174	10.349000

40.858728	10.417000

40.861283	9.635000

40.863837	9.330000

40.866392	8.005000

40.868946	8.118000

40.871501	8.493000

40.874055	7.857000

40.876610	2.752000

40.879164	6.023000

40.881719	8.198000

40.884273	7.384000

40.886828	9.205000

40.889382	8.067000

40.891937	7.108000

40.894491	8.611000

40.897045	8.322000

40.899600	8.120000

40.902154	8.328000

40.904709	1.784000

40.907263	7.499000

40.909818	0.494000

40.912372	7.478000

40.914927	5.182000

40.917481	5.548000

40.920036	8.050000

40.922590	8.641000

40.925145	7.947000

40.927699	9.335000

40.930254	9.052000

40.932808	2.705000

40.935362	7.574000

40.937917	9.325000

40.940471	9.155000

40.943026	10.195000

40.945580	10.108000

40.948135	9.965000

40.950689	10.853000

40.953244	10.821000

40.955798	9.400000

40.958353	7.273000

40.960907	10.025000

40.963462	10.200000

40.966016	10.478000

40.968571	10.210000

40.971125	10.840000

40.973680	10.056000

40.976234	8.813000

40.978788	8.021000

40.981343	1.932000

40.983897	6.730000

40.986452	2.038000

40.989006	6.678000

40.991561	0.565000

40.994115	6.629000

40.996670	7.651000

40.999224	1.429000

41.001779	5.548000

41.004333	1.399000

41.006888	7.081000

41.009442	6.847000

41.011997	6.716000

41.014551	4.067000

41.017105	6.228000

41.019660	8.087000

41.022214	8.146000

41.024769	8.651000

41.027323	8.369000

41.029878	7.324000

41.032432	8.322000

41.034987	8.887000

41.037541	9.133000

41.040096	8.848000

41.042650	5.320000

41.045205	0.000000

41.047759	7.821000

41.050314	7.982000

41.052868	8.239000

41.055423	6.932000

41.057977	0.000000

41.060531	0.000000

41.063086	6.923000

41.065640	4.785000

41.068195	6.095000

41.070749	6.555000

41.073304	8.116000

41.075858	4.613000

41.078413	7.391000

41.080967	4.073000

41.083522	3.572000

41.086076	5.225000

41.088631	7.871000

41.091185	6.046000

41.093740	7.546000

41.096294	6.771000

41.098848	5.584000

41.101403	6.502000

41.103957	8.543000

41.106512	8.726000

41.109066	9.741000

41.111621	9.199000

41.114175	9.346000

41.116730	8.759000

41.119284	10.172000

41.121839	10.063000

41.124393	10.510000

41.126948	10.563000

41.129502	10.557000

41.132057	10.293000

41.134611	8.386000

41.137166	8.773000

41.139720	9.355000

41.142274	9.516000

41.144829	9.169000

41.147383	6.540000

41.149938	6.620000

41.152492	6.531000

41.155047	7.151000

41.157601	7.286000

41.160156	7.409000

41.162710	3.462000

41.165265	7.711000

41.167819	8.195000

41.170374	8.959000

41.172928	8.996000

41.175483	10.038000

41.178037	10.581000

41.180591	11.072000

41.183146	11.358000

41.185700	11.687000

41.188255	11.476000

41.190809	11.950000

41.193364	12.090000

41.195918	11.522000

41.198473	11.541000

41.201027	11.860000

41.203582	11.691000

41.206136	11.812000

41.208691	11.724000

41.211245	11.839000

41.213800	11.799000

41.216354	12.078000

41.218909	11.977000

41.221463	12.190000

41.224017	11.876000

41.226572	11.101000

41.229126	10.688000

41.231681	11.241000

41.234235	11.030000

41.236790	10.350000

41.239344	10.615000

41.241899	9.948000

41.244453	9.702000

41.247008	10.426000

41.249562	10.745000

41.252117	10.521000

41.254671	9.979000

41.257226	9.068000

41.259780	6.600000

41.262334	3.695000

41.264889	7.011000

41.267443	7.584000

41.269998	9.392000

41.272552	9.429000

41.275107	8.791000

41.277661	6.274000

41.280216	1.235000

41.282770	8.225000

41.285325	9.026000

41.287879	9.125000

41.290434	8.173000

41.292988	8.932000

41.295543	8.827000

41.298097	7.780000

41.300652	8.585000

41.303206	7.996000

41.305760	8.125000

41.308315	7.752000

41.310869	7.738000

41.313424	8.285000

41.315978	8.188000

41.318533	8.803000

41.321087	7.426000

41.323642	5.531000

41.326196	0.000000

41.328751	6.519000

41.331305	4.996000

41.333860	3.857000

41.336414	7.830000

41.338969	8.041000

41.341523	2.832000

41.344077	6.947000

41.346632	8.794000

41.349186	9.436000

41.351741	10.420000

41.354295	10.831000

41.356850	10.560000

41.359404	10.101000

41.361959	9.833000

41.364513	10.251000

41.367068	9.873000

41.369622	9.416000

41.372177	9.542000

41.374731	9.411000

41.377286	9.474000

41.379840	9.853000

41.382395	9.408000

41.384949	9.409000

41.387503	9.215000

41.390058	8.249000

41.392612	8.458000

41.395167	7.801000

41.397721	5.600000

41.400276	4.422000

41.402830	3.746000

41.405385	5.029000

41.407939	6.857000

41.410494	6.381000

41.413048	5.101000

41.415603	6.062000

41.418157	3.833000

41.420712	3.876000

41.423266	7.761000

41.425820	4.509000

41.428375	6.553000

41.430929	9.127000

41.433484	9.465000

41.436038	9.977000

41.438593	9.907000

41.441147	9.654000

41.443702	9.147000

41.446256	8.835000

41.448811	7.836000

41.451365	10.166000

41.453920	10.655000

41.456474	9.922000

41.459029	9.829000

41.461583	9.079000

41.464138	9.158000

41.466692	7.659000

41.469246	8.028000

41.471801	7.210000

41.474355	6.957000

41.476910	6.848000

41.479464	1.802000

41.482019	6.255000

41.484573	6.645000

41.487128	7.741000

41.489682	5.148000

41.492237	3.460000

41.494791	5.980000

41.497346	6.754000

41.499900	6.314000

41.502455	6.011000

41.505009	8.917000

41.507563	8.509000

41.510118	8.243000

41.512672	7.639000

41.515227	8.688000

41.517781	6.983000

41.520336	5.951000

41.522890	7.446000

41.525445	1.851000

41.527999	6.806000

41.530554	8.025000

41.533108	7.794000

41.535663	3.935000

41.538217	8.285000

41.540772	7.867000

41.543326	7.078000

41.545881	4.918000

41.548435	5.873000

41.550989	6.469000

41.553544	8.179000

41.556098	8.552000

41.558653	8.337000

41.561207	9.261000

41.563762	9.500000

41.566316	10.191000

41.568871	11.056000

41.571425	11.764000

41.573980	11.668000

41.576534	11.624000

41.579089	11.368000

41.581643	11.264000

41.584198	11.250000

41.586752	10.660000

41.589306	11.137000

41.591861	10.730000

41.594415	10.795000

41.596970	10.287000

41.599524	10.152000

41.602079	8.509000

41.604633	7.166000

41.607188	5.878000

41.609742	7.530000

41.612297	8.475000

41.614851	10.136000

41.617406	9.336000

41.619960	10.096000

41.622515	9.731000

41.625069	9.593000

41.627624	9.381000

41.630178	9.849000

41.632732	10.132000

41.635287	10.261000

41.637841	10.716000

41.640396	9.554000

41.642950	9.644000

41.645505	6.886000

41.648059	8.468000

41.650614	7.070000

41.653168	8.633000

41.655723	9.364000

41.658277	8.098000

41.660832	7.752000

41.663386	5.326000

41.665941	2.266000

41.668495	6.200000

41.671049	5.764000

41.673604	8.873000

41.676158	7.067000

41.678713	8.040000

41.681267	8.884000

41.683822	0.518000

41.686376	8.700000

41.688931	8.392000

41.691485	9.095000

41.694040	8.466000

41.696594	7.535000

41.699149	8.867000

41.701703	8.049000

41.704258	2.529000

41.706812	6.964000

41.709367	0.000000

41.711921	3.378000

41.714475	6.207000

41.717030	8.152000

41.719584	0.000000

41.722139	6.084000

41.724693	6.710000

41.727248	4.687000

41.729802	4.835000

41.732357	5.134000

41.734911	7.073000

41.737466	7.036000

41.740020	7.714000

41.742575	5.982000

41.745129	5.768000

41.747684	6.880000

41.750238	8.067000

41.752792	8.245000

41.755347	6.321000

41.757901	7.241000

41.760456	6.316000

41.763010	6.398000

41.765565	4.130000

41.768119	9.377000

41.770674	9.558000

41.773228	8.023000

41.775783	6.885000

41.778337	4.289000

41.780892	6.776000

41.783446	8.439000

41.786001	8.439000

41.788555	9.317000

41.791110	8.588000

41.793664	8.087000

41.796218	8.221000

41.798773	8.910000

41.801327	9.202000

41.803882	8.663000

41.806436	8.153000

41.808991	8.806000

41.811545	6.259000

41.814100	5.895000

41.816654	0.000000

41.819209	8.088000

41.821763	8.219000

41.824318	6.516000

41.826872	6.198000

41.829427	8.656000

41.831981	10.293000

41.834535	9.967000

41.837090	9.211000

41.839644	9.370000

41.842199	9.787000

41.844753	9.280000

41.847308	8.269000

41.849862	8.394000

41.852417	4.856000

41.854971	5.704000

41.857526	5.207000

41.860080	7.193000

41.862635	2.054000

41.865189	7.881000

41.867744	9.001000

41.870298	8.720000

41.872853	7.502000

41.875407	7.225000

41.877961	9.391000

41.880516	10.073000

41.883070	10.065000

41.885625	8.126000

41.888179	9.775000

41.890734	10.638000

41.893288	10.424000

41.895843	10.078000

41.898397	9.843000

41.900952	7.451000

41.903506	6.477000

41.906061	7.872000

41.908615	2.953000

41.911170	4.242000

41.913724	4.322000

41.916278	6.134000

41.918833	9.419000

41.921387	9.952000

41.923942	10.513000

41.926496	10.692000

41.929051	9.250000

41.931605	8.865000

41.934160	8.619000

41.936714	3.771000

41.939269	5.194000

41.941823	6.323000

41.944378	9.653000

41.946932	9.773000

41.949487	9.416000

41.952041	7.527000

41.954596	7.117000

41.957150	8.056000

41.959704	7.869000

41.962259	5.072000

41.964813	5.479000

41.967368	3.761000

41.969922	5.593000

41.972477	7.789000

41.975031	9.154000

41.977586	9.671000

41.980140	10.853000

41.982695	10.226000

41.985249	10.146000

41.987804	10.447000

41.990358	10.214000

41.992913	9.461000

41.995467	10.052000

41.998021	7.423000

42.000576	4.620000

42.003130	4.932000

42.005685	5.348000

42.008239	8.173000

42.010794	7.818000

42.013348	5.950000

42.015903	8.713000

42.018457	9.643000

42.021012	10.158000

42.023566	10.208000

42.026121	10.322000

42.028675	10.468000

42.031230	10.416000

42.033784	10.791000

42.036339	10.082000

42.038893	10.431000

42.041447	9.862000

42.044002	9.664000

42.046556	10.026000

42.049111	9.181000

42.051665	9.318000

42.054220	9.196000

42.056774	9.044000

42.059329	8.433000

42.061883	8.277000

42.064438	4.188000

42.066992	2.655000

42.069547	7.495000

42.072101	8.464000

42.074656	8.017000

42.077210	8.622000

42.079764	1.938000

42.082319	5.580000

42.084873	4.398000

42.087428	5.100000

42.089982	7.677000

42.092537	3.793000

42.095091	0.000000

42.097646	6.216000

42.100200	4.549000

42.102755	4.683000

42.105309	8.500000

42.107864	6.835000

42.110418	6.120000

42.112973	6.388000

42.115527	5.508000

42.118082	4.725000

42.120636	6.354000

42.123190	8.948000

42.125745	8.569000

42.128299	8.505000

42.130854	8.031000

42.133408	8.410000

42.135963	8.254000

42.138517	6.223000

42.141072	6.226000

42.143626	6.456000

42.146181	8.409000

42.148735	6.980000

42.151290	6.144000

42.153844	8.663000

42.156399	9.882000

42.158953	10.774000

42.161507	10.847000

42.164062	10.926000

42.166616	11.161000

42.169171	11.339000

42.171725	11.626000

42.174280	11.438000

42.176834	11.613000

42.179389	11.055000

42.181943	10.878000

42.184498	10.808000

42.187052	10.861000

42.189607	11.012000

42.192161	11.252000

42.194716	10.907000

42.197270	9.976000

42.199825	9.746000

42.202379	8.403000

42.204933	8.823000

42.207488	9.580000

42.210042	8.623000

42.212597	6.814000

42.215151	4.655000

42.217706	7.268000

42.220260	8.434000

42.222815	10.096000

42.225369	9.607000

42.227924	8.731000

42.230478	5.669000

42.233033	5.420000

42.235587	7.684000

42.238142	7.888000

42.240696	4.814000

42.243250	1.795000

42.245805	5.228000

42.248359	7.817000

42.250914	8.508000

42.253468	5.476000

42.256023	1.439000

42.258577	9.038000

42.261132	9.861000

42.263686	10.449000

42.266241	11.032000

42.268795	10.511000

42.271350	10.784000

42.273904	10.279000

42.276459	9.905000

42.279013	9.818000

42.281568	9.605000

42.284122	10.224000

42.286676	10.560000

42.289231	10.658000

42.291785	10.096000

42.294340	10.171000

42.296894	10.730000

42.299449	9.599000

42.302003	4.438000

42.304558	7.097000

42.307112	5.147000

42.309667	6.564000

42.312221	3.370000

42.314776	4.528000

42.317330	3.974000

42.319885	7.676000

42.322439	8.529000

42.324993	6.970000

42.327548	8.895000

42.330102	8.586000

42.332657	8.604000

42.335211	8.016000

42.337766	9.395000

42.340320	10.064000

42.342875	9.809000

42.345429	10.235000

42.347984	10.025000

42.350538	10.305000

42.353093	9.821000

42.355647	10.474000

42.358202	10.627000

42.360756	10.346000

42.363311	10.545000

42.365865	10.524000

42.368419	10.712000

42.370974	9.462000

42.373528	9.373000

42.376083	8.062000

42.378637	8.656000

42.381192	8.559000

42.383746	8.988000

42.386301	9.495000

42.388855	6.933000

42.391410	1.976000

42.393964	7.370000

42.396519	8.445000

42.399073	8.570000

42.401628	9.496000

42.404182	10.303000

42.406736	8.858000

42.409291	7.998000

42.411845	5.756000

42.414400	8.973000

42.416954	8.922000

42.419509	7.143000

42.422063	7.696000

42.424618	7.276000

42.427172	5.257000

42.429727	7.409000

42.432281	8.209000

42.434836	7.519000

42.437390	7.252000

42.439945	8.694000

42.442499	10.177000

42.445054	10.166000

42.447608	11.037000

42.450162	10.731000

42.452717	10.890000

42.455271	10.508000

42.457826	10.686000

42.460380	9.813000

42.462935	8.493000

42.465489	9.182000

42.468044	8.348000

42.470598	9.120000

42.473153	8.166000

42.475707	4.414000

42.478262	5.505000

42.480816	8.816000

42.483371	9.171000

42.485925	7.674000

42.488479	6.134000

42.491034	1.223000

42.493588	5.322000

42.496143	1.120000

42.498697	2.176000

42.501252	6.270000

42.503806	8.347000

42.506361	7.318000

42.508915	6.571000

42.511470	7.427000

42.514024	6.896000

42.516579	8.355000

42.519133	8.532000

42.521688	8.286000

42.524242	8.550000

42.526797	0.000000

42.529351	6.088000

42.531905	4.626000

42.534460	6.194000

42.537014	2.107000

42.539569	1.755000

42.542123	7.245000

42.544678	8.931000

42.547232	8.145000

42.549787	8.335000

42.552341	2.802000

42.554896	7.502000

42.557450	8.402000

42.560005	9.595000

42.562559	8.894000

42.565114	10.516000

42.567668	11.026000

42.570222	10.667000

42.572777	10.787000

42.575331	10.633000

42.577886	10.855000

42.580440	10.937000

42.582995	10.466000

42.585549	10.779000

42.588104	10.009000

42.590658	10.266000

42.593213	9.990000

42.595767	9.868000

42.598322	9.488000

42.600876	8.903000

42.603431	8.961000

42.605985	9.518000

42.608540	9.451000

42.611094	9.595000

42.613648	9.701000

42.616203	9.574000

42.618757	10.073000

42.621312	10.093000

42.623866	9.618000

42.626421	10.109000

42.628975	9.214000

42.631530	9.583000

42.634084	8.970000

42.636639	7.681000

42.639193	5.119000

42.641748	4.801000

42.644302	5.457000

42.646857	6.526000

42.649411	7.137000

42.651966	9.757000

42.654520	9.601000

42.657074	10.031000

42.659629	9.551000

42.662183	10.011000

42.664738	9.912000

42.667292	8.546000

42.669847	6.101000

42.672401	3.046000

42.674956	2.596000

42.677510	6.735000

42.680065	8.148000

42.682619	9.091000

42.685174	10.080000

42.687728	9.428000

42.690283	9.878000

42.692837	9.672000

42.695391	9.363000

42.697946	9.499000

42.700500	8.090000

42.703055	6.668000

42.705609	6.342000

42.708164	4.923000

42.710718	7.186000

42.713273	7.481000

42.715827	8.552000

42.718382	5.147000

42.720936	8.040000

42.723491	2.181000

42.726045	7.537000

42.728600	7.851000

42.731154	8.253000

42.733709	7.363000

42.736263	8.822000

42.738817	9.496000

42.741372	8.008000

42.743926	9.819000

42.746481	10.118000

42.749035	10.240000

42.751590	10.879000

42.754144	10.193000

42.756699	8.851000

42.759253	8.002000

42.761808	0.000000

42.764362	7.723000

42.766917	3.426000

42.769471	7.227000

42.772026	7.241000

42.774580	7.317000

42.777134	7.403000

42.779689	8.883000

42.782243	9.049000

42.784798	7.245000

42.787352	7.877000

42.789907	7.066000

42.792461	7.059000

42.795016	9.499000

42.797570	7.990000

42.800125	1.832000

42.802679	6.269000

42.805234	6.418000

42.807788	6.697000

42.810343	7.506000

42.812897	9.718000

42.815452	9.156000

42.818006	8.441000

42.820560	8.845000

42.823115	8.246000

42.825669	6.660000

42.828224	6.570000

42.830778	7.339000

42.833333	8.281000

42.835887	8.324000

42.838442	8.248000

42.840996	5.989000

42.843551	0.000000

42.846105	2.532000

42.848660	5.705000

42.851214	5.867000

42.853769	5.921000

42.856323	9.382000

42.858877	8.864000

42.861432	8.755000

42.863986	9.273000

42.866541	7.330000

42.869095	3.440000

42.871650	4.094000

42.874204	6.945000

42.876759	2.546000

42.879313	7.534000

42.881868	5.330000

42.884422	3.053000

42.886977	7.144000

42.889531	6.630000

42.892086	5.608000

42.894640	7.393000

42.897195	7.712000

42.899749	8.215000

42.902303	7.659000

42.904858	7.544000

42.907412	8.392000

42.909967	9.164000

42.912521	8.613000

42.915076	9.114000

42.917630	10.093000

42.920185	9.536000

42.922739	10.047000

42.925294	9.760000

42.927848	9.085000

42.930403	9.872000

42.932957	9.496000

42.935512	9.259000

42.938066	9.284000

42.940620	7.965000

42.943175	7.686000

42.945729	8.724000

42.948284	7.155000

42.950838	4.913000

42.953393	2.001000

42.955947	7.051000

42.958502	3.456000

42.961056	7.470000

42.963611	6.848000

42.966165	8.717000

42.968720	4.702000

42.971274	9.353000

42.973829	9.048000

42.976383	9.372000

42.978938	10.109000

42.981492	10.417000

42.984046	9.035000

42.986601	8.469000

42.989155	8.954000

42.991710	7.117000

42.994264	8.146000

42.996819	9.065000

42.999373	9.761000

43.001928	9.333000

43.004482	9.439000

43.007037	9.801000

43.009591	9.363000

43.012146	0.000000

43.014700	8.058000

43.017255	8.537000

43.019809	7.919000

43.022363	7.909000

43.024918	8.934000

43.027472	9.129000

43.030027	8.717000

43.032581	8.805000

43.035136	8.214000

43.037690	9.018000

43.040245	9.766000

43.042799	9.250000

43.045354	9.583000

43.047908	8.853000

43.050463	7.987000

43.053017	6.836000

43.055572	6.278000

43.058126	1.742000

43.060681	7.457000

43.063235	7.442000

43.065789	6.781000

43.068344	8.448000

43.070898	9.073000

43.073453	8.563000

43.076007	7.353000

43.078562	8.360000

43.081116	7.892000

43.083671	7.195000

43.086225	5.458000

43.088780	5.979000

43.091334	5.782000

43.093889	6.928000

43.096443	8.326000

43.098998	9.224000

43.101552	9.867000

43.104106	10.287000

43.106661	10.272000

43.109215	9.787000

43.111770	10.131000

43.114324	9.289000

43.116879	9.620000

43.119433	9.372000

43.121988	9.524000

43.124542	9.173000

43.127097	9.729000

43.129651	9.673000

43.132206	9.620000

43.134760	10.255000

43.137315	9.992000

43.139869	10.096000

43.142424	7.826000

43.144978	6.037000

43.147532	2.672000

43.150087	6.837000

43.152641	9.597000

43.155196	10.451000

43.157750	10.724000

43.160305	10.182000

43.162859	10.526000

43.165414	10.251000

43.167968	10.553000

43.170523	10.073000

43.173077	9.873000

43.175632	9.681000

43.178186	8.872000

43.180741	9.118000

43.183295	7.849000

43.185849	9.657000

43.188404	10.429000

43.190958	10.583000

43.193513	10.949000

43.196067	10.311000

43.198622	10.176000

43.201176	10.390000

43.203731	11.181000

43.206285	10.460000

43.208840	10.206000

43.211394	9.663000

43.213949	9.273000

43.216503	8.328000

43.219058	7.986000

43.221612	7.209000

43.224167	7.893000

43.226721	8.125000

43.229275	5.451000

43.231830	6.589000

43.234384	6.200000

43.236939	8.707000

43.239493	5.454000

43.242048	8.699000

43.244602	9.190000

43.247157	10.097000

43.249711	9.575000

43.252266	8.354000

43.254820	7.019000

43.257375	7.300000

43.259929	2.812000

43.262484	7.863000

43.265038	8.206000

43.267592	8.390000

43.270147	8.845000

43.272701	9.067000

43.275256	9.225000

43.277810	9.593000

43.280365	9.520000

43.282919	8.614000

43.285474	9.899000

43.288028	9.356000

43.290583	8.181000

43.293137	5.539000

43.295692	8.537000

43.298246	8.636000

43.300801	5.958000

43.303355	7.893000

43.305910	8.845000

43.308464	9.156000

43.311018	10.255000

43.313573	10.967000

43.316127	11.016000

43.318682	10.680000

43.321236	10.664000

43.323791	9.899000

43.326345	9.589000

43.328900	10.561000

43.331454	10.089000

43.334009	8.807000

43.336563	8.416000

43.339118	6.003000

43.341672	3.380000

43.344227	3.923000

43.346781	7.808000

43.349335	8.381000

43.351890	9.629000

43.354444	10.184000

43.356999	10.762000

43.359553	10.268000

43.362108	10.255000

43.364662	10.423000

43.367217	9.641000

43.369771	9.552000

43.372326	9.677000

43.374880	9.610000

43.377435	9.274000

43.379989	10.412000

43.382544	10.132000

43.385098	10.145000

43.387653	9.716000

43.390207	6.635000

43.392761	1.212000

43.395316	3.768000

43.397870	5.586000

43.400425	1.288000

43.402979	7.168000

43.405534	8.459000

43.408088	8.424000

43.410643	8.100000

43.413197	4.738000

43.415752	2.332000

43.418306	4.526000

43.420861	6.658000

43.423415	9.917000

43.425970	9.685000

43.428524	9.639000

43.431078	9.278000

43.433633	8.084000

43.436187	4.042000

43.438742	9.316000

43.441296	9.090000

43.443851	9.266000

43.446405	8.892000

43.448960	9.754000

43.451514	10.151000

43.454069	10.404000

43.456623	10.640000

43.459178	10.418000

43.461732	10.859000

43.464287	10.551000

43.466841	8.792000

43.469396	8.810000

43.471950	10.411000

43.474504	10.824000

43.477059	10.851000

43.479613	11.319000

43.482168	10.718000

43.484722	9.938000

43.487277	10.037000

43.489831	10.562000

43.492386	10.425000

43.494940	10.898000

43.497495	10.538000

43.500049	10.515000

43.502604	10.234000

43.505158	7.904000

43.507713	8.619000

43.510267	9.325000

43.512821	9.146000

43.515376	6.811000

43.517930	5.601000

43.520485	7.354000

43.523039	7.013000

43.525594	8.963000

43.528148	6.254000

43.530703	8.524000

43.533257	9.583000

43.535812	6.846000

43.538366	9.496000

43.540921	10.214000

43.543475	10.693000

43.546030	10.454000

43.548584	9.994000

43.551139	9.919000

43.553693	9.996000

43.556247	9.885000

43.558802	9.705000

43.561356	10.597000

43.563911	9.860000

43.566465	10.137000

43.569020	9.556000

43.571574	9.698000

43.574129	9.127000

43.576683	6.948000

43.579238	9.150000

43.581792	8.299000

43.584347	1.539000

43.586901	6.140000

43.589456	9.627000

43.592010	9.311000

43.594564	9.547000

43.597119	9.787000

43.599673	10.103000

43.602228	10.317000

43.604782	11.120000

43.607337	10.987000

43.609891	10.637000

43.612446	10.253000

43.615000	10.304000

43.617555	10.187000

43.620109	9.768000

43.622664	10.008000

43.625218	10.128000

43.627773	9.484000

43.630327	8.465000

43.632882	2.502000

43.635436	1.882000

43.637990	3.688000

43.640545	5.252000

43.643099	6.431000

43.645654	7.829000

43.648208	8.125000

43.650763	9.224000

43.653317	9.155000

43.655872	7.879000

43.658426	8.035000

43.660981	8.418000

43.663535	9.639000

43.666090	9.441000

43.668644	9.817000

43.671199	10.232000

43.673753	10.337000

43.676307	10.990000

43.678862	11.004000

43.681416	10.465000

43.683971	11.039000

43.686525	11.146000

43.689080	10.691000

43.691634	11.393000

43.694189	10.823000

43.696743	10.459000

43.699298	10.594000

43.701852	10.928000

43.704407	10.372000

43.706961	9.714000

43.709516	9.999000

43.712070	10.405000

43.714625	9.345000

43.717179	7.958000

43.719733	4.459000

43.722288	9.249000

43.724842	8.109000

43.727397	9.589000

43.729951	9.992000

43.732506	7.779000

43.735060	7.788000

43.737615	8.154000

43.740169	8.766000

43.742724	8.570000

43.745278	9.440000

43.747833	9.765000

43.750387	8.656000

43.752942	8.575000

43.755496	9.058000

43.758050	9.282000

43.760605	8.541000

43.763159	7.995000

43.765714	7.856000

43.768268	8.872000

43.770823	9.099000

43.773377	9.153000

43.775932	4.886000

43.778486	6.733000

43.781041	5.010000

43.783595	3.605000

43.786150	5.479000

43.788704	6.487000

43.791259	6.483000

43.793813	7.152000

43.796368	5.965000

43.798922	7.313000

43.801476	7.598000

43.804031	9.062000

43.806585	10.161000

43.809140	10.819000

43.811694	10.458000

43.814249	10.183000

43.816803	9.991000

43.819358	9.915000

43.821912	10.214000

43.824467	10.142000

43.827021	9.144000

43.829576	8.500000

43.832130	8.804000

43.834685	9.183000

43.837239	10.424000

43.839793	10.483000

43.842348	10.033000

43.844902	8.794000

43.847457	7.634000

43.850011	8.530000

43.852566	1.610000

43.855120	4.543000

43.857675	5.769000

43.860229	8.532000

43.862784	9.156000

43.865338	9.682000

43.867893	9.423000

43.870447	10.277000

43.873002	10.084000

43.875556	9.412000

43.878111	9.708000

43.880665	9.341000

43.883219	9.334000

43.885774	9.834000

43.888328	9.839000

43.890883	9.839000

43.893437	6.075000

43.895992	7.412000

43.898546	8.858000

43.901101	8.911000

43.903655	7.216000

43.906210	6.100000

43.908764	5.109000

43.911319	6.537000

43.913873	6.721000

43.916428	5.126000

43.918982	8.357000

43.921536	6.463000

43.924091	8.450000

43.926645	7.420000

43.929200	6.814000

43.931754	7.631000

43.934309	8.695000

43.936863	10.237000

43.939418	11.083000

43.941972	10.855000

43.944527	11.190000

43.947081	11.504000

43.949636	11.476000

43.952190	11.322000

43.954745	10.844000

43.957299	10.970000

43.959854	10.321000

43.962408	9.386000

43.964962	9.740000

43.967517	6.902000

43.970071	2.181000

43.972626	5.506000

43.975180	9.091000

43.977735	10.203000

43.980289	10.420000

43.982844	10.821000

43.985398	10.201000

43.987953	10.731000

43.990507	11.121000

43.993062	11.408000

43.995616	11.255000

43.998171	11.242000

44.000725	10.592000

44.003279	9.151000

44.005834	8.629000

44.008388	9.285000

44.010943	7.834000

44.013497	3.712000

44.016052	6.522000

44.018606	0.000000

44.021161	5.401000

44.023715	1.343000

44.026270	7.585000

44.028824	8.860000

44.031379	9.297000

44.033933	8.798000

44.036488	9.149000

44.039042	9.359000

44.041597	9.290000

44.044151	9.587000

44.046705	9.961000

44.049260	9.202000

44.051814	7.882000

44.054369	6.765000

44.056923	7.663000

44.059478	8.412000

44.062032	6.398000

44.064587	6.010000

44.067141	1.127000

44.069696	7.609000

44.072250	8.673000

44.074805	9.416000

44.077359	8.585000

44.079914	9.104000

44.082468	9.124000

44.085022	8.882000

44.087577	8.785000

44.090131	8.287000

44.092686	5.932000

44.095240	8.621000

44.097795	6.782000

44.100349	6.453000

44.102904	4.692000

44.105458	1.016000

44.108013	8.138000

44.110567	6.142000

44.113122	7.477000

44.115676	8.597000

44.118231	8.816000

44.120785	8.773000

44.123340	7.841000

44.125894	7.477000

44.128448	4.646000

44.131003	5.951000

44.133557	7.153000

44.136112	3.296000

44.138666	8.033000

44.141221	7.848000

44.143775	8.130000

44.146330	5.256000

44.148884	6.481000

44.151439	7.731000

44.153993	7.355000

44.156548	8.287000

44.159102	7.057000

44.161657	8.676000

44.164211	8.424000

44.166765	6.179000

44.169320	8.087000

44.171874	9.027000

44.174429	8.970000

44.176983	9.393000

44.179538	9.400000

44.182092	8.705000

44.184647	9.485000

44.187201	9.518000

44.189756	9.171000

44.192310	9.612000

44.194865	9.135000

44.197419	8.849000

44.199974	7.949000

44.202528	8.297000

44.205083	5.625000

44.207637	8.612000

44.210191	8.848000

44.212746	8.811000

44.215300	7.734000

44.217855	5.154000

44.220409	7.681000

44.222964	0.000000

44.225518	7.284000

44.228073	6.158000

44.230627	2.366000

44.233182	6.041000

44.235736	7.583000

44.238291	7.077000

44.240845	8.736000

44.243400	7.803000

44.245954	7.459000

44.248508	8.142000

44.251063	8.975000

44.253617	8.967000

44.256172	9.366000

44.258726	9.886000

44.261281	9.659000

44.263835	10.557000

44.266390	10.913000

44.268944	11.035000

44.271499	11.036000

44.274053	11.053000

44.276608	11.058000

44.279162	10.588000

44.281717	11.060000

44.284271	11.001000

44.286826	11.084000

44.289380	10.764000

44.291934	10.629000

44.294489	10.757000

44.297043	10.773000

44.299598	10.891000

44.302152	11.330000

44.304707	11.326000

44.307261	10.770000

44.309816	10.268000

44.312370	10.052000

44.314925	10.802000

44.317479	10.375000

44.320034	10.245000

44.322588	10.874000

44.325143	10.048000

44.327697	9.664000

44.330252	10.520000

44.332806	10.540000

44.335360	10.513000

44.337915	9.983000

44.340469	10.378000

44.343024	10.171000

44.345578	9.694000

44.348133	9.344000

44.350687	9.039000

44.353242	8.940000

44.355796	8.779000

44.358351	6.707000

44.360905	5.486000

44.363460	6.840000

44.366014	8.711000

44.368569	9.104000

44.371123	8.483000

44.373677	3.233000

44.376232	8.225000

44.378786	6.726000

44.381341	6.066000

44.383895	6.109000

44.386450	0.356000

44.389004	2.185000

44.391559	3.559000

44.394113	6.194000

44.396668	5.296000

44.399222	8.403000

44.401777	9.589000

44.404331	9.598000

44.406886	8.635000

44.409440	6.181000

44.411995	7.285000

44.414549	6.693000

44.417103	5.370000

44.419658	8.106000

44.422212	8.663000

44.424767	7.553000

44.427321	5.158000

44.429876	1.158000

44.432430	5.834000

44.434985	3.624000

44.437539	4.445000

44.440094	6.444000

44.442648	7.196000

44.445203	6.663000

44.447757	6.376000

44.450312	7.548000

44.452866	8.243000

44.455420	8.419000

44.457975	6.442000

44.460529	7.303000

44.463084	7.709000

44.465638	9.661000

44.468193	9.945000

44.470747	9.928000

44.473302	9.541000

44.475856	10.162000

44.478411	10.531000

44.480965	10.226000

44.483520	9.753000

44.486074	10.176000

44.488629	9.948000

44.491183	10.020000

44.493738	9.964000

44.496292	10.567000

44.498846	10.193000

44.501401	10.247000

44.503955	10.254000

44.506510	10.070000

44.509064	9.955000

44.511619	10.361000

44.514173	9.717000

44.516728	10.752000

44.519282	10.502000

44.521837	10.294000

44.524391	10.898000

44.526946	10.947000

44.529500	10.784000

44.532055	11.052000

44.534609	10.633000

44.537163	10.444000

44.539718	8.203000

44.542272	9.309000

44.544827	8.990000

44.547381	8.183000

44.549936	8.629000

44.552490	6.932000

44.555045	6.439000

44.557599	4.085000

44.560154	7.943000

44.562708	9.055000

44.565263	9.416000

44.567817	9.534000

44.570372	9.840000

44.572926	9.857000

44.575481	10.272000

44.578035	9.922000

44.580589	9.598000

44.583144	3.599000

44.585698	5.722000

44.588253	6.437000

44.590807	7.664000

44.593362	7.297000

44.595916	3.768000

44.598471	6.626000

44.601025	7.094000

44.603580	7.425000

44.606134	7.916000

44.608689	9.584000

44.611243	9.417000

44.613798	10.580000

44.616352	10.574000

44.618906	10.818000

44.621461	11.174000

44.624015	11.190000

44.626570	10.855000

44.629124	10.962000

44.631679	11.023000

44.634233	10.813000

44.636788	10.514000

44.639342	10.461000

44.641897	10.122000

44.644451	9.535000

44.647006	8.633000

44.649560	10.223000

44.652115	10.043000

44.654669	9.292000

44.657224	8.202000

44.659778	9.019000

44.662332	9.048000

44.664887	1.297000

44.667441	1.995000

44.669996	7.161000

44.672550	4.790000

44.675105	7.824000

44.677659	7.660000

44.680214	8.855000

44.682768	8.191000

44.685323	5.317000

44.687877	7.939000

44.690432	4.606000

44.692986	9.452000

44.695541	10.182000

44.698095	9.366000

44.700649	8.373000

44.703204	8.219000

44.705758	9.636000

44.708313	9.045000

44.710867	8.605000

44.713422	9.325000

44.715976	8.949000

44.718531	2.840000

44.721085	5.770000

44.723640	8.417000

44.726194	9.297000

44.728749	8.669000

44.731303	9.655000

44.733858	9.307000

44.736412	10.356000

44.738967	10.250000

44.741521	10.298000

44.744075	10.174000

44.746630	10.243000

44.749184	10.900000

44.751739	11.214000

44.754293	11.383000

44.756848	11.678000

44.759402	11.741000

44.761957	11.716000

44.764511	11.360000

44.767066	11.377000

44.769620	11.764000

44.772175	11.501000

44.774729	11.446000

44.777284	11.330000

44.779838	10.784000

44.782392	11.101000

44.784947	11.118000

44.787501	11.141000

44.790056	10.930000

44.792610	11.174000

44.795165	11.167000

44.797719	10.416000

44.800274	9.989000

44.802828	7.675000

44.805383	6.842000

44.807937	7.014000

44.810492	6.318000

44.813046	3.821000

44.815601	7.067000

44.818155	6.335000

44.820710	8.736000

44.823264	9.142000

44.825818	6.939000

44.828373	6.898000

44.830927	3.617000

44.833482	6.361000

44.836036	5.226000

44.838591	6.903000

44.841145	7.282000

44.843700	7.255000

44.846254	8.487000

44.848809	7.898000

44.851363	8.897000

44.853918	9.944000

44.856472	9.302000

44.859027	9.601000

44.861581	9.971000

44.864135	10.156000

44.866690	10.198000

44.869244	10.251000

44.871799	10.057000

44.874353	10.341000

44.876908	11.006000

44.879462	10.852000

44.882017	11.066000

44.884571	11.232000

44.887126	11.012000

44.889680	11.107000

44.892235	11.162000

44.894789	11.228000

44.897344	11.162000

44.899898	11.317000

44.902453	10.931000

44.905007	10.783000

44.907561	9.984000

44.910116	10.398000

44.912670	10.341000

44.915225	10.549000

44.917779	10.596000

44.920334	10.096000

44.922888	9.482000

44.925443	8.193000

44.927997	6.966000

44.930552	6.706000

44.933106	6.354000

44.935661	6.078000

44.938215	6.540000

44.940770	0.000000

44.943324	3.555000

44.945878	3.133000

44.948433	5.452000

44.950987	3.471000

44.953542	5.346000

44.956096	0.744000

44.958651	0.000000

44.961205	6.101000

44.963760	4.898000

44.966314	8.084000

44.968869	8.330000

44.971423	9.773000

44.973978	10.010000

44.976532	10.839000

44.979087	10.706000

44.981641	10.641000

44.984196	10.850000

44.986750	10.072000

44.989304	10.043000

44.991859	10.010000

44.994413	10.479000

44.996968	10.157000

44.999522	10.900000

45.002077	10.578000

45.004631	10.683000

45.007186	10.311000

45.009740	9.444000

45.012295	9.859000

45.014849	9.373000

45.017404	9.338000

45.019958	7.389000

45.022513	7.917000

45.025067	8.839000

45.027621	7.521000

45.030176	9.101000

45.032730	8.606000

45.035285	8.368000

45.037839	7.773000

45.040394	8.890000

45.042948	5.654000

45.045503	8.269000

45.048057	7.915000

45.050612	2.963000

45.053166	7.923000

45.055721	6.728000

45.058275	8.910000

45.060830	10.112000

45.063384	10.469000

45.065939	10.293000

45.068493	9.701000

45.071047	10.119000

45.073602	9.901000

45.076156	9.611000

45.078711	10.041000

45.081265	10.079000

45.083820	9.535000

45.086374	9.998000

45.088929	9.618000

45.091483	10.131000

45.094038	10.788000

45.096592	9.182000

45.099147	8.081000

45.101701	4.882000

45.104256	8.394000

45.106810	8.664000

45.109364	9.855000

45.111919	9.647000

45.114473	9.156000

45.117028	9.128000

45.119582	5.952000

45.122137	6.084000

45.124691	8.413000

45.127246	8.892000

45.129800	8.935000

45.132355	9.065000

45.134909	4.014000

45.137464	2.752000

45.140018	8.576000

45.142573	9.807000

45.145127	9.587000

45.147682	10.186000

45.150236	10.140000

45.152790	10.581000

45.155345	10.435000

45.157899	9.858000

45.160454	10.447000

45.163008	9.645000

45.165563	9.188000

45.168117	6.293000

45.170672	4.404000

45.173226	4.096000

45.175781	7.991000

45.178335	7.676000

45.180890	4.490000

45.183444	1.848000

45.185999	3.836000

45.188553	8.171000

45.191107	7.378000

45.193662	8.023000

45.196216	6.810000

45.198771	4.696000

45.201325	4.250000

45.203880	7.343000

45.206434	8.382000

45.208989	5.304000

45.211543	6.891000

45.214098	8.053000

45.216652	9.055000

45.219207	9.015000

45.221761	10.432000

45.224316	9.740000

45.226870	8.307000

45.229425	8.391000

45.231979	5.487000

45.234533	8.410000

45.237088	8.584000

45.239642	7.052000

45.242197	5.900000

45.244751	5.954000

45.247306	6.786000

45.249860	8.649000

45.252415	6.470000

45.254969	0.000000

45.257524	5.779000

45.260078	7.721000

45.262633	5.809000

45.265187	5.468000

45.267742	5.321000

45.270296	8.476000

45.272850	7.522000

45.275405	9.291000

45.277959	9.868000

45.280514	10.079000

45.283068	10.152000

45.285623	10.840000

45.288177	10.645000

45.290732	10.162000

45.293286	10.644000

45.295841	10.171000

45.298395	9.301000

45.300950	8.933000

45.303504	9.982000

45.306059	10.674000

45.308613	9.750000

45.311168	8.960000

45.313722	9.303000

45.316276	9.661000

45.318831	8.557000

45.321385	9.633000

45.323940	9.408000

45.326494	9.190000

45.329049	7.284000

45.331603	6.911000

45.334158	6.142000

45.336712	7.379000

45.339267	6.783000

45.341821	3.464000

45.344376	6.341000

45.346930	5.782000

45.349485	7.977000

45.352039	7.201000

45.354593	8.233000

45.357148	9.210000

45.359702	9.215000

45.362257	8.673000

45.364811	8.751000

45.367366	7.814000

45.369920	5.367000

45.372475	8.487000

45.375029	3.255000

45.377584	9.211000

45.380138	9.475000

45.382693	9.576000

45.385247	9.455000

45.387802	10.063000

45.390356	10.310000

45.392911	10.187000

45.395465	9.759000

45.398019	10.288000

45.400574	10.630000

45.403128	10.751000

45.405683	10.936000

45.408237	11.315000

45.410792	11.098000

45.413346	10.750000

45.415901	8.523000

45.418455	9.922000

45.421010	9.084000

45.423564	9.739000

45.426119	8.827000

45.428673	8.873000

45.431228	5.480000

45.433782	5.739000

45.436336	3.622000

45.438891	8.078000

45.441445	8.600000

45.444000	6.969000

45.446554	5.685000

45.449109	3.892000

45.451663	8.743000

45.454218	8.010000

45.456772	8.488000

45.459327	3.877000

45.461881	8.317000

45.464436	9.597000

45.466990	9.058000

45.469545	8.339000

45.472099	8.073000

45.474654	9.004000

45.477208	9.805000

45.479762	10.210000

45.482317	10.646000

45.484871	10.973000

45.487426	10.567000

45.489980	9.626000

45.492535	10.465000

45.495089	10.143000

45.497644	9.695000

45.500198	9.116000

45.502753	9.463000

45.505307	8.905000

45.507862	8.519000

45.510416	9.206000

45.512971	8.602000

45.515525	9.391000

45.518079	8.251000

45.520634	5.739000

45.523188	4.266000

45.525743	6.594000

45.528297	8.919000

45.530852	9.669000

45.533406	9.374000

45.535961	9.228000

45.538515	9.851000

45.541070	8.632000

45.543624	9.366000

45.546179	9.299000

45.548733	9.491000

45.551288	9.985000

45.553842	10.151000

45.556397	9.806000

45.558951	10.155000

45.561505	10.572000

45.564060	10.122000

45.566614	10.789000

45.569169	10.087000

45.571723	9.081000

45.574278	5.569000

45.576832	4.479000

45.579387	6.153000

45.581941	5.208000

45.584496	6.910000

45.587050	3.715000

45.589605	4.312000

45.592159	4.016000

45.594714	5.531000

45.597268	5.640000

45.599822	7.343000

45.602377	8.559000

45.604931	9.436000

45.607486	9.553000

45.610040	9.464000

45.612595	8.526000

45.615149	7.937000

45.617704	6.467000

45.620258	7.923000

45.622813	7.547000

45.625367	8.942000

45.627922	9.607000

45.630476	9.627000

45.633031	9.430000

45.635585	9.772000

45.638140	8.920000

45.640694	9.378000

45.643248	9.552000

45.645803	7.845000

45.648357	5.882000

45.650912	4.619000

45.653466	7.412000

45.656021	8.647000

45.658575	9.684000

45.661130	10.432000

45.663684	10.877000

45.666239	10.970000

45.668793	10.583000

45.671348	10.182000

45.673902	10.323000

45.676457	9.568000

45.679011	9.754000

45.681565	10.527000

45.684120	10.577000

45.686674	10.205000

45.689229	10.728000

45.691783	10.491000

45.694338	10.743000

45.696892	10.447000

45.699447	9.842000

45.702001	9.510000

45.704556	9.216000

45.707110	7.607000

45.709665	7.697000

45.712219	7.910000

45.714774	8.324000

45.717328	8.476000

45.719883	9.451000

45.722437	8.844000

45.724991	6.748000

45.727546	5.913000

45.730100	6.746000

45.732655	9.184000

45.735209	7.740000

45.737764	8.663000

45.740318	9.246000

45.742873	7.755000

45.745427	5.723000

45.747982	8.415000

45.750536	8.410000

45.753091	9.165000

45.755645	9.314000

45.758200	8.300000

45.760754	8.909000

45.763308	9.160000

45.765863	7.468000

45.768417	4.545000

45.770972	8.703000

45.773526	7.676000

45.776081	10.002000

45.778635	10.020000

45.781190	10.338000

45.783744	11.122000

45.786299	11.127000

45.788853	11.156000

45.791408	11.290000

45.793962	11.617000

45.796517	11.743000

45.799071	11.433000

45.801626	11.156000

45.804180	10.869000

45.806734	11.125000

45.809289	10.302000

45.811843	10.908000

45.814398	10.071000

45.816952	10.314000

45.819507	9.903000

45.822061	10.233000

45.824616	10.396000

45.827170	9.558000

45.829725	8.560000

45.832279	7.406000

45.834834	8.204000

45.837388	8.765000

45.839943	9.686000

45.842497	9.934000

45.845051	8.953000

45.847606	9.052000

45.850160	9.106000

45.852715	9.576000

45.855269	8.348000

45.857824	7.854000

45.860378	7.508000

45.862933	3.485000

45.865487	4.947000

45.868042	7.598000

45.870596	5.099000

45.873151	6.691000

45.875705	5.106000

45.878260	0.400000

45.880814	9.606000

45.883369	10.494000

45.885923	9.987000

45.888477	9.661000

45.891032	9.622000

45.893586	10.421000

45.896141	10.832000

45.898695	10.922000

45.901250	11.353000

45.903804	11.009000

45.906359	10.503000

45.908913	10.535000

45.911468	10.022000

45.914022	10.327000

45.916577	11.241000

45.919131	11.484000

45.921686	11.287000

45.924240	10.275000

45.926794	9.959000

45.929349	10.013000

45.931903	9.437000

45.934458	8.835000

45.937012	8.307000

45.939567	9.508000

45.942121	9.868000

45.944676	9.118000

45.947230	9.507000

45.949785	8.871000

45.952339	10.027000

45.954894	10.796000

45.957448	10.892000

45.960003	10.596000

45.962557	9.809000

45.965112	10.650000

45.967666	10.797000

45.970220	10.504000

45.972775	10.573000

45.975329	10.942000

45.977884	11.604000

45.980438	11.474000

45.982993	10.640000

45.985547	10.166000

45.988102	10.012000

45.990656	9.795000

45.993211	10.263000

45.995765	8.979000

45.998320	5.609000

46.000874	6.586000

46.003429	5.903000

46.005983	6.699000

46.008538	7.003000

46.011092	6.995000

46.013646	2.177000

46.016201	8.494000

46.018755	8.825000

46.021310	10.656000

46.023864	10.309000

46.026419	10.460000

46.028973	9.641000

46.031528	9.718000

46.034082	9.755000

46.036637	9.674000

46.039191	9.804000

46.041746	8.733000

46.044300	8.800000

46.046855	7.756000

46.049409	6.941000

46.051963	4.187000

46.054518	5.279000

46.057072	8.786000

46.059627	7.577000

46.062181	8.865000

46.064736	8.719000

46.067290	9.281000

46.069845	8.847000

46.072399	10.243000

46.074954	10.636000

46.077508	10.761000

46.080063	11.227000

46.082617	11.288000

46.085172	11.797000

46.087726	11.929000

46.090281	12.019000

46.092835	12.013000

46.095389	12.050000

46.097944	11.809000

46.100498	11.489000

46.103053	11.289000

46.105607	11.188000

46.108162	11.114000

46.110716	10.748000

46.113271	10.386000

46.115825	9.815000

46.118380	9.302000

46.120934	7.737000

46.123489	6.334000

46.126043	6.831000

46.128598	8.074000

46.131152	3.584000

46.133706	6.620000

46.136261	7.172000

46.138815	9.593000

46.141370	7.838000

46.143924	6.854000

46.146479	8.388000

46.149033	7.583000

46.151588	7.777000

46.154142	8.899000

46.156697	9.502000

46.159251	9.920000

46.161806	10.269000

46.164360	10.561000

46.166915	10.442000

46.169469	10.314000

46.172024	10.256000

46.174578	8.985000

46.177132	10.292000

46.179687	9.469000

46.182241	8.327000

46.184796	8.398000

46.187350	8.767000

46.189905	7.631000

46.192459	9.489000

46.195014	8.300000

46.197568	8.445000

46.200123	7.602000

46.202677	1.563000

46.205232	3.613000

46.207786	6.789000

46.210341	8.982000

46.212895	9.461000

46.215449	9.757000

46.218004	10.191000

46.220558	9.233000

46.223113	8.052000

46.225667	4.858000

46.228222	8.301000

46.230776	9.504000

46.233331	9.462000

46.235885	9.065000

46.238440	9.712000

46.240994	10.280000

46.243549	10.840000

46.246103	11.368000

46.248658	11.359000

46.251212	11.308000

46.253767	11.043000

46.256321	10.494000

46.258875	9.487000

46.261430	8.864000

46.263984	9.537000

46.266539	9.265000

46.269093	10.727000

46.271648	10.385000

46.274202	10.086000

46.276757	10.670000

46.279311	10.622000

46.281866	9.801000

46.284420	8.926000

46.286975	7.621000

46.289529	0.821000

46.292084	4.013000

46.294638	8.342000

46.297192	7.233000

46.299747	6.713000

46.302301	4.677000

46.304856	7.828000

46.307410	9.986000

46.309965	9.868000

46.312519	9.770000

46.315074	10.598000

46.317628	9.785000

46.320183	10.809000

46.322737	10.697000

46.325292	9.433000

46.327846	9.891000

46.330401	10.293000

46.332955	9.994000

46.335510	10.285000

46.338064	8.717000

46.340618	9.592000

46.343173	9.715000

46.345727	10.185000

46.348282	9.579000

46.350836	9.367000

46.353391	9.270000

46.355945	9.378000

46.358500	8.519000

46.361054	10.077000

46.363609	9.473000

46.366163	9.788000

46.368718	10.599000

46.371272	10.324000

46.373827	8.901000

46.376381	9.662000

46.378935	9.210000

46.381490	9.454000

46.384044	9.584000

46.386599	8.810000

46.389153	8.620000

46.391708	8.216000

46.394262	6.276000

46.396817	6.001000

46.399371	4.016000

46.401926	5.976000

46.404480	6.252000

46.407035	3.461000

46.409589	7.023000

46.412144	6.233000

46.414698	6.815000

46.417253	8.189000

46.419807	7.427000

46.422361	7.664000

46.424916	6.585000

46.427470	6.563000

46.430025	8.589000

46.432579	8.582000

46.435134	8.277000

46.437688	7.800000

46.440243	7.590000

46.442797	8.755000

46.445352	7.929000

46.447906	8.957000

46.450461	8.227000

46.453015	7.926000

46.455570	6.340000

46.458124	7.245000

46.460678	8.527000

46.463233	8.865000

46.465787	8.218000

46.468342	9.706000

46.470896	9.357000

46.473451	9.429000

46.476005	8.826000

46.478560	7.923000

46.481114	6.023000

46.483669	8.867000

46.486223	8.209000

46.488778	9.251000

46.491332	9.104000

46.493887	9.941000

46.496441	10.530000

46.498996	10.241000

46.501550	10.127000

46.504104	10.630000

46.506659	10.225000

46.509213	11.414000

46.511768	11.531000

46.514322	11.162000

46.516877	10.815000

46.519431	11.221000

46.521986	11.040000

46.524540	11.169000

46.527095	11.126000

46.529649	10.833000

46.532204	10.591000

46.534758	9.819000

46.537313	7.025000

46.539867	0.864000

46.542421	6.621000

46.544976	6.060000

46.547530	9.371000

46.550085	9.708000

46.552639	9.959000

46.555194	10.683000

46.557748	9.634000

46.560303	9.103000

46.562857	10.016000

46.565412	9.164000

46.567966	9.022000

46.570521	9.854000

46.573075	9.373000

46.575630	9.977000

46.578184	9.117000

46.580739	8.276000

46.583293	8.591000

46.585847	7.759000

46.588402	4.188000

46.590956	7.651000

46.593511	9.569000

46.596065	8.183000

46.598620	8.585000

46.601174	6.617000

46.603729	6.815000

46.606283	7.269000

46.608838	6.584000

46.611392	7.349000

46.613947	8.385000

46.616501	6.426000

46.619056	7.052000

46.621610	6.242000

46.624164	6.256000

46.626719	1.850000

46.629273	7.001000

46.631828	8.965000

46.634382	7.568000

46.636937	7.877000

46.639491	8.562000

46.642046	8.160000

46.644600	6.827000

46.647155	2.574000

46.649709	3.505000

46.652264	6.139000

46.654818	4.024000

46.657373	3.120000

46.659927	0.471000

46.662482	6.657000

46.665036	7.283000

46.667590	6.382000

46.670145	6.637000

46.672699	5.222000

46.675254	7.354000

46.677808	5.937000

46.680363	7.472000

46.682917	8.213000

46.685472	9.391000

46.688026	9.724000

46.690581	10.053000

46.693135	10.024000

46.695690	10.513000

46.698244	9.952000

46.700799	10.300000

46.703353	9.849000

46.705907	9.510000

46.708462	9.900000

46.711016	8.706000

46.713571	7.739000

46.716125	2.785000

46.718680	8.571000

46.721234	10.170000

46.723789	10.050000

46.726343	10.277000

46.728898	9.555000

46.731452	10.397000

46.734007	10.349000

46.736561	9.728000

46.739116	9.416000

46.741670	8.827000

46.744225	6.029000

46.746779	7.425000

46.749333	8.378000

46.751888	8.917000

46.754442	7.435000

46.756997	0.000000

46.759551	5.320000

46.762106	6.828000

46.764660	9.013000

46.767215	9.410000

46.769769	10.378000

46.772324	9.675000

46.774878	10.768000

46.777433	10.182000

46.779987	8.042000

46.782542	9.374000

46.785096	2.810000

46.787650	9.175000

46.790205	8.326000

46.792759	7.377000

46.795314	6.169000

46.797868	1.381000

46.800423	7.885000

46.802977	5.099000

46.805532	6.997000

46.808086	1.387000

46.810641	0.899000

46.813195	6.542000

46.815750	1.542000

46.818304	6.398000

46.820859	5.916000

46.823413	9.239000

46.825968	7.927000

46.828522	8.861000

46.831076	10.173000

46.833631	9.584000

46.836185	8.810000

46.838740	9.734000

46.841294	8.909000

46.843849	9.277000

46.846403	6.808000

46.848958	6.379000

46.851512	9.787000

46.854067	9.669000

46.856621	8.884000

46.859176	8.269000

46.861730	8.741000

46.864285	10.152000

46.866839	10.920000

46.869393	10.945000

46.871948	10.709000

46.874502	10.842000

46.877057	10.386000

46.879611	10.117000

46.882166	11.049000

46.884720	11.330000

46.887275	11.513000

46.889829	11.319000

46.892384	10.155000

46.894938	9.576000

46.897493	9.920000

46.900047	10.119000

46.902602	10.123000

46.905156	9.776000

46.907711	9.379000

46.910265	8.834000

46.912819	9.236000

46.915374	8.842000

46.917928	9.280000

46.920483	9.172000

46.923037	9.003000

46.925592	4.303000

46.928146	7.366000

46.930701	5.646000

46.933255	5.282000

46.935810	8.657000

46.938364	7.996000

46.940919	6.849000

46.943473	8.085000

46.946028	8.901000

46.948582	8.514000

46.951136	5.842000

46.953691	5.642000

46.956245	5.266000

46.958800	5.905000

46.961354	6.069000

46.963909	8.897000

46.966463	8.060000

46.969018	7.713000

46.971572	6.611000

46.974127	8.719000

46.976681	8.615000

46.979236	9.290000

46.981790	9.939000

46.984345	9.975000

46.986899	9.897000

46.989454	9.633000

46.992008	9.828000

46.994562	9.494000

46.997117	9.414000

46.999671	10.131000

47.002226	10.411000

47.004780	10.176000

47.007335	8.617000

47.009889	9.822000

47.012444	9.602000

47.014998	8.469000

47.017553	6.739000

47.020107	8.174000

47.022662	9.109000

47.025216	8.956000

47.027771	8.564000

47.030325	8.563000

47.032879	8.913000

47.035434	8.534000

47.037988	8.622000

47.040543	9.081000

47.043097	8.146000

47.045652	8.075000

47.048206	8.528000

47.050761	8.585000

47.053315	0.000000

47.055870	6.794000

47.058424	6.693000

47.060979	8.730000

47.063533	8.808000

47.066088	7.661000

47.068642	1.922000

47.071197	3.904000

47.073751	8.725000

47.076305	9.629000

47.078860	9.287000

47.081414	9.917000

47.083969	10.253000

47.086523	10.150000

47.089078	10.066000

47.091632	9.521000

47.094187	9.567000

47.096741	9.303000

47.099296	9.670000

47.101850	9.904000

47.104405	9.047000

47.106959	9.104000

47.109514	8.166000

47.112068	9.782000

47.114622	10.031000

47.117177	9.156000

47.119731	7.002000

47.122286	9.151000

47.124840	8.355000

47.127395	8.225000

47.129949	7.958000

47.132504	7.225000

47.135058	7.956000

47.137613	7.546000

47.140167	8.995000

47.142722	9.588000

47.145276	8.013000

47.147831	7.632000

47.150385	6.723000

47.152940	6.595000

47.155494	5.526000

47.158048	5.654000

47.160603	5.402000

47.163157	1.576000

47.165712	8.510000

47.168266	9.619000

47.170821	10.122000

47.173375	10.135000

47.175930	10.077000

47.178484	10.230000

47.181039	10.417000

47.183593	9.672000

47.186148	9.628000

47.188702	8.969000

47.191257	8.820000

47.193811	9.524000

47.196365	8.908000

47.198920	9.177000

47.201474	9.745000

47.204029	9.946000

47.206583	9.709000

47.209138	9.011000

47.211692	7.481000

47.214247	5.848000

47.216801	7.323000

47.219356	6.874000

47.221910	9.414000

47.224465	9.457000

47.227019	10.646000

47.229574	11.225000

47.232128	11.220000

47.234683	11.214000

47.237237	11.152000

47.239791	11.650000

47.242346	12.044000

47.244900	12.002000

47.247455	11.916000

47.250009	11.943000

47.252564	12.106000

47.255118	12.056000

47.257673	12.058000

47.260227	12.020000

47.262782	12.501000

47.265336	11.905000

47.267891	12.037000

47.270445	11.663000

47.273000	11.471000

47.275554	11.758000

47.278108	11.752000

47.280663	11.400000

47.283217	10.683000

47.285772	9.662000

47.288326	7.922000

47.290881	5.581000

47.293435	3.062000

47.295990	1.768000

47.298544	2.120000

47.301099	3.749000

47.303653	7.180000

47.306208	9.699000

47.308762	10.042000

47.311317	10.895000

47.313871	10.730000

47.316426	10.982000

47.318980	11.331000

47.321534	11.513000

47.324089	10.918000

47.326643	11.063000

47.329198	9.991000

47.331752	8.697000

47.334307	7.882000

47.336861	7.916000

47.339416	5.873000

47.341970	0.000000

47.344525	6.182000

47.347079	5.311000

47.349634	3.944000

47.352188	7.100000

47.354743	9.477000

47.357297	8.888000

47.359851	9.891000

47.362406	10.092000

47.364960	9.389000

47.367515	8.788000

47.370069	8.809000

47.372624	4.327000

47.375178	6.325000

47.377733	6.173000

47.380287	5.407000

47.382842	8.575000

47.385396	9.305000

47.387951	10.158000

47.390505	10.000000

47.393060	9.804000

47.395614	9.429000

47.398169	10.366000

47.400723	9.859000

47.403277	10.389000

47.405832	10.624000

47.408386	10.502000

47.410941	10.837000

47.413495	10.708000

47.416050	9.146000

47.418604	8.292000

47.421159	9.700000

47.423713	8.814000

47.426268	7.382000

47.428822	3.646000

47.431377	7.965000

47.433931	8.015000

47.436486	9.049000

47.439040	7.776000

47.441594	9.291000

47.444149	9.317000

47.446703	8.544000

47.449258	8.999000

47.451812	7.815000

47.454367	4.007000

47.456921	2.156000

47.459476	9.457000

47.462030	9.229000

47.464585	8.970000

47.467139	7.587000

47.469694	8.921000

47.472248	8.852000

47.474803	9.550000

47.477357	10.333000

47.479912	10.478000

47.482466	10.185000

47.485020	10.802000

47.487575	10.768000

47.490129	9.921000

47.492684	10.436000

47.495238	9.133000

47.497793	2.388000

47.500347	8.131000

47.502902	9.149000

47.505456	9.127000

47.508011	9.854000

47.510565	8.902000

47.513120	9.321000

47.515674	8.803000

47.518229	8.699000

47.520783	10.527000

47.523337	10.235000

47.525892	10.619000

47.528446	11.121000

47.531001	10.998000

47.533555	10.405000

47.536110	10.475000

47.538664	10.411000

47.541219	10.281000

47.543773	9.674000

47.546328	9.232000

47.548882	9.252000

47.551437	7.577000

47.553991	6.900000

47.556546	7.503000

47.559100	7.106000

47.561655	7.794000

47.564209	1.031000

47.566763	6.121000

47.569318	6.075000

47.571872	8.300000

47.574427	6.155000

47.576981	4.926000

47.579536	6.350000

47.582090	5.883000

47.584645	4.527000

47.587199	6.377000

47.589754	7.188000

47.592308	6.946000

47.594863	7.452000

47.597417	6.276000

47.599972	5.385000

47.602526	5.595000

47.605080	7.940000

47.607635	8.050000

47.610189	6.228000

47.612744	2.667000

47.615298	7.473000

47.617853	8.900000

47.620407	8.509000

47.622962	7.815000

47.625516	8.677000

47.628071	8.820000

47.630625	6.411000

47.633180	9.791000

47.635734	10.219000

47.638289	8.092000

47.640843	8.166000

47.643398	9.286000

47.645952	7.882000

47.648506	5.785000

47.651061	5.438000

47.653615	8.273000

47.656170	9.321000

47.658724	7.264000

47.661279	7.844000

47.663833	8.854000

47.666388	10.696000

47.668942	10.311000

47.671497	10.600000

47.674051	10.901000

47.676606	10.507000

47.679160	10.896000

47.681715	11.203000

47.684269	11.080000

47.686823	10.255000

47.689378	10.625000

47.691932	10.857000

47.694487	11.186000

47.697041	11.134000

47.699596	10.867000

47.702150	10.747000

47.704705	10.393000

47.707259	10.418000

47.709814	8.832000

47.712368	8.271000

47.714923	7.804000

47.717477	7.295000

47.720032	6.076000

47.722586	9.118000

47.725141	7.619000

47.727695	8.819000

47.730249	7.691000

47.732804	7.965000

47.735358	8.561000

47.737913	9.352000

47.740467	9.874000

47.743022	9.095000

47.745576	8.290000

47.748131	8.636000

47.750685	9.756000

47.753240	9.183000

47.755794	0.983000

47.758349	0.561000

47.760903	6.643000

47.763458	8.788000

47.766012	5.871000

47.768567	7.759000

47.771121	6.964000

47.773675	8.848000

47.776230	9.282000

47.778784	9.085000

47.781339	9.147000

47.783893	9.178000

47.786448	9.754000

47.789002	10.529000

47.791557	10.658000

47.794111	10.187000

47.796666	9.944000

47.799220	10.603000

47.801775	10.855000

47.804329	10.214000

47.806884	8.112000

47.809438	7.775000

47.811992	6.921000

47.814547	7.874000

47.817101	3.079000

47.819656	6.352000

47.822210	7.214000

47.824765	6.778000

47.827319	4.772000

47.829874	6.859000

47.832428	5.655000

47.834983	4.742000

47.837537	4.452000

47.840092	5.208000

47.842646	8.061000

47.845201	3.824000

47.847755	3.476000

47.850310	5.113000

47.852864	1.625000

47.855418	3.661000

47.857973	0.000000

47.860527	2.639000

47.863082	7.942000

47.865636	8.594000

47.868191	8.934000

47.870745	8.432000

47.873300	8.081000

47.875854	9.056000

47.878409	8.808000

47.880963	9.185000

47.883518	9.829000

47.886072	8.776000

47.888627	10.243000

47.891181	10.207000

47.893735	10.953000

47.896290	11.016000

47.898844	10.524000

47.901399	9.960000

47.903953	10.387000

47.906508	9.834000

47.909062	10.351000

47.911617	9.551000

47.914171	9.040000

47.916726	8.377000

47.919280	6.941000

47.921835	6.147000

47.924389	5.617000

47.926944	5.323000

47.929498	7.148000

47.932053	5.836000

47.934607	6.722000

47.937161	8.306000

47.939716	6.842000

47.942270	5.445000

47.944825	3.712000

47.947379	6.239000

47.949934	3.445000

47.952488	6.761000

47.955043	6.376000

47.957597	7.657000

47.960152	5.034000

47.962706	3.061000

47.965261	3.731000

47.967815	7.597000

47.970370	3.438000

47.972924	6.650000

47.975478	7.351000

47.978033	8.871000

47.980587	8.846000

47.983142	7.610000

47.985696	6.477000

47.988251	9.104000

47.990805	8.273000

47.993360	9.156000

47.995914	8.801000

47.998469	9.285000

48.001023	8.623000

48.003578	8.758000

48.006132	9.385000

48.008687	9.492000

48.011241	9.456000

48.013796	9.535000

48.016350	9.279000

48.018904	8.829000

48.021459	8.506000

48.024013	8.937000

48.026568	9.396000

48.029122	9.832000

48.031677	9.518000

48.034231	10.297000

48.036786	9.341000

48.039340	9.759000

48.041895	10.320000

48.044449	10.392000

48.047004	10.237000

48.049558	10.122000

48.052113	10.082000

48.054667	10.339000

48.057221	9.539000

48.059776	9.573000

48.062330	8.749000

48.064885	7.726000

48.067439	8.198000

48.069994	5.402000

48.072548	0.000000

48.075103	6.243000

48.077657	4.327000

48.080212	5.678000

48.082766	9.113000

48.085321	10.007000

48.087875	9.373000

48.090430	10.200000

48.092984	10.494000

48.095539	10.652000

48.098093	10.574000

48.100647	10.047000

48.103202	10.291000

48.105756	10.429000

48.108311	11.210000

48.110865	11.717000

48.113420	11.458000

48.115974	11.654000

48.118529	11.818000

48.121083	12.020000

48.123638	12.081000

48.126192	11.782000

48.128747	12.024000

48.131301	12.136000

48.133856	11.948000

48.136410	11.929000

48.138964	11.915000

48.141519	11.731000

48.144073	11.909000

48.146628	12.055000

48.149182	11.987000

48.151737	11.577000

48.154291	11.167000

48.156846	11.364000

48.159400	11.218000

48.161955	10.769000

48.164509	10.895000

48.167064	10.350000

48.169618	10.206000

48.172173	9.246000

48.174727	8.873000

48.177282	7.502000

48.179836	6.085000

48.182390	5.412000

48.184945	3.259000

48.187499	4.280000

48.190054	8.248000

48.192608	9.471000

48.195163	9.791000

48.197717	10.018000

48.200272	10.660000

48.202826	10.427000

48.205381	10.192000

48.207935	10.677000

48.210490	10.765000

48.213044	10.628000

48.215599	10.436000

48.218153	10.445000

48.220707	9.969000

48.223262	10.086000

48.225816	8.987000

48.228371	8.474000

48.230925	8.440000

48.233480	4.218000

48.236034	3.460000

48.238589	1.867000

48.241143	5.041000

48.243698	6.223000

48.246252	8.089000

48.248807	9.867000

48.251361	9.748000

48.253916	8.356000

48.256470	6.437000

48.259025	8.021000

48.261579	8.753000

48.264133	7.836000

48.266688	8.744000

48.269242	8.511000

48.271797	6.368000

48.274351	6.739000

48.276906	9.071000

48.279460	8.745000

48.282015	6.375000

48.284569	5.157000

48.287124	6.442000

48.289678	7.567000

48.292233	9.770000

48.294787	10.242000

48.297342	9.350000

48.299896	9.230000

48.302450	9.733000

48.305005	9.357000

48.307559	8.189000

48.310114	7.292000

48.312668	8.243000

48.315223	8.872000

48.317777	8.116000

48.320332	8.514000

48.322886	7.955000

48.325441	9.255000

48.327995	8.244000

48.330550	3.435000

48.333104	3.309000

48.335659	7.353000

48.338213	9.213000

48.340768	9.923000

48.343322	10.186000

48.345876	10.048000

48.348431	9.014000

48.350985	9.142000

48.353540	9.844000

48.356094	9.813000

48.358649	10.293000

48.361203	10.698000

48.363758	10.656000

48.366312	10.881000

48.368867	10.554000

48.371421	10.119000

48.373976	8.842000

48.376530	6.852000

48.379085	2.765000

48.381639	7.954000

48.384193	7.877000

48.386748	2.984000

48.389302	7.719000

48.391857	9.167000

48.394411	8.138000

48.396966	4.747000

48.399520	5.959000

48.402075	8.160000

48.404629	8.920000

48.407184	8.605000

48.409738	9.039000

48.412293	8.916000

48.414847	9.725000

48.417402	6.747000

48.419956	6.763000

48.422511	5.265000

48.425065	6.448000

48.427619	8.406000

48.430174	9.632000

48.432728	9.634000

48.435283	9.206000

48.437837	8.398000

48.440392	9.566000

48.442946	9.584000

48.445501	8.260000

48.448055	9.434000

48.450610	9.812000

48.453164	9.766000

48.455719	8.998000

48.458273	8.936000

48.460828	9.961000

48.463382	9.497000

48.465936	9.142000

48.468491	8.633000

48.471045	6.797000

48.473600	8.842000

48.476154	10.180000

48.478709	10.584000

48.481263	10.813000

48.483818	10.024000

48.486372	8.544000

48.488927	8.846000

48.491481	8.345000

48.494036	6.816000

48.496590	7.854000

48.499145	9.511000

48.501699	10.232000

48.504254	9.394000

48.506808	9.990000

48.509362	10.284000

48.511917	9.869000

48.514471	10.396000

48.517026	9.481000

48.519580	8.849000

48.522135	9.321000

48.524689	9.491000

48.527244	10.387000

48.529798	11.005000

48.532353	11.022000

48.534907	10.217000

48.537462	10.155000

48.540016	9.587000

48.542571	9.076000

48.545125	7.913000

48.547679	9.836000

48.550234	9.840000

48.552788	10.342000

48.555343	10.716000

48.557897	10.613000

48.560452	10.859000

48.563006	11.243000

48.565561	11.052000

48.568115	11.251000

48.570670	10.552000

48.573224	10.291000

48.575779	10.956000

48.578333	11.464000

48.580888	11.642000

48.583442	11.720000

48.585997	11.806000

48.588551	11.528000

48.591105	11.458000

48.593660	11.386000

48.596214	10.739000

48.598769	10.329000

48.601323	10.270000

48.603878	10.300000

48.606432	9.670000

48.608987	10.208000

48.611541	9.581000

48.614096	9.296000

48.616650	8.590000

48.619205	6.344000

48.621759	7.030000

48.624314	7.380000

48.626868	6.517000

48.629422	7.461000

48.631977	2.592000

48.634531	7.056000

48.637086	8.116000

48.639640	7.776000

48.642195	8.052000

48.644749	9.523000

48.647304	9.891000

48.649858	9.584000

48.652413	9.732000

48.654967	9.541000

48.657522	9.831000

48.660076	10.026000

48.662631	9.157000

48.665185	8.765000

48.667740	8.592000

48.670294	9.539000

48.672848	9.540000

48.675403	10.627000

48.677957	10.659000

48.680512	10.459000

48.683066	10.302000

48.685621	8.573000

48.688175	4.147000

48.690730	7.387000

48.693284	6.681000

48.695839	3.016000

48.698393	3.157000

48.700948	4.619000

48.703502	8.068000

48.706057	8.717000

48.708611	8.694000

48.711165	8.202000

48.713720	8.732000

48.716274	9.195000

48.718829	9.667000

48.721383	10.066000

48.723938	10.219000

48.726492	10.108000

48.729047	9.311000

48.731601	7.316000

48.734156	4.086000

48.736710	7.322000

48.739265	7.506000

48.741819	7.733000

48.744374	9.536000

48.746928	9.181000

48.749483	7.168000

48.752037	1.737000

48.754591	6.034000

48.757146	6.421000

48.759700	7.259000

48.762255	6.289000

48.764809	5.833000

48.767364	4.752000

48.769918	5.040000

48.772473	6.462000

48.775027	7.114000

48.777582	4.708000

48.780136	4.093000

48.782691	4.464000

48.785245	5.320000

48.787800	2.847000

48.790354	0.000000

48.792908	6.110000

48.795463	8.449000

48.798017	6.349000

48.800572	7.421000

48.803126	9.093000

48.805681	8.118000

48.808235	7.858000

48.810790	9.846000

48.813344	10.167000

48.815899	10.294000

48.818453	10.312000

48.821008	10.673000

48.823562	9.871000

48.826117	9.871000

48.828671	9.814000

48.831226	9.002000

48.833780	8.623000

48.836334	8.154000

48.838889	8.885000

48.841443	9.466000

48.843998	8.697000

48.846552	6.329000

48.849107	8.448000

48.851661	8.114000

48.854216	6.286000

48.856770	6.020000

48.859325	7.923000

48.861879	8.593000

48.864434	7.042000

48.866988	4.844000

48.869543	4.981000

48.872097	6.242000

48.874651	9.235000

48.877206	8.942000

48.879760	8.426000

48.882315	6.257000

48.884869	5.805000

48.887424	8.590000

48.889978	10.090000

48.892533	9.942000

48.895087	9.515000

48.897642	9.686000

48.900196	10.102000

48.902751	10.244000

48.905305	10.500000

48.907860	10.223000

48.910414	10.743000

48.912969	10.717000

48.915523	11.204000

48.918077	11.147000

48.920632	11.222000

48.923186	11.284000

48.925741	11.103000

48.928295	11.516000

48.930850	11.311000

48.933404	10.991000

48.935959	10.888000

48.938513	10.898000

48.941068	11.165000

48.943622	10.805000

48.946177	11.091000

48.948731	11.263000

48.951286	11.217000

48.953840	11.347000

48.956394	10.910000

48.958949	10.568000

48.961503	10.461000

48.964058	10.345000

48.966612	9.617000

48.969167	10.341000

48.971721	10.561000

48.974276	9.860000

48.976830	10.225000

48.979385	10.350000

48.981939	10.294000

48.984494	9.729000

48.987048	10.237000

48.989603	10.056000

48.992157	9.579000

48.994712	9.096000

48.997266	7.183000

48.999820	7.969000

49.002375	6.520000

49.004929	8.924000

49.007484	8.695000

49.010038	8.203000

49.012593	9.015000

49.015147	10.272000

49.017702	9.989000

49.020256	10.475000

49.022811	10.815000

49.025365	11.093000

49.027920	11.207000

49.030474	11.282000

49.033029	11.210000

49.035583	11.357000

49.038137	10.899000

49.040692	10.498000

49.043246	9.340000

49.045801	8.176000

49.048355	5.951000

49.050910	4.327000

49.053464	9.227000

49.056019	8.919000

49.058573	9.079000

49.061128	9.100000

49.063682	9.030000

49.066237	9.495000

49.068791	10.174000

49.071346	10.710000

49.073900	10.761000

49.076455	10.678000

49.079009	10.532000

49.081563	10.196000

49.084118	8.735000

49.086672	4.925000

49.089227	5.776000

49.091781	7.785000

49.094336	7.000000

49.096890	4.346000

49.099445	7.394000

49.101999	7.148000

49.104554	7.232000

49.107108	6.550000

49.109663	5.516000

49.112217	0.000000

49.114772	8.199000

49.117326	5.735000

49.119880	7.488000

49.122435	7.708000

49.124989	8.387000

49.127544	8.964000

49.130098	0.000000

49.132653	8.092000

49.135207	9.553000

49.137762	9.999000

49.140316	9.625000

49.142871	9.881000

49.145425	9.317000

49.147980	9.694000

49.150534	8.043000

49.153089	7.812000

49.155643	8.112000

49.158198	8.269000

49.160752	8.749000

49.163306	6.056000

49.165861	3.744000

49.168415	6.498000

49.170970	8.285000

49.173524	6.391000

49.176079	6.802000

49.178633	5.379000

49.181188	3.815000

49.183742	6.643000

49.186297	8.575000

49.188851	8.185000

49.191406	7.635000

49.193960	8.945000

49.196515	9.194000

49.199069	7.799000

49.201623	4.804000

49.204178	7.925000

49.206732	10.283000

49.209287	10.786000

49.211841	9.314000

49.214396	10.368000

49.216950	10.220000

49.219505	8.765000

49.222059	7.454000

49.224614	2.677000

49.227168	7.735000

49.229723	5.371000

49.232277	1.498000

49.234832	6.462000

49.237386	5.117000

49.239941	3.437000

49.242495	7.411000

49.245049	9.076000

49.247604	8.587000

49.250158	7.868000

49.252713	6.246000

49.255267	8.136000

49.257822	7.393000

49.260376	6.388000

49.262931	4.546000

49.265485	3.283000

49.268040	5.470000

49.270594	3.035000

49.273149	9.304000

49.275703	8.791000

49.278258	7.078000

49.280812	1.833000

49.283366	5.579000

49.285921	9.622000

49.288475	9.472000

49.291030	9.104000

49.293584	10.229000

49.296139	10.080000

49.298693	9.664000

49.301248	10.474000

49.303802	10.370000

49.306357	8.893000

49.308911	8.782000

49.311466	10.377000

49.314020	10.508000

49.316575	11.321000

49.319129	10.949000

49.321684	10.398000

49.324238	10.311000

49.326792	9.948000

49.329347	8.362000

49.331901	9.289000

49.334456	7.994000

49.337010	4.446000

49.339565	6.127000

49.342119	6.860000

49.344674	8.483000

49.347228	9.296000

49.349783	8.742000

49.352337	9.758000

49.354892	10.583000

49.357446	10.327000

49.360001	10.376000

49.362555	9.944000

49.365109	9.985000

49.367664	10.388000

49.370218	9.887000

49.372773	10.730000

49.375327	10.621000

49.377882	9.430000

49.380436	9.283000

49.382991	9.953000

49.385545	10.774000

49.388100	9.369000

49.390654	9.344000

49.393209	9.875000

49.395763	9.669000

49.398318	9.755000

49.400872	8.867000

49.403427	9.433000

49.405981	9.519000

49.408535	9.530000

49.411090	10.805000

49.413644	10.675000

49.416199	10.240000

49.418753	10.659000

49.421308	10.459000

49.423862	10.819000

49.426417	9.755000

49.428971	8.358000

49.431526	9.478000

49.434080	9.775000

49.436635	8.735000

49.439189	8.692000

49.441744	9.167000

49.444298	9.086000

49.446853	9.353000

49.449407	8.897000

49.451961	7.860000

49.454516	8.046000

49.457070	6.414000

49.459625	8.308000

49.462179	9.660000

49.464734	9.592000

49.467288	10.048000

49.469843	9.926000

49.472397	9.266000

49.474952	9.048000

49.477506	9.863000

49.480061	9.115000

49.482615	9.485000

49.485170	9.818000

49.487724	8.427000

49.490278	8.025000

49.492833	7.181000

49.495387	7.864000

49.497942	8.236000

49.500496	6.153000

49.503051	6.373000

49.505605	6.861000

49.508160	7.855000

49.510714	7.099000

49.513269	8.132000

49.515823	8.163000

49.518378	7.447000

49.520932	8.978000

49.523487	5.876000

49.526041	7.622000

49.528596	0.000000

49.531150	1.267000

49.533704	6.844000

49.536259	3.337000

49.538813	5.053000

49.541368	4.554000

49.543922	6.346000

49.546477	6.667000

49.549031	3.493000

49.551586	7.200000

49.554140	6.864000

49.556695	8.352000

49.559249	7.286000

49.561804	6.910000

49.564358	7.904000

49.566913	4.655000

49.569467	6.767000

49.572021	2.008000

49.574576	5.075000

49.577130	8.575000

49.579685	7.710000

49.582239	7.018000

49.584794	6.702000

49.587348	4.764000

49.589903	5.017000

49.592457	6.219000

49.595012	8.961000

49.597566	9.501000

49.600121	10.531000

49.602675	9.557000

49.605230	9.391000

49.607784	9.454000

49.610339	8.556000

49.612893	8.370000

49.615447	9.264000

49.618002	9.139000

49.620556	3.916000

49.623111	6.699000

49.625665	8.523000

49.628220	9.304000

49.630774	8.866000

49.633329	9.139000

49.635883	6.085000

49.638438	6.328000

49.640992	9.486000

49.643547	9.791000

49.646101	9.350000

49.648656	9.002000

49.651210	8.807000

49.653764	8.876000

49.656319	9.778000

49.658873	10.749000

49.661428	10.957000

49.663982	10.194000

49.666537	9.727000

49.669091	8.797000

49.671646	6.473000

49.674200	7.720000

49.676755	6.833000

49.679309	5.839000

49.681864	9.015000

49.684418	7.402000

49.686973	8.600000

49.689527	8.096000

49.692082	8.121000

49.694636	7.406000

49.697190	1.063000

49.699745	8.264000

49.702299	9.437000

49.704854	9.226000

49.707408	9.028000

49.709963	9.063000

49.712517	7.889000

49.715072	5.933000

49.717626	4.512000

49.720181	2.954000

49.722735	8.860000

49.725290	7.064000

49.727844	8.365000

49.730399	6.759000

49.732953	7.515000

49.735507	8.797000

49.738062	7.258000

49.740616	5.670000

49.743171	3.713000

49.745725	6.010000

49.748280	4.713000

49.750834	6.006000

49.753389	5.499000

49.755943	8.421000

49.758498	9.030000

49.761052	9.292000

49.763607	9.169000

49.766161	9.609000

49.768716	10.497000

49.771270	10.687000

49.773825	10.073000

49.776379	9.006000

49.778933	8.980000

49.781488	0.000000

49.784042	2.229000

49.786597	5.414000

49.789151	8.236000

49.791706	8.497000

49.794260	9.036000

49.796815	8.936000

49.799369	9.766000

49.801924	9.645000

49.804478	8.748000

49.807033	7.954000

49.809587	8.353000

49.812142	10.209000

49.814696	10.051000

49.817250	9.433000

49.819805	8.946000

49.822359	8.495000

49.824914	7.319000

49.827468	6.165000

49.830023	7.249000

49.832577	6.294000

49.835132	4.041000

49.837686	6.490000

49.840241	5.930000

49.842795	4.592000

49.845350	8.024000

49.847904	6.744000

49.850459	7.184000

49.853013	5.689000

49.855568	7.040000

49.858122	8.026000

49.860676	6.718000

49.863231	8.013000

49.865785	5.100000

49.868340	6.576000

49.870894	6.701000

49.873449	8.331000

49.876003	6.780000

49.878558	6.139000

49.881112	6.044000

49.883667	6.501000

49.886221	2.895000

49.888776	8.283000

49.891330	7.077000

49.893885	7.520000

49.896439	8.420000

49.898993	8.489000

49.901548	9.424000

49.904102	0.000000

49.906657	1.077000

49.909211	7.937000

49.911766	9.897000

49.914320	8.817000

49.916875	9.713000

49.919429	8.481000

49.921984	8.745000

49.924538	8.970000

49.927093	9.393000

49.929647	9.520000

49.932202	8.991000

49.934756	6.583000

49.937311	7.506000

49.939865	7.770000

49.942419	9.999000

49.944974	9.826000

49.947528	10.308000

49.950083	10.335000

49.952637	9.550000

49.955192	4.797000

49.957746	6.904000

49.960301	0.000000

49.962855	6.094000

49.965410	5.723000

49.967964	3.058000

49.970519	6.596000

49.973073	9.267000

49.975628	9.465000

49.978182	7.956000

49.980736	8.292000

49.983291	9.793000

49.985845	10.231000

49.988400	9.731000

49.990954	9.900000

49.993509	9.869000

49.996063	8.705000

49.998618	9.024000

50.001172	9.454000

50.003727	9.388000

50.006281	10.279000

50.008836	10.868000

50.011390	10.974000

50.013945	11.073000

50.016499	10.738000

50.019054	10.846000

50.021608	11.255000

50.024162	11.051000

50.026717	10.522000

50.029271	10.826000

50.031826	11.534000

50.034380	11.653000

50.036935	11.864000

50.039489	12.024000

50.042044	11.544000

50.044598	11.293000

50.047153	10.955000

50.049707	10.194000

50.052262	8.203000

50.054816	8.606000

50.057371	4.914000

50.059925	2.575000

50.062479	5.512000

50.065034	6.800000

50.067588	3.969000

50.070143	5.625000

50.072697	7.288000

50.075252	8.138000

50.077806	9.625000

50.080361	9.915000

50.082915	10.209000

50.085470	9.979000

50.088024	9.507000

50.090579	8.718000

50.093133	8.151000

50.095688	3.532000

50.098242	5.959000

50.100797	8.365000

50.103351	9.703000

50.105905	8.801000

50.108460	8.101000

50.111014	8.293000

50.113569	9.817000

50.116123	10.412000

50.118678	9.877000

50.121232	10.511000

50.123787	10.008000

50.126341	10.351000

50.128896	9.675000

50.131450	8.417000

50.134005	7.929000

50.136559	8.123000

50.139114	6.408000

50.141668	7.771000

50.144222	8.823000

50.146777	9.449000

50.149331	9.148000

50.151886	9.065000

50.154440	9.769000

50.156995	10.336000

50.159549	10.442000

50.162104	9.656000

50.164658	9.264000

50.167213	9.337000

50.169767	9.997000

50.172322	9.058000

50.174876	9.345000

50.177431	9.414000

50.179985	8.682000

50.182540	3.115000

50.185094	3.943000

50.187648	2.706000

50.190203	3.667000

50.192757	4.780000

50.195312	8.668000

50.197866	9.213000

50.200421	8.519000

50.202975	6.479000

50.205530	3.484000

50.208084	7.258000

50.210639	5.544000

50.213193	5.355000

50.215748	1.771000

50.218302	8.343000

50.220857	7.949000

50.223411	5.060000

50.225965	0.000000

50.228520	4.989000

50.231074	7.154000

50.233629	6.545000

50.236183	2.389000

50.238738	6.521000

50.241292	0.000000

50.243847	5.563000

50.246401	8.015000

50.248956	8.740000

50.251510	8.725000

50.254065	9.319000

50.256619	10.029000

50.259174	10.101000

50.261728	10.118000

50.264283	10.271000

50.266837	9.798000

50.269391	10.008000

50.271946	10.276000

50.274500	10.267000

50.277055	10.553000

50.279609	10.430000

50.282164	10.213000

50.284718	10.182000

50.287273	10.076000

50.289827	9.170000

50.292382	9.803000

50.294936	9.296000

50.297491	8.907000

50.300045	8.696000

50.302600	9.175000

50.305154	9.751000

50.307708	10.535000

50.310263	10.361000

50.312817	10.610000

50.315372	10.078000

50.317926	10.171000

50.320481	9.372000

50.323035	9.918000

50.325590	10.059000

50.328144	10.340000

50.330699	10.386000

50.333253	10.496000

50.335808	10.135000

50.338362	10.466000

50.340917	9.894000

50.343471	9.682000

50.346026	9.926000

50.348580	9.174000

50.351134	8.955000

50.353689	9.789000

50.356243	9.399000

50.358798	8.796000

50.361352	7.672000

50.363907	9.102000

50.366461	8.406000

50.369016	8.800000

50.371570	9.056000

50.374125	7.524000

50.376679	2.946000

50.379234	7.012000

50.381788	8.260000

50.384343	5.308000

50.386897	6.688000

50.389451	9.059000

50.392006	7.463000

50.394560	8.632000

50.397115	7.858000

50.399669	7.735000

50.402224	7.174000

50.404778	7.120000

50.407333	8.081000

50.409887	7.056000

50.412442	7.669000

50.414996	8.625000

50.417551	7.955000

50.420105	7.766000

50.422660	6.713000

50.425214	6.651000

50.427769	7.715000

50.430323	8.142000

50.432877	8.185000

50.435432	9.193000

50.437986	10.402000

50.440541	11.006000

50.443095	11.245000

50.445650	10.975000

50.448204	10.481000

50.450759	10.498000

50.453313	9.990000

50.455868	9.283000

50.458422	9.501000

50.460977	10.055000

50.463531	9.920000

50.466086	9.826000

50.468640	9.972000

50.471194	10.136000

50.473749	10.052000

50.476303	9.970000

50.478858	9.831000

50.481412	8.161000

50.483967	1.243000

50.486521	5.910000

50.489076	8.550000

50.491630	9.733000

50.494185	9.151000

50.496739	8.869000

50.499294	8.708000

50.501848	8.670000

50.504403	8.398000

50.506957	8.444000

50.509512	9.655000

50.512066	9.154000

50.514620	8.285000

50.517175	6.905000

50.519729	5.426000

50.522284	5.409000

50.524838	8.945000

50.527393	10.089000

50.529947	7.296000

50.532502	6.556000

50.535056	8.248000

50.537611	9.606000

50.540165	10.235000

50.542720	10.678000

50.545274	10.792000

50.547829	10.889000

50.550383	10.649000

50.552937	10.844000

50.555492	10.980000

50.558046	10.456000

50.560601	10.609000

50.563155	10.257000

50.565710	10.365000

50.568264	9.365000

50.570819	7.852000

50.573373	10.140000

50.575928	9.619000

50.578482	8.813000

50.581037	7.392000

50.583591	8.210000

50.586146	5.736000

50.588700	5.462000

50.591255	7.024000

50.593809	0.000000

50.596363	8.000000

50.598918	9.849000

50.601472	8.085000

50.604027	8.219000

50.606581	7.726000

50.609136	4.288000

50.611690	3.952000

50.614245	5.485000

50.616799	7.555000

50.619354	7.330000

50.621908	8.258000

50.624463	8.947000

50.627017	9.431000

50.629572	6.761000

50.632126	7.059000

50.634680	8.888000

50.637235	8.698000

50.639789	9.650000

50.642344	8.039000

50.644898	5.679000

50.647453	6.028000

50.650007	5.719000

50.652562	8.466000

50.655116	7.642000

50.657671	8.820000

50.660225	8.147000

50.662780	7.529000

50.665334	7.966000

50.667889	5.827000

50.670443	3.663000

50.672998	7.256000

50.675552	8.348000

50.678106	7.870000

50.680661	9.649000

50.683215	9.351000

50.685770	9.614000

50.688324	9.475000

50.690879	8.878000

50.693433	9.001000

50.695988	7.006000

50.698542	8.569000

50.701097	9.004000

50.703651	9.346000

50.706206	9.318000

50.708760	9.851000

50.711315	10.236000

50.713869	10.672000

50.716423	10.530000

50.718978	10.178000

50.721532	10.033000

50.724087	8.776000

50.726641	7.711000

50.729196	6.746000

50.731750	8.074000

50.734305	8.785000

50.736859	7.150000

50.739414	9.672000

50.741968	9.932000

50.744523	9.384000

50.747077	8.408000

50.749632	5.429000

50.752186	8.444000

50.754741	7.591000

50.757295	7.361000

50.759849	6.274000

50.762404	5.374000

50.764958	7.593000

50.767513	8.718000

50.770067	6.592000

50.772622	6.855000

50.775176	5.321000

50.777731	5.240000

50.780285	7.886000

50.782840	8.470000

50.785394	5.061000

50.787949	4.394000

50.790503	6.114000

50.793058	6.927000

50.795612	9.762000

50.798166	8.745000

50.800721	5.349000

50.803275	4.240000

50.805830	7.631000

50.808384	8.996000

50.810939	9.619000

50.813493	8.377000

50.816048	7.902000

50.818602	6.016000

50.821157	5.096000

50.823711	7.264000

50.826266	8.357000

50.828820	0.000000

50.831375	5.080000

50.833929	6.021000

50.836484	5.856000

50.839038	9.566000

50.841592	8.087000

50.844147	2.644000

50.846701	7.533000

50.849256	3.632000

50.851810	7.944000

50.854365	3.383000

50.856919	3.021000

50.859474	0.832000

50.862028	3.368000

50.864583	0.000000

50.867137	5.293000

50.869692	6.292000

50.872246	5.752000

50.874801	8.070000

50.877355	8.700000

50.879909	8.314000

50.882464	9.489000

50.885018	7.507000

50.887573	8.069000

50.890127	5.354000

50.892682	6.646000

50.895236	8.362000

50.897791	6.596000

50.900345	7.353000

50.902900	6.573000

50.905454	7.750000

50.908009	7.731000

50.910563	5.661000

50.913118	8.079000

50.915672	8.155000

50.918227	9.436000

50.920781	9.837000

50.923335	8.761000

50.925890	7.496000

50.928444	8.455000

50.930999	8.927000

50.933553	8.511000

50.936108	6.153000

50.938662	6.052000

50.941217	6.227000

50.943771	4.954000

50.946326	5.055000

50.948880	4.965000

50.951435	7.346000

50.953989	4.710000

50.956544	3.353000

50.959098	8.398000

50.961652	8.352000

50.964207	8.090000

50.966761	7.027000

50.969316	0.000000

50.971870	0.595000

50.974425	5.557000

50.976979	4.220000

50.979534	9.449000

50.982088	9.610000

50.984643	9.946000

50.987197	10.535000

50.989752	10.952000

50.992306	11.300000

50.994861	11.229000

50.997415	11.490000

50.999970	11.719000

51.002524	11.880000

51.005078	11.677000

51.007633	11.216000

51.010187	11.459000

51.012742	11.615000

51.015296	11.321000

51.017851	11.732000

51.020405	11.480000

51.022960	10.909000

51.025514	10.178000

51.028069	10.374000

51.030623	10.563000

51.033178	10.393000

51.035732	9.111000

51.038287	8.250000

51.040841	8.608000

51.043395	8.511000

51.045950	7.332000

51.048504	7.031000

51.051059	3.427000

51.053613	5.788000

51.056168	7.439000

51.058722	6.592000

51.061277	9.171000

51.063831	8.945000

51.066386	7.911000

51.068940	0.995000

51.071495	4.612000

51.074049	3.685000

51.076604	1.791000

51.079158	9.105000

51.081713	10.068000

51.084267	9.959000

51.086821	9.955000

51.089376	10.330000

51.091930	10.774000

51.094485	11.472000

51.097039	11.617000

51.099594	11.645000

51.102148	11.351000

51.104703	11.358000

51.107257	11.077000

51.109812	10.257000

51.112366	9.655000

51.114921	9.288000

51.117475	6.110000

51.120030	7.305000

51.122584	5.905000

51.125139	9.423000

51.127693	8.563000

51.130247	8.194000

51.132802	8.848000

51.135356	9.787000

51.137911	9.693000

51.140465	10.079000

51.143020	10.107000

51.145574	9.849000

51.148129	9.065000

51.150683	7.188000

51.153238	5.998000

51.155792	6.949000

51.158347	7.674000

51.160901	8.330000

51.163456	7.404000

51.166010	9.708000

51.168564	10.538000

51.171119	7.948000

51.173673	6.759000

51.176228	3.818000

51.178782	8.334000

51.181337	7.670000

51.183891	6.698000

51.186446	7.059000

51.189000	8.999000

51.191555	8.593000

51.194109	5.384000

51.196664	2.127000

51.199218	3.206000

51.201773	3.433000

51.204327	4.155000

51.206882	7.812000

51.209436	6.140000

51.211990	8.548000

51.214545	6.655000

51.217099	8.110000

51.219654	3.932000

51.222208	8.250000

51.224763	7.978000

51.227317	6.627000

51.229872	8.112000

51.232426	9.010000

51.234981	9.270000

51.237535	6.447000

51.240090	8.453000

51.242644	6.492000

51.245199	6.484000

51.247753	4.950000

51.250307	9.188000

51.252862	9.634000

51.255416	8.269000

51.257971	3.231000

51.260525	4.997000

51.263080	5.470000

51.265634	6.283000

51.268189	2.589000

51.270743	6.089000

51.273298	7.123000

51.275852	8.485000

51.278407	8.668000

51.280961	8.593000

51.283516	4.102000

51.286070	8.002000

51.288625	7.572000

51.291179	9.293000

51.293733	8.716000

51.296288	5.365000

51.298842	7.884000

51.301397	8.238000

51.303951	7.527000

51.306506	6.723000

51.309060	6.893000

51.311615	2.280000

51.314169	0.336000

51.316724	7.364000

51.319278	8.589000

51.321833	8.635000

51.324387	8.269000

51.326942	8.925000

51.329496	9.829000

51.332050	8.256000

51.334605	8.023000

51.337159	6.332000

51.339714	0.617000

51.342268	3.890000

51.344823	1.042000

51.347377	7.772000

51.349932	5.425000

51.352486	9.108000

51.355041	10.161000

51.357595	9.333000

51.360150	9.063000

51.362704	9.804000

51.365259	9.729000

51.367813	9.518000

51.370368	9.826000

51.372922	10.079000

51.375476	9.920000

51.378031	8.755000

51.380585	5.744000

51.383140	6.553000

51.385694	8.472000

51.388249	9.579000

51.390803	8.724000

51.393358	9.501000

51.395912	8.307000

51.398467	6.350000

51.401021	7.637000

51.403576	8.311000

51.406130	7.763000

51.408685	7.403000

51.411239	8.974000

51.413793	10.314000

51.416348	10.154000

51.418902	9.317000

51.421457	10.396000

51.424011	10.594000

51.426566	9.926000

51.429120	7.830000

51.431675	7.720000

51.434229	4.060000

51.436784	6.510000

51.439338	4.512000

51.441893	3.507000

51.444447	6.588000

51.447002	5.597000

51.449556	7.728000

51.452111	6.296000

51.454665	6.601000

51.457219	8.922000

51.459774	7.614000

51.462328	7.813000

51.464883	8.647000

51.467437	7.303000

51.469992	4.379000

51.472546	7.380000

51.475101	8.786000

51.477655	7.849000

51.480210	8.407000

51.482764	5.929000

51.485319	7.522000

51.487873	6.723000

51.490428	9.166000

51.492982	9.259000

51.495536	10.485000

51.498091	9.747000

51.500645	9.434000

51.503200	9.951000

51.505754	8.908000

51.508309	9.533000

51.510863	10.109000

51.513418	9.832000

51.515972	9.265000

51.518527	7.167000

51.521081	5.135000

51.523636	6.024000

51.526190	0.000000

51.528745	7.638000

51.531299	9.200000

51.533854	10.234000

51.536408	11.294000

51.538962	11.854000

51.541517	11.140000

51.544071	10.529000

51.546626	10.256000

51.549180	9.152000

51.551735	9.460000

51.554289	9.728000

51.556844	9.723000

51.559398	9.241000

51.561953	9.226000

51.564507	7.234000

51.567062	8.987000

51.569616	9.563000

51.572171	9.498000

51.574725	8.030000

51.577279	8.483000

51.579834	8.515000

51.582388	6.394000

51.584943	7.445000

51.587497	8.964000

51.590052	10.195000

51.592606	10.657000

51.595161	10.988000

51.597715	11.053000

51.600270	10.805000

51.602824	10.769000

51.605379	10.291000

51.607933	10.179000

51.610488	9.904000

51.613042	9.956000

51.615597	10.128000

51.618151	10.674000

51.620705	10.952000

51.623260	10.501000

51.625814	10.272000

51.628369	10.264000

51.630923	9.518000

51.633478	9.057000

51.636032	8.428000

51.638587	0.000000

51.641141	6.810000

51.643696	4.299000

51.646250	2.286000

51.648805	7.674000

51.651359	8.892000

51.653914	9.586000

51.656468	10.066000

51.659022	10.478000

51.661577	10.259000

51.664131	10.819000

51.666686	10.845000

51.669240	10.652000

51.671795	10.379000

51.674349	8.914000

51.676904	10.442000

51.679458	10.284000

51.682013	10.328000

51.684567	11.026000

51.687122	11.217000

51.689676	11.569000

51.692231	11.265000

51.694785	10.757000

51.697340	10.213000

51.699894	9.578000

51.702448	8.364000

51.705003	8.786000

51.707557	8.349000

51.710112	8.789000

51.712666	8.692000

51.715221	9.569000

51.717775	10.973000

51.720330	9.029000

51.722884	8.959000

51.725439	8.855000

51.727993	6.277000

51.730548	8.310000

51.733102	6.624000

51.735657	8.020000

51.738211	9.335000

51.740765	9.200000

51.743320	9.599000

51.745874	10.644000

51.748429	10.832000

51.750983	10.864000

51.753538	9.564000

51.756092	9.550000

51.758647	9.053000

51.761201	5.327000

51.763756	7.181000

51.766310	3.530000

51.768865	8.009000

51.771419	7.612000

51.773974	7.814000

51.776528	7.546000

51.779083	7.111000

51.781637	8.303000

51.784191	7.827000

51.786746	7.480000

51.789300	9.006000

51.791855	7.916000

51.794409	8.636000

51.796964	8.786000

51.799518	9.033000

51.802073	8.870000

51.804627	9.528000

51.807182	8.921000

51.809736	9.939000

51.812291	10.001000

51.814845	9.524000

51.817400	8.648000

51.819954	8.666000

51.822508	8.836000

51.825063	9.844000

51.827617	9.855000

51.830172	9.264000

51.832726	9.028000

51.835281	7.579000

51.837835	7.891000

51.840390	4.445000

51.842944	7.154000

51.845499	9.220000

51.848053	9.090000

51.850608	6.903000

51.853162	2.999000

51.855717	8.505000

51.858271	9.288000

51.860826	10.024000

51.863380	9.434000

51.865934	3.020000

51.868489	9.654000

51.871043	9.715000

51.873598	9.571000

51.876152	9.491000

51.878707	8.746000

51.881261	9.223000

51.883816	9.624000

51.886370	10.213000

51.888925	9.215000

51.891479	8.504000

51.894034	9.543000

51.896588	10.593000

51.899143	10.985000

51.901697	11.377000

51.904251	11.773000

51.906806	11.246000

51.909360	10.205000

51.911915	8.529000

51.914469	6.970000

51.917024	4.210000

51.919578	6.780000

51.922133	6.932000

51.924687	8.307000

51.927242	9.545000

51.929796	10.039000

51.932351	10.330000

51.934905	10.185000

51.937460	10.356000

51.940014	10.701000

51.942569	11.032000

51.945123	11.082000

51.947677	10.643000

51.950232	10.079000

51.952786	9.731000

51.955341	10.085000

51.957895	9.162000

51.960450	8.619000

51.963004	8.489000

51.965559	7.157000

51.968113	5.614000

51.970668	5.027000

51.973222	7.183000

51.975777	8.432000

51.978331	8.181000

51.980886	8.438000

51.983440	9.137000

51.985994	6.517000

51.988549	0.000000

51.991103	6.221000

51.993658	9.002000

51.996212	9.268000

51.998767	8.464000

52.001321	9.649000

52.003876	10.389000

52.006430	10.525000

52.008985	10.138000

52.011539	10.200000

52.014094	9.652000

52.016648	9.505000

52.019203	7.266000

52.021757	6.608000

52.024312	7.641000

52.026866	6.842000

52.029420	8.818000

52.031975	9.397000

52.034529	10.481000

52.037084	9.971000

52.039638	10.027000

52.042193	10.365000

52.044747	10.423000

52.047302	8.973000

52.049856	7.216000

52.052411	9.320000

52.054965	9.618000

52.057520	9.380000

52.060074	8.943000

52.062629	9.686000

52.065183	9.632000

52.067737	9.382000

52.070292	8.017000

52.072846	7.069000

52.075401	0.000000

52.077955	6.631000

52.080510	5.907000

52.083064	5.577000

52.085619	8.850000

52.088173	9.376000

52.090728	6.273000

52.093282	6.238000

52.095837	6.339000

52.098391	6.069000

52.100946	8.344000

52.103500	8.319000

52.106055	8.799000

52.108609	8.049000

52.111163	3.892000

52.113718	7.737000

52.116272	9.631000

52.118827	9.735000

52.121381	9.028000

52.123936	8.297000

52.126490	9.390000

52.129045	9.354000

52.131599	8.543000

52.134154	8.710000

52.136708	9.302000

52.139263	8.770000

52.141817	0.813000

52.144372	7.319000

52.146926	8.273000

52.149480	10.130000

52.152035	9.926000

52.154589	9.032000

52.157144	10.195000

52.159698	9.732000

52.162253	9.804000

52.164807	10.256000

52.167362	9.389000

52.169916	9.215000

52.172471	6.210000

52.175025	2.252000

52.177580	3.782000

52.180134	6.432000

52.182689	5.517000

52.185243	5.677000

52.187798	8.751000

52.190352	8.287000

52.192906	8.334000

52.195461	8.230000

52.198015	8.224000

52.200570	9.957000

52.203124	9.650000

52.205679	9.692000

52.208233	10.365000

52.210788	10.041000

52.213342	9.344000

52.215897	7.351000

52.218451	7.540000

52.221006	5.720000

52.223560	7.620000

52.226115	8.515000

52.228669	8.537000

52.231223	6.339000

52.233778	8.310000

52.236332	9.864000

52.238887	10.032000

52.241441	10.669000

52.243996	10.248000

52.246550	10.314000

52.249105	9.851000

52.251659	9.636000

52.254214	9.836000

52.256768	9.658000

52.259323	9.866000

52.261877	10.171000

52.264432	10.334000

52.266986	10.915000

52.269541	10.657000

52.272095	10.464000

52.274649	10.541000

52.277204	10.867000

52.279758	10.912000

52.282313	10.990000

52.284867	10.164000

52.287422	10.588000

52.289976	10.590000

52.292531	10.592000

52.295085	9.772000

52.297640	9.594000

52.300194	10.010000

52.302749	10.734000

52.305303	9.861000

52.307858	9.616000

52.310412	7.576000

52.312966	5.824000

52.315521	8.123000

52.318075	7.948000

52.320630	5.600000

52.323184	4.460000

52.325739	6.797000

52.328293	7.682000

52.330848	8.152000

52.333402	4.509000

52.335957	4.328000

52.338511	8.345000

52.341066	7.742000

52.343620	8.646000

52.346175	7.910000

52.348729	9.399000

52.351284	9.019000

52.353838	8.434000

52.356392	7.319000

52.358947	7.476000

52.361501	0.000000

52.364056	4.840000

52.366610	2.570000

52.369165	1.954000

52.371719	5.496000

52.374274	8.923000

52.376828	9.799000

52.379383	9.829000

52.381937	10.296000

52.384492	9.996000

52.387046	10.072000

52.389601	10.382000

52.392155	11.276000

52.394709	10.700000

52.397264	10.279000

52.399818	9.986000

52.402373	7.130000

52.404927	9.279000

52.407482	8.613000

52.410036	8.329000

52.412591	8.540000

52.415145	8.763000

52.417700	8.368000

52.420254	2.948000

52.422809	4.678000

52.425363	4.176000

52.427918	0.000000

52.430472	4.042000

52.433027	5.750000

52.435581	8.764000

52.438135	5.958000

52.440690	5.856000

52.443244	6.353000

52.445799	0.000000

52.448353	4.880000

52.450908	7.011000

52.453462	7.224000

52.456017	7.627000

52.458571	8.862000

52.461126	6.135000

52.463680	8.498000

52.466235	8.931000

52.468789	8.440000

52.471344	8.924000

52.473898	10.102000

52.476452	10.632000

52.479007	11.198000

52.481561	10.607000

52.484116	9.815000

52.486670	9.734000

52.489225	10.025000

52.491779	9.966000

52.494334	9.494000

52.496888	9.752000

52.499443	9.447000

52.501997	7.929000

52.504552	4.659000

52.507106	7.116000

52.509661	8.941000

52.512215	8.923000

52.514770	9.363000

52.517324	9.747000

52.519878	9.809000

52.522433	10.222000

52.524987	10.077000

52.527542	10.035000

52.530096	9.900000

52.532651	10.440000

52.535205	10.415000

52.537760	10.133000

52.540314	10.235000

52.542869	10.445000

52.545423	9.868000

52.547978	8.656000

52.550532	8.244000

52.553087	7.749000

52.555641	7.111000

52.558195	0.000000

52.560750	6.203000

52.563304	8.735000

52.565859	7.985000

52.568413	8.395000

52.570968	6.153000

52.573522	0.000000

52.576077	0.000000

52.578631	5.540000

52.581186	7.888000

52.583740	5.184000

52.586295	6.004000

52.588849	1.747000

52.591404	5.542000

52.593958	4.148000

52.596513	6.158000

52.599067	2.061000

52.601621	2.833000

52.604176	2.116000

52.606730	4.983000

52.609285	6.417000

52.611839	5.365000

52.614394	6.804000

52.616948	3.261000

52.619503	8.290000

52.622057	9.250000

52.624612	9.885000

52.627166	8.609000

52.629721	7.563000

52.632275	6.659000

52.634830	2.938000

52.637384	5.546000

52.639938	4.455000

52.642493	6.962000

52.645047	6.208000

52.647602	4.700000

52.650156	5.835000

52.652711	8.174000

52.655265	8.562000

52.657820	6.748000

52.660374	6.381000

52.662929	7.069000

52.665483	9.283000

52.668038	9.012000

52.670592	8.606000

52.673147	8.307000

52.675701	8.044000

52.678256	5.371000

52.680810	4.145000

52.683364	5.881000

52.685919	1.627000

52.688473	3.509000

52.691028	4.731000

52.693582	8.552000

52.696137	9.438000

52.698691	9.881000

52.701246	10.252000

52.703800	9.433000

52.706355	9.150000

52.708909	9.130000

52.711464	10.019000

52.714018	9.881000

52.716573	9.324000

52.719127	9.790000

52.721681	9.865000

52.724236	8.850000

52.726790	9.407000

52.729345	9.118000

52.731899	9.929000

52.734454	9.580000

52.737008	8.257000

52.739563	4.899000

52.742117	3.915000

52.744672	8.172000

52.747226	7.775000

52.749781	6.283000

52.752335	8.704000

52.754890	9.449000

52.757444	9.726000

52.759999	9.539000

52.762553	10.297000

52.765107	11.044000

52.767662	10.750000

52.770216	11.130000

52.772771	10.841000

52.775325	11.223000

52.777880	11.517000

52.780434	11.266000

52.782989	10.584000

52.785543	10.597000

52.788098	9.955000

52.790652	9.113000

52.793207	10.255000

52.795761	10.013000

52.798316	9.619000

52.800870	8.884000

52.803424	8.900000

52.805979	9.308000

52.808533	6.635000

52.811088	6.425000

52.813642	8.603000

52.816197	8.738000

52.818751	9.529000

52.821306	10.155000

52.823860	9.312000

52.826415	7.464000

52.828969	0.721000

52.831524	0.949000

52.834078	5.627000

52.836633	8.836000

52.839187	9.058000

52.841742	9.598000

52.844296	9.367000

52.846850	9.184000

52.849405	9.194000

52.851959	9.740000

52.854514	8.426000

52.857068	8.192000

52.859623	9.378000

52.862177	8.975000

52.864732	7.361000

52.867286	6.965000

52.869841	6.258000

52.872395	7.724000

52.874950	7.374000

52.877504	3.742000

52.880059	5.992000

52.882613	6.936000

52.885168	7.786000

52.887722	8.582000

52.890276	9.485000

52.892831	8.428000

52.895385	9.189000

52.897940	9.446000

52.900494	7.816000

52.903049	9.578000

52.905603	10.596000

52.908158	9.968000

52.910712	9.307000

52.913267	8.003000

52.915821	8.319000

52.918376	9.503000

52.920930	8.840000

52.923485	8.450000

52.926039	8.766000

52.928593	8.154000

52.931148	9.332000

52.933702	5.917000

52.936257	8.236000

52.938811	4.392000

52.941366	5.907000

52.943920	5.681000

52.946475	4.895000

52.949029	7.693000

52.951584	6.263000

52.954138	7.270000

52.956693	6.664000

52.959247	0.000000

52.961802	6.005000

52.964356	3.498000

52.966911	8.000000

52.969465	7.968000

52.972019	9.636000

52.974574	7.092000

52.977128	9.164000

52.979683	8.691000

52.982237	9.320000

52.984792	9.218000

52.987346	8.853000

52.989901	9.157000

52.992455	9.180000

52.995010	9.247000

52.997564	9.541000

53.000119	10.407000

53.002673	9.990000

53.005228	10.602000

53.007782	10.955000

53.010336	11.067000

53.012891	10.727000

53.015445	10.570000

53.018000	11.252000

53.020554	11.306000

53.023109	11.004000

53.025663	10.680000

53.028218	11.102000

53.030772	11.504000

53.033327	11.405000

53.035881	11.313000

53.038436	11.303000

53.040990	11.441000

53.043545	11.056000

53.046099	10.776000

53.048654	10.459000

53.051208	10.417000

53.053762	9.820000

53.056317	10.567000

53.058871	10.294000

53.061426	9.057000

53.063980	8.070000

53.066535	5.467000

53.069089	9.043000

53.071644	8.463000

53.074198	2.703000

53.076753	0.581000

53.079307	3.759000

53.081862	5.246000

53.084416	2.692000

53.086971	1.888000

53.089525	4.910000

53.092079	7.539000

53.094634	7.596000

53.097188	7.476000

53.099743	9.061000

53.102297	9.839000

53.104852	9.979000

53.107406	10.497000

53.109961	9.538000

53.112515	9.741000

53.115070	9.630000

53.117624	9.927000

53.120179	10.401000

53.122733	10.737000

53.125288	10.564000

53.127842	10.703000

53.130397	10.583000

53.132951	10.554000

53.135505	10.222000

53.138060	10.544000

53.140614	11.057000

53.143169	10.608000

53.145723	9.435000

53.148278	9.419000

53.150832	8.850000

53.153387	8.982000

53.155941	9.419000

53.158496	9.687000

53.161050	7.264000

53.163605	2.709000

53.166159	0.000000

53.168714	4.004000

53.171268	6.137000

53.173822	5.399000

53.176377	8.728000

53.178931	7.540000

53.181486	8.743000

53.184040	9.657000

53.186595	8.755000

53.189149	7.607000

53.191704	8.992000

53.194258	8.674000

53.196813	9.122000

53.199367	9.106000

53.201922	8.702000

53.204476	7.884000

53.207031	6.420000

53.209585	5.098000

53.212140	2.127000

53.214694	4.460000

53.217248	7.348000

53.219803	9.062000

53.222357	9.289000

53.224912	9.929000

53.227466	9.730000

53.230021	8.930000

53.232575	7.557000

53.235130	7.887000

53.237684	7.650000

53.240239	5.410000

53.242793	6.559000

53.245348	4.469000

53.247902	6.092000

53.250457	6.571000

53.253011	9.729000

53.255565	10.517000

53.258120	10.048000

53.260674	10.264000

53.263229	10.240000

53.265783	10.949000

53.268338	10.803000

53.270892	10.820000

53.273447	10.593000

53.276001	10.060000

53.278556	9.839000

53.281110	10.484000

53.283665	8.865000

53.286219	9.833000

53.288774	9.273000

53.291328	10.261000

53.293883	10.565000

53.296437	10.001000

53.298991	9.071000

53.301546	9.644000

53.304100	8.108000

53.306655	9.052000

53.309209	8.490000

53.311764	8.301000

53.314318	8.571000

53.316873	7.327000

53.319427	8.161000

53.321982	8.844000

53.324536	7.763000

53.327091	9.041000

53.329645	7.408000

53.332200	8.755000

53.334754	7.521000

53.337308	0.000000

53.339863	6.875000

53.342417	7.578000

53.344972	3.714000

53.347526	6.981000

53.350081	5.445000

53.352635	4.340000

53.355190	0.079000

53.357744	6.275000

53.360299	5.906000

53.362853	7.574000

53.365408	9.049000

53.367962	9.208000

53.370517	9.173000

53.373071	9.737000

53.375626	9.622000

53.378180	9.386000

53.380734	8.942000

53.383289	10.268000

53.385843	11.145000

53.388398	10.761000

53.390952	10.605000

53.393507	10.139000

53.396061	9.261000

53.398616	9.590000

53.401170	8.636000

53.403725	8.047000

53.406279	6.620000

53.408834	3.116000

53.411388	6.211000

53.413943	1.877000

53.416497	4.798000

53.419051	7.391000

53.421606	7.421000

53.424160	8.889000

53.426715	10.361000

53.429269	10.827000

53.431824	10.923000

53.434378	10.444000

53.436933	10.532000

53.439487	10.223000

53.442042	10.278000

53.444596	10.041000

53.447151	9.388000

53.449705	9.068000

53.452260	9.073000

53.454814	8.643000

53.457369	9.145000

53.459923	9.271000

53.462477	5.119000

53.465032	8.064000

53.467586	9.796000

53.470141	10.291000

53.472695	10.708000

53.475250	10.994000

53.477804	10.972000

53.480359	11.091000

53.482913	11.056000

53.485468	11.129000

53.488022	10.982000

53.490577	10.380000

53.493131	10.499000

53.495686	10.531000

53.498240	9.568000

53.500794	8.678000

53.503349	7.779000

53.505903	7.603000

53.508458	2.960000

53.511012	4.964000

53.513567	4.629000

53.516121	7.870000

53.518676	8.432000

53.521230	9.591000

53.523785	8.637000

53.526339	9.777000

53.528894	10.289000

53.531448	10.292000

53.534003	9.789000

53.536557	9.719000

53.539112	9.447000

53.541666	9.257000

53.544220	8.387000

53.546775	8.294000

53.549329	8.609000

53.551884	8.329000

53.554438	5.454000

53.556993	6.343000

53.559547	5.796000

53.562102	5.884000

53.564656	5.719000

53.567211	2.357000

53.569765	8.760000

53.572320	8.256000

53.574874	8.710000

53.577429	8.804000

53.579983	7.358000

53.582537	5.194000

53.585092	6.507000

53.587646	4.918000

53.590201	6.780000

53.592755	6.333000

53.595310	8.119000

53.597864	9.854000

53.600419	8.565000

53.602973	9.116000

53.605528	9.360000

53.608082	9.231000

53.610637	9.117000

53.613191	8.426000

53.615746	8.169000

53.618300	8.134000

53.620855	10.207000

53.623409	10.381000

53.625963	10.403000

53.628518	9.934000

53.631072	8.996000

53.633627	9.431000

53.636181	8.208000

53.638736	7.963000

53.641290	8.786000

53.643845	8.888000

53.646399	7.885000

53.648954	8.333000

53.651508	9.001000

53.654063	6.259000

53.656617	8.429000

53.659172	8.200000

53.661726	8.571000

53.664280	2.840000

53.666835	0.000000

53.669389	0.000000

53.671944	4.941000

53.674498	5.335000

53.677053	2.006000

53.679607	2.527000

53.682162	6.832000

53.684716	5.340000

53.687271	7.317000

53.689825	8.496000

53.692380	7.838000

53.694934	7.270000

53.697489	8.376000

53.700043	7.219000

53.702598	8.721000

53.705152	9.455000

53.707706	9.793000

53.710261	9.190000

53.712815	8.407000

53.715370	9.055000

53.717924	9.095000

53.720479	9.869000

53.723033	10.333000

53.725588	9.319000

53.728142	9.642000

53.730697	8.521000

53.733251	7.441000

53.735806	6.266000

53.738360	7.817000

53.740915	8.222000

53.743469	9.224000

53.746023	9.124000

53.748578	9.275000

53.751132	8.206000

53.753687	6.786000

53.756241	7.755000

53.758796	7.161000

53.761350	1.152000

53.763905	8.142000

53.766459	8.160000

53.769014	8.604000

53.771568	9.395000

53.774123	10.177000

53.776677	9.485000

53.779232	9.122000

53.781786	9.497000

53.784341	9.252000

53.786895	8.179000

53.789449	10.168000

53.792004	10.934000

53.794558	10.825000

53.797113	10.372000

53.799667	9.901000

53.802222	9.456000

53.804776	6.734000

53.807331	4.667000

53.809885	7.311000

53.812440	4.131000

53.814994	6.794000

53.817549	5.098000

53.820103	8.345000

53.822658	8.265000

53.825212	5.011000

53.827766	4.833000

53.830321	4.487000

53.832875	5.231000

53.835430	6.856000

53.837984	6.297000

53.840539	7.273000

53.843093	8.393000

53.845648	7.693000

53.848202	4.392000

53.850757	5.515000

53.853311	8.862000

53.855866	9.047000

53.858420	10.285000

53.860975	10.967000

53.863529	11.279000

53.866084	11.525000

53.868638	11.572000

53.871192	11.529000

53.873747	10.639000

53.876301	11.003000

53.878856	11.345000

53.881410	10.795000

53.883965	10.082000

53.886519	10.133000

53.889074	10.146000

53.891628	9.819000

53.894183	9.177000

53.896737	8.380000

53.899292	8.962000

53.901846	7.740000

53.904401	5.517000

53.906955	6.801000

53.909509	3.644000

53.912064	6.484000

53.914618	6.625000

53.917173	5.266000

53.919727	6.848000

53.922282	1.800000

53.924836	2.928000

53.927391	7.974000

53.929945	3.589000

53.932500	2.633000

53.935054	5.947000

53.937609	5.937000

53.940163	3.935000

53.942718	3.216000

53.945272	4.143000

53.947827	7.615000

53.950381	7.406000

53.952935	5.672000

53.955490	6.525000

53.958044	9.173000

53.960599	8.664000

53.963153	7.300000

53.965708	8.703000

53.968262	9.636000

53.970817	9.174000

53.973371	8.868000

53.975926	9.050000

53.978480	9.287000

53.981035	9.557000

53.983589	9.700000

53.986144	9.892000

53.988698	10.284000

53.991252	10.556000

53.993807	10.953000

53.996361	10.637000

53.998916	10.882000

54.001470	10.342000

54.004025	10.293000

54.006579	10.883000

54.009134	11.112000

54.011688	10.856000

54.014243	10.697000

54.016797	10.910000

54.019352	10.823000

54.021906	10.595000

54.024461	10.460000

54.027015	10.892000

54.029570	10.006000

54.032124	10.319000

54.034678	9.889000

54.037233	9.524000

54.039787	9.515000

54.042342	7.575000

54.044896	7.319000

54.047451	6.271000

54.050005	5.261000

54.052560	3.766000

54.055114	3.400000

54.057669	3.830000

54.060223	4.285000

54.062778	5.145000

54.065332	4.322000

54.067887	6.188000

54.070441	1.755000

54.072995	8.032000

54.075550	7.868000

54.078104	8.502000

54.080659	7.100000

54.083213	6.087000

54.085768	7.478000

54.088322	7.664000

54.090877	8.938000

54.093431	9.248000

54.095986	9.879000

54.098540	9.997000

54.101095	10.275000

54.103649	10.639000

54.106204	10.591000

54.108758	11.262000

54.111313	11.534000

54.113867	11.104000

54.116421	10.776000

54.118976	10.820000

54.121530	10.318000

54.124085	9.674000

54.126639	9.099000

54.129194	9.514000

54.131748	9.918000

54.134303	10.329000

54.136857	10.267000

54.139412	9.624000

54.141966	8.665000

54.144521	6.539000

54.147075	8.609000

54.149630	8.192000

54.152184	8.962000

54.154738	9.239000

54.157293	9.010000

54.159847	9.445000

54.162402	9.069000

54.164956	8.961000

54.167511	5.832000

54.170065	3.757000

54.172620	4.915000

54.175174	0.000000

54.177729	6.682000

54.180283	0.000000

54.182838	6.637000

54.185392	4.588000

54.187947	6.942000

54.190501	9.134000

54.193056	9.785000

54.195610	10.134000

54.198164	10.333000

54.200719	9.909000

54.203273	9.856000

54.205828	7.084000

54.208382	7.709000

54.210937	8.125000

54.213491	9.019000

54.216046	9.992000

54.218600	9.971000

54.221155	10.250000

54.223709	8.608000

54.226264	10.106000

54.228818	9.680000

54.231373	9.358000

54.233927	10.079000

54.236481	10.033000

54.239036	9.349000

54.241590	9.816000

54.244145	10.128000

54.246699	10.370000

54.249254	11.174000

54.251808	11.199000

54.254363	10.938000

54.256917	11.393000

54.259472	10.718000

54.262026	10.009000

54.264581	9.065000

54.267135	10.171000

54.269690	8.587000

54.272244	9.777000

54.274799	10.481000

54.277353	9.771000

54.279907	9.318000

54.282462	8.882000

54.285016	7.633000

54.287571	8.104000

54.290125	7.448000

54.292680	2.865000

54.295234	6.002000

54.297789	5.384000

54.300343	9.480000

54.302898	9.961000

54.305452	9.520000

54.308007	9.580000

54.310561	10.464000

54.313116	9.881000

54.315670	10.387000

54.318224	11.254000

54.320779	11.067000

54.323333	11.071000

54.325888	10.837000

54.328442	10.403000

54.330997	9.978000

54.333551	10.121000

54.336106	9.036000

54.338660	9.205000

54.341215	8.219000

54.343769	8.390000

54.346324	6.851000

54.348878	3.758000

54.351433	7.123000

54.353987	5.498000

54.356542	7.300000

54.359096	7.542000

54.361650	8.519000

54.364205	8.429000

54.366759	7.291000

54.369314	7.793000

54.371868	2.509000

54.374423	6.349000

54.376977	0.734000

54.379532	5.507000

54.382086	2.914000

54.384641	3.755000

54.387195	7.977000

54.389750	9.128000

54.392304	8.703000

54.394859	7.996000

54.397413	9.852000

54.399967	9.163000

54.402522	8.717000

54.405076	8.937000

54.407631	9.352000

54.410185	9.757000

54.412740	9.310000

54.415294	9.942000

54.417849	9.911000

54.420403	10.512000

54.422958	10.709000

54.425512	10.680000

54.428067	10.932000

54.430621	10.532000

54.433176	9.834000

54.435730	8.565000

54.438285	8.923000

54.440839	9.335000

54.443393	9.688000

54.445948	9.852000

54.448502	10.353000

54.451057	9.625000

54.453611	9.007000

54.456166	8.241000

54.458720	7.226000

54.461275	1.259000

54.463829	8.836000

54.466384	9.864000

54.468938	10.818000

54.471493	11.036000

54.474047	10.708000

54.476602	11.012000

54.479156	10.895000

54.481710	10.150000

54.484265	9.922000

54.486819	9.980000

54.489374	9.903000

54.491928	10.377000

54.494483	10.618000

54.497037	10.421000

54.499592	10.009000

54.502146	9.962000

54.504701	10.122000

54.507255	9.568000

54.509810	7.283000

54.512364	5.349000

54.514919	7.508000

54.517473	6.756000

54.520028	8.530000

54.522582	9.316000

54.525136	7.661000

54.527691	0.944000

54.530245	5.934000

54.532800	6.829000

54.535354	5.851000

54.537909	7.946000

54.540463	9.062000

54.543018	9.532000

54.545572	8.698000

54.548127	9.103000

54.550681	9.107000

54.553236	6.301000

54.555790	7.664000

54.558345	1.181000

54.560899	8.032000

54.563454	8.024000

54.566008	6.588000

54.568562	3.542000

54.571117	3.075000

54.573671	7.134000

54.576226	5.783000

54.578780	6.360000

54.581335	8.874000

54.583889	8.165000

54.586444	4.063000

54.588998	5.593000

54.591553	8.645000

54.594107	9.672000

54.596662	10.016000

54.599216	9.613000

54.601771	10.254000

54.604325	10.791000

54.606879	10.781000

54.609434	10.587000

54.611988	10.466000

54.614543	11.000000

54.617097	11.072000

54.619652	11.003000

54.622206	10.773000

54.624761	10.184000

54.627315	10.655000

54.629870	11.461000

54.632424	11.396000

54.634979	11.267000

54.637533	11.042000

54.640088	10.735000

54.642642	10.537000

54.645197	10.662000

54.647751	10.968000

54.650305	10.874000

54.652860	10.703000

54.655414	10.305000

54.657969	8.766000

54.660523	8.050000

54.663078	5.581000

54.665632	9.157000

54.668187	10.296000

54.670741	9.771000

54.673296	7.939000

54.675850	9.025000

54.678405	7.362000

54.680959	2.713000

54.683514	6.834000

54.686068	7.617000

54.688622	5.903000

54.691177	2.260000

54.693731	8.064000

54.696286	6.402000

54.698840	4.674000

54.701395	5.997000

54.703949	7.754000

54.706504	7.494000

54.709058	5.446000

54.711613	5.788000

54.714167	7.549000

54.716722	7.806000

54.719276	5.442000

54.721831	6.977000

54.724385	3.984000

54.726940	1.271000

54.729494	6.449000

54.732048	2.201000

54.734603	2.990000

54.737157	8.903000

54.739712	4.229000

54.742266	5.994000

54.744821	5.524000

54.747375	5.524000

54.749930	7.708000

54.752484	6.087000

54.755039	3.682000

54.757593	4.922000

54.760148	7.707000

54.762702	7.257000

54.765257	9.335000

54.767811	9.446000

54.770365	7.418000

54.772920	9.125000

54.775474	7.987000

54.778029	7.006000

54.780583	8.101000

54.783138	8.597000

54.785692	8.851000

54.788247	8.486000

54.790801	6.172000

54.793356	6.966000

54.795910	6.802000

54.798465	2.111000

54.801019	7.185000

54.803574	3.936000

54.806128	5.432000

54.808683	0.000000

54.811237	5.046000

54.813791	4.046000

54.816346	4.754000

54.818900	0.000000

54.821455	7.229000

54.824009	8.215000

54.826564	7.844000

54.829118	9.136000

54.831673	9.761000

54.834227	9.933000

54.836782	9.782000

54.839336	9.321000

54.841891	9.545000

54.844445	10.104000

54.847000	9.421000

54.849554	9.337000

54.852108	8.741000

54.854663	9.779000

54.857217	9.063000

54.859772	10.818000

54.862326	10.452000

54.864881	10.482000

54.867435	9.397000

54.869990	9.308000

54.872544	8.447000

54.875099	8.895000

54.877653	8.810000

54.880208	8.864000

54.882762	9.433000

54.885317	10.154000

54.887871	10.351000

54.890426	10.529000

54.892980	11.013000

54.895534	11.250000

54.898089	10.387000

54.900643	10.732000

54.903198	8.279000

54.905752	8.980000

54.908307	9.440000

54.910861	9.273000

54.913416	8.103000

54.915970	8.584000

54.918525	8.610000

54.921079	8.126000

54.923634	6.847000

54.926188	7.050000

54.928743	0.941000

54.931297	8.603000

54.933851	8.526000

54.936406	7.609000

54.938960	0.728000

54.941515	6.846000

54.944069	5.865000

54.946624	1.478000

54.949178	7.888000

54.951733	8.603000

54.954287	7.530000

54.956842	4.875000

54.959396	8.123000

54.961951	9.928000

54.964505	9.707000

54.967060	9.174000

54.969614	9.898000

54.972169	10.297000

54.974723	9.524000

54.977277	9.176000

54.979832	9.718000

54.982386	10.250000

54.984941	10.552000

54.987495	8.869000

54.990050	8.691000

54.992604	7.801000

54.995159	6.296000

54.997713	7.669000

55.000268	7.481000

55.002822	5.941000

55.005377	6.805000

55.007931	6.115000

55.010486	3.422000

55.013040	4.837000

55.015594	6.708000

55.018149	2.943000

55.020703	7.949000

55.023258	4.476000

55.025812	1.514000

55.028367	4.293000

55.030921	9.891000

55.033476	8.949000

55.036030	9.417000

55.038585	9.718000

55.041139	9.794000

55.043694	9.896000

55.046248	10.513000

55.048803	10.391000

55.051357	10.337000

55.053912	10.730000

55.056466	10.603000

55.059020	10.902000

55.061575	10.723000

55.064129	11.481000

55.066684	11.234000

55.069238	11.246000

55.071793	11.313000

55.074347	10.611000

55.076902	10.760000

55.079456	10.546000

55.082011	10.521000

55.084565	10.092000

55.087120	10.626000

55.089674	10.684000

55.092229	10.978000

55.094783	11.372000

55.097337	10.739000

55.099892	10.200000

55.102446	8.838000

55.105001	9.034000

55.107555	9.258000

55.110110	8.015000

55.112664	8.598000

55.115219	3.844000

55.117773	6.801000

55.120328	5.817000

55.122882	6.311000

55.125437	7.786000

55.127991	4.127000

55.130546	7.837000

55.133100	8.283000

55.135655	0.000000

55.138209	6.264000

55.140763	7.901000

55.143318	6.320000

55.145872	6.867000

55.148427	1.494000

55.150981	5.254000

55.153536	2.711000

55.156090	2.956000

55.158645	7.992000

55.161199	0.712000

55.163754	7.703000

55.166308	7.135000

55.168863	7.795000

55.171417	6.736000

55.173972	7.369000

55.176526	6.352000

55.179080	8.099000

55.181635	9.191000

55.184189	8.304000

55.186744	8.151000

55.189298	8.773000

55.191853	9.065000

55.194407	8.371000

55.196962	7.666000

55.199516	8.064000

55.202071	8.034000

55.204625	6.064000

55.207180	6.469000

55.209734	8.619000

55.212289	8.034000

55.214843	8.106000

55.217398	7.968000

55.219952	6.039000

55.222506	2.725000

55.225061	7.841000

55.227615	8.351000

55.230170	8.022000

55.232724	7.989000

55.235279	9.489000

55.237833	9.542000

55.240388	9.992000

55.242942	10.432000

55.245497	10.518000

55.248051	9.968000

55.250606	9.698000

55.253160	10.668000

55.255715	10.992000

55.258269	11.597000

55.260823	11.436000

55.263378	11.112000

55.265932	11.456000

55.268487	11.394000

55.271041	11.489000

55.273596	11.344000

55.276150	11.577000

55.278705	11.122000

55.281259	10.459000

55.283814	10.490000

55.286368	9.451000

55.288923	9.076000

55.291477	9.232000

55.294032	9.926000

55.296586	9.527000

55.299141	8.753000

55.301695	6.877000

55.304249	6.615000

55.306804	6.700000

55.309358	8.942000

55.311913	10.193000

55.314467	10.797000

55.317022	10.313000

55.319576	10.563000

55.322131	10.238000

55.324685	10.118000

55.327240	10.747000

55.329794	11.118000

55.332349	11.112000

55.334903	10.878000

55.337458	10.572000

55.340012	10.706000

55.342566	11.477000

55.345121	11.620000

55.347675	11.790000

55.350230	11.926000

55.352784	11.611000

55.355339	11.382000

55.357893	10.747000

55.360448	10.866000

55.363002	10.798000

55.365557	10.567000

55.368111	10.261000

55.370666	9.494000

55.373220	8.859000

55.375775	9.509000

55.378329	8.143000

55.380884	8.669000

55.383438	8.292000

55.385992	4.362000

55.388547	7.645000

55.391101	8.288000

55.393656	9.798000

55.396210	8.858000

55.398765	9.046000

55.401319	6.633000

55.403874	7.858000

55.406428	6.707000

55.408983	4.001000

55.411537	3.008000

55.414092	1.561000

55.416646	6.352000

55.419201	7.004000

55.421755	4.629000

55.424309	5.820000

55.426864	8.239000

55.429418	8.585000

55.431973	8.886000

55.434527	5.795000

55.437082	7.953000

55.439636	1.264000

55.442191	0.455000

55.444745	7.899000

55.447300	4.834000

55.449854	7.567000

55.452409	4.056000

55.454963	0.000000

55.457518	5.755000

55.460072	7.217000

55.462627	9.030000

55.465181	10.490000

55.467735	10.674000

55.470290	10.938000

55.472844	11.254000

55.475399	11.410000

55.477953	10.816000

55.480508	10.537000

55.483062	8.736000

55.485617	9.813000

55.488171	8.591000

55.490726	3.639000

55.493280	7.050000

55.495835	3.957000

55.498389	7.468000

55.500944	8.716000

55.503498	9.740000

55.506052	10.948000

55.508607	11.795000

55.511161	11.998000

55.513716	11.985000

55.516270	11.882000

55.518825	11.961000

55.521379	11.564000

55.523934	11.160000

55.526488	10.684000

55.529043	11.191000

55.531597	10.465000

55.534152	8.861000

55.536706	6.440000

55.539261	4.803000

55.541815	0.000000

55.544370	7.918000

55.546924	8.833000

55.549478	10.209000

55.552033	10.519000

55.554587	10.856000

55.557142	11.129000

55.559696	10.904000

55.562251	11.203000

55.564805	10.888000

55.567360	10.400000

55.569914	10.441000

55.572469	10.363000

55.575023	9.656000

55.577578	9.870000

55.580132	10.076000

55.582687	9.346000

55.585241	10.364000

55.587795	10.525000

55.590350	10.589000

55.592904	10.413000

55.595459	10.439000

55.598013	9.609000

55.600568	8.833000

55.603122	7.826000

55.605677	7.057000

55.608231	5.050000

55.610786	6.436000

55.613340	6.367000

55.615895	4.198000

55.618449	6.833000

55.621004	9.073000

55.623558	8.828000

55.626113	4.577000

55.628667	8.205000

55.631221	3.826000

55.633776	4.206000

55.636330	4.072000

55.638885	4.215000

55.641439	5.781000

55.643994	8.720000

55.646548	8.802000

55.649103	8.960000

55.651657	9.741000

55.654212	9.551000

55.656766	9.257000

55.659321	9.446000

55.661875	10.067000

55.664430	10.771000

55.666984	10.020000

55.669538	9.198000

55.672093	6.291000

55.674647	8.394000

55.677202	7.034000

55.679756	6.707000

55.682311	6.168000

55.684865	7.753000

55.687420	9.284000

55.689974	9.416000

55.692529	9.632000

55.695083	10.201000

55.697638	10.037000

55.700192	8.280000

55.702747	6.572000

55.705301	6.331000

55.707856	7.550000

55.710410	4.648000

55.712964	5.184000

55.715519	5.280000

55.718073	9.046000

55.720628	9.058000

55.723182	8.544000

55.725737	7.915000

55.728291	10.093000

55.730846	10.668000

55.733400	10.680000

55.735955	11.201000

55.738509	11.023000

55.741064	10.454000

55.743618	9.645000

55.746173	10.121000

55.748727	10.614000

55.751281	10.655000

55.753836	10.179000

55.756390	9.722000

55.758945	9.161000

55.761499	9.920000

55.764054	8.722000

55.766608	7.493000

55.769163	7.530000

55.771717	8.737000

55.774272	9.854000

55.776826	9.958000

55.779381	10.438000

55.781935	10.606000

55.784490	10.104000

55.787044	10.314000

55.789599	10.307000

55.792153	11.084000

55.794707	11.437000

55.797262	11.533000

55.799816	11.192000

55.802371	11.120000

55.804925	11.173000

55.807480	10.276000

55.810034	9.826000

55.812589	9.422000

55.815143	9.802000

55.817698	10.008000

55.820252	9.388000

55.822807	9.944000

55.825361	8.439000

55.827916	8.075000

55.830470	7.231000

55.833024	8.434000

55.835579	7.042000

55.838133	8.048000

55.840688	8.560000

55.843242	9.671000

55.845797	8.433000

55.848351	9.094000

55.850906	9.198000

55.853460	8.768000

55.856015	9.959000

55.858569	9.466000

55.861124	9.235000

55.863678	10.008000

55.866233	9.663000

55.868787	10.735000

55.871342	10.628000

55.873896	10.427000

55.876450	10.928000

55.879005	11.193000

55.881559	10.960000

55.884114	10.997000

55.886668	10.889000

55.889223	10.894000

55.891777	10.203000

55.894332	10.528000

55.896886	11.074000

55.899441	10.601000

55.901995	10.320000

55.904550	10.189000

55.907104	10.548000

55.909659	10.398000

55.912213	9.472000

55.914767	10.205000

55.917322	9.972000

55.919876	9.851000

55.922431	9.286000

55.924985	8.759000

55.927540	6.724000

55.930094	3.102000

55.932649	3.288000

55.935203	8.058000

55.937758	5.823000

55.940312	6.215000

55.942867	4.567000

55.945421	8.056000

55.947976	7.002000

55.950530	8.978000

55.953085	9.572000

55.955639	9.665000

55.958193	10.889000

55.960748	10.716000

55.963302	11.238000

55.965857	11.205000

55.968411	11.213000

55.970966	10.692000

55.973520	10.581000

55.976075	10.663000

55.978629	10.911000

55.981184	9.823000

55.983738	9.318000

55.986293	9.659000

55.988847	9.920000

55.991402	9.976000

55.993956	8.099000

55.996510	4.935000

55.999065	0.000000

56.001619	8.425000

56.004174	9.260000

56.006728	9.225000

56.009283	9.323000

56.011837	7.984000

56.014392	0.000000

56.016946	7.394000

56.019501	5.771000

56.022055	8.179000

56.024610	9.726000

56.027164	9.800000

56.029719	9.810000

56.032273	10.202000

56.034828	10.675000

56.037382	10.761000

56.039936	10.638000

56.042491	10.502000

56.045045	10.304000

56.047600	10.142000

56.050154	9.681000

56.052709	9.783000

56.055263	8.787000

56.057818	4.704000

56.060372	7.401000

56.062927	4.689000

56.065481	8.251000

56.068036	8.288000

56.070590	8.909000

56.073145	9.362000

56.075699	10.247000

56.078253	10.610000

56.080808	10.314000

56.083362	10.454000

56.085917	10.812000

56.088471	10.468000

56.091026	10.111000

56.093580	9.429000

56.096135	9.699000

56.098689	10.280000

56.101244	9.939000

56.103798	9.916000

56.106353	9.962000

56.108907	10.248000

56.111462	10.155000

56.114016	9.423000

56.116571	7.495000

56.119125	0.000000

56.121679	6.719000

56.124234	7.882000

56.126788	5.603000

56.129343	8.650000

56.131897	7.453000

56.134452	6.460000

56.137006	3.849000

56.139561	4.105000

56.142115	6.161000

56.144670	5.403000

56.147224	5.869000

56.149779	2.927000

56.152333	6.026000

56.154888	7.716000

56.157442	5.725000

56.159996	6.715000

56.162551	8.472000

56.165105	8.824000

56.167660	7.724000

56.170214	9.173000

56.172769	11.077000

56.175323	10.371000

56.177878	10.604000

56.180432	10.535000

56.182987	10.929000

56.185541	10.596000

56.188096	10.219000

56.190650	9.309000

56.193205	9.618000

56.195759	8.396000

56.198314	8.289000

56.200868	5.164000

56.203422	5.860000

56.205977	5.810000

56.208531	0.000000

56.211086	6.552000

56.213640	6.448000

56.216195	8.963000

56.218749	8.354000

56.221304	9.049000

56.223858	7.833000

56.226413	9.027000

56.228967	7.342000

56.231522	7.326000

56.234076	0.000000

56.236631	7.639000

56.239185	7.024000

56.241740	5.070000

56.244294	4.425000

56.246848	6.310000

56.249403	7.097000

56.251957	7.876000

56.254512	8.790000

56.257066	9.851000

56.259621	10.224000

56.262175	10.491000

56.264730	11.021000

56.267284	11.191000

56.269839	11.395000

56.272393	11.213000

56.274948	10.922000

56.277502	10.857000

56.280057	11.032000

56.282611	10.793000

56.285165	10.656000

56.287720	9.983000

56.290274	9.965000

56.292829	8.866000

56.295383	7.026000

56.297938	6.428000

56.300492	5.597000

56.303047	8.955000

56.305601	9.652000

56.308156	10.676000

56.310710	10.469000

56.313265	10.801000

56.315819	10.737000

56.318374	10.021000

56.320928	10.150000

56.323483	11.035000

56.326037	10.461000

56.328591	10.641000

56.331146	10.151000

56.333700	10.217000

56.336255	9.925000

56.338809	9.125000

56.341364	8.118000

56.343918	6.894000

56.346473	5.849000

56.349027	7.156000

56.351582	4.733000

56.354136	0.000000

56.356691	5.204000

56.359245	5.090000

56.361800	8.106000

56.364354	6.210000

56.366908	4.251000

56.369463	6.084000

56.372017	8.314000

56.374572	8.823000

56.377126	9.540000

56.379681	8.490000

56.382235	9.104000

56.384790	9.613000

56.387344	10.411000

56.389899	10.597000

56.392453	10.679000

56.395008	11.356000

56.397562	11.561000

56.400117	11.484000

56.402671	11.498000

56.405226	11.624000

56.407780	11.762000

56.410334	11.908000

56.412889	12.060000

56.415443	11.895000

56.417998	11.703000

56.420552	11.060000

56.423107	11.028000

56.425661	10.771000

56.428216	10.371000

56.430770	10.202000

56.433325	10.279000

56.435879	10.155000

56.438434	9.591000

56.440988	7.573000

56.443543	7.434000

56.446097	7.149000

56.448651	9.364000

56.451206	9.420000

56.453760	9.776000

56.456315	9.543000

56.458869	10.116000

56.461424	9.958000

56.463978	8.725000

56.466533	7.511000

56.469087	8.460000

56.471642	7.567000

56.474196	8.295000

56.476751	9.514000

56.479305	9.838000

56.481860	10.631000

56.484414	10.448000

56.486969	9.156000

56.489523	10.219000

56.492077	8.814000

56.494632	7.973000

56.497186	4.960000

56.499741	4.182000

56.502295	7.367000

56.504850	7.069000

56.507404	6.029000

56.509959	8.518000

56.512513	5.776000

56.515068	4.834000

56.517622	7.884000

56.520177	10.274000

56.522731	10.237000

56.525286	10.091000

56.527840	9.939000

56.530394	10.669000

56.532949	10.777000

56.535503	10.755000

56.538058	11.075000

56.540612	11.115000

56.543167	10.887000

56.545721	11.121000

56.548276	11.379000

56.550830	10.599000

56.553385	10.771000

56.555939	10.754000

56.558494	10.670000

56.561048	10.702000

56.563603	9.398000

56.566157	10.144000

56.568712	10.478000

56.571266	10.643000

56.573820	9.857000

56.576375	10.049000

56.578929	9.877000

56.581484	10.058000

56.584038	9.726000

56.586593	8.159000

56.589147	9.192000

56.591702	9.381000

56.594256	10.289000

56.596811	9.994000

56.599365	9.849000

56.601920	10.131000

56.604474	9.400000

56.607029	9.397000

56.609583	9.595000

56.612137	9.339000

56.614692	9.067000

56.617246	10.051000

56.619801	9.748000

56.622355	8.364000

56.624910	1.419000

56.627464	8.017000

56.630019	6.542000

56.632573	6.707000

56.635128	7.633000

56.637682	8.805000

56.640237	9.435000

56.642791	8.965000

56.645346	6.392000

56.647900	6.150000

56.650455	4.325000

56.653009	6.953000

56.655563	5.336000

56.658118	5.644000

56.660672	8.972000

56.663227	8.427000

56.665781	6.180000

56.668336	5.322000

56.670890	8.329000

56.673445	3.588000

56.675999	7.760000

56.678554	9.842000

56.681108	10.628000

56.683663	10.571000

56.686217	10.794000

56.688772	9.582000

56.691326	9.260000

56.693880	7.147000

56.696435	6.972000

56.698989	6.132000

56.701544	0.000000

56.704098	3.676000

56.706653	6.370000

56.709207	4.500000

56.711762	5.627000

56.714316	8.116000

56.716871	3.470000

56.719425	1.788000

56.721980	8.665000

56.724534	9.841000

56.727089	8.608000

56.729643	8.413000

56.732198	6.755000

56.734752	3.197000

56.737306	9.501000

56.739861	9.179000

56.742415	9.573000

56.744970	9.327000

56.747524	9.810000

56.750079	10.204000

56.752633	9.780000

56.755188	10.247000

56.757742	8.986000

56.760297	9.321000

56.762851	9.014000

56.765406	9.593000

56.767960	10.592000

56.770515	10.044000

56.773069	10.205000

56.775623	10.232000

56.778178	9.770000

56.780732	8.487000

56.783287	9.435000

56.785841	6.898000

56.788396	8.370000

56.790950	7.739000

56.793505	7.821000

56.796059	8.997000

56.798614	7.735000

56.801168	9.384000

56.803723	9.545000

56.806277	9.634000

56.808832	10.390000

56.811386	10.095000

56.813941	10.197000

56.816495	9.745000

56.819049	9.883000

56.821604	10.966000

56.824158	10.757000

56.826713	10.439000

56.829267	10.858000

56.831822	10.835000

56.834376	11.017000

56.836931	11.157000

56.839485	10.711000

56.842040	10.762000

56.844594	10.695000

56.847149	10.626000

56.849703	10.921000

56.852258	10.831000

56.854812	10.723000

56.857366	10.568000

56.859921	10.880000

56.862475	10.038000

56.865030	9.334000

56.867584	9.538000

56.870139	9.774000

56.872693	10.005000

56.875248	9.566000

56.877802	9.738000

56.880357	9.531000

56.882911	9.629000

56.885466	10.089000

56.888020	10.882000

56.890575	11.145000

56.893129	11.701000

56.895684	11.778000

56.898238	11.560000

56.900792	11.522000

56.903347	11.295000

56.905901	11.773000

56.908456	11.500000

56.911010	11.684000

56.913565	12.021000

56.916119	11.978000

56.918674	12.103000

56.921228	11.870000

56.923783	11.532000

56.926337	11.462000

56.928892	11.031000

56.931446	10.254000

56.934001	10.484000

56.936555	9.838000

56.939109	8.727000

56.941664	8.331000

56.944218	8.762000

56.946773	8.704000

56.949327	8.657000

56.951882	10.288000

56.954436	10.405000

56.956991	9.353000

56.959545	9.410000

56.962100	9.655000

56.964654	9.650000

56.967209	9.918000

56.969763	9.779000

56.972318	10.401000

56.974872	10.847000

56.977427	9.787000

56.979981	7.567000

56.982535	8.333000

56.985090	9.868000

56.987644	9.822000

56.990199	9.191000

56.992753	9.127000

56.995308	8.398000

56.997862	7.584000

57.000417	9.299000

57.002971	8.568000

57.005526	9.688000

57.008080	9.968000

57.010635	10.391000

57.013189	10.589000

57.015744	10.674000

57.018298	10.429000

57.020852	10.679000

57.023407	11.198000

57.025961	10.809000

57.028516	9.994000

57.031070	9.784000

57.033625	10.461000

57.036179	9.608000

57.038734	8.449000

57.041288	8.684000

57.043843	3.489000

57.046397	8.142000

57.048952	6.731000

57.051506	8.597000

57.054061	9.391000

57.056615	9.411000

57.059170	9.737000

57.061724	10.595000

57.064278	11.009000

57.066833	11.328000

57.069387	11.189000

57.071942	10.792000

57.074496	10.453000

57.077051	10.899000

57.079605	10.720000

57.082160	10.426000

57.084714	10.622000

57.087269	10.497000

57.089823	11.302000

57.092378	11.343000

57.094932	11.358000

57.097487	11.114000

57.100041	11.144000

57.102595	11.345000

57.105150	10.954000

57.107704	11.238000

57.110259	10.889000

57.112813	10.931000

57.115368	11.320000

57.117922	11.434000

57.120477	11.351000

57.123031	11.483000

57.125586	11.608000

57.128140	11.616000

57.130695	11.670000

57.133249	11.190000

57.135804	10.724000

57.138358	10.267000

57.140913	9.764000

57.143467	9.089000

57.146021	7.973000

57.148576	8.900000

57.151130	5.975000

57.153685	8.119000

57.156239	6.384000

57.158794	6.438000

57.161348	7.624000

57.163903	8.343000

57.166457	7.672000

57.169012	8.718000

57.171566	8.986000

57.174121	8.166000

57.176675	5.472000

57.179230	7.528000

57.181784	7.214000

57.184338	9.117000

57.186893	9.766000

57.189447	9.661000

57.192002	4.449000

57.194556	4.342000

57.197111	6.086000

57.199665	8.503000

57.202220	9.896000

57.204774	10.585000

57.207329	10.852000

57.209883	10.782000

57.212438	10.957000

57.214992	11.230000

57.217547	11.433000

57.220101	10.768000

57.222656	10.848000

57.225210	9.968000

57.227764	9.825000

57.230319	10.656000

57.232873	10.320000

57.235428	8.425000

57.237982	6.950000

57.240537	8.654000

57.243091	6.535000

57.245646	7.019000

57.248200	6.859000

57.250755	4.707000

57.253309	7.172000

57.255864	2.902000

57.258418	5.187000

57.260973	7.663000

57.263527	8.244000

57.266081	8.934000

57.268636	8.338000

57.271190	6.360000

57.273745	5.158000

57.276299	7.285000

57.278854	8.566000

57.281408	10.631000

57.283963	9.151000

57.286517	8.731000

57.289072	7.674000

57.291626	8.231000

57.294181	1.811000

57.296735	8.622000

57.299290	8.617000

57.301844	9.017000

57.304399	9.681000

57.306953	10.364000

57.309507	10.878000

57.312062	11.142000

57.314616	10.401000

57.317171	10.022000

57.319725	9.502000

57.322280	9.888000

57.324834	8.440000

57.327389	10.536000

57.329943	10.658000

57.332498	11.236000

57.335052	10.903000

57.337607	11.142000

57.340161	11.075000

57.342716	10.972000

57.345270	10.739000

57.347824	9.836000

57.350379	9.785000

57.352933	8.981000

57.355488	9.295000

57.358042	7.619000

57.360597	7.736000

57.363151	8.045000

57.365706	6.614000

57.368260	8.268000

57.370815	9.876000

57.373369	10.069000

57.375924	10.237000

57.378478	9.716000

57.381033	8.148000

57.383587	9.270000

57.386142	7.244000

57.388696	1.205000

57.391250	7.158000

57.393805	8.908000

57.396359	9.927000

57.398914	9.513000

57.401468	10.588000

57.404023	10.647000

57.406577	11.015000

57.409132	11.396000

57.411686	11.479000

57.414241	11.140000

57.416795	11.428000

57.419350	11.071000

57.421904	11.264000

57.424459	11.073000

57.427013	11.501000

57.429567	10.886000

57.432122	10.267000

57.434676	9.174000

57.437231	6.945000

57.439785	2.815000

57.442340	6.380000

57.444894	7.886000

57.447449	8.079000

57.450003	9.271000

57.452558	9.790000

57.455112	10.167000

57.457667	9.334000

57.460221	9.790000

57.462776	8.992000

57.465330	9.112000

57.467885	9.787000

57.470439	9.092000

57.472993	8.686000

57.475548	8.463000

57.478102	6.809000

57.480657	7.929000

57.483211	8.003000

57.485766	8.966000

57.488320	9.744000

57.490875	9.520000

57.493429	9.368000

57.495984	9.805000

57.498538	10.082000

57.501093	9.068000

57.503647	8.312000

57.506202	7.722000

57.508756	7.401000

57.511310	6.450000

57.513865	0.000000

57.516419	7.496000

57.518974	7.119000

57.521528	8.980000

57.524083	8.380000

57.526637	7.746000

57.529192	7.647000

57.531746	8.261000

57.534301	8.221000

57.536855	9.247000

57.539410	9.201000

57.541964	9.079000

57.544519	6.911000

57.547073	8.122000

57.549628	7.361000

57.552182	7.616000

57.554736	6.797000

57.557291	7.906000

57.559845	7.846000

57.562400	8.896000

57.564954	8.119000

57.567509	9.140000

57.570063	10.208000

57.572618	10.215000

57.575172	10.908000

57.577727	11.214000

57.580281	10.774000

57.582836	10.769000

57.585390	10.110000

57.587945	9.845000

57.590499	9.233000

57.593053	9.649000

57.595608	9.994000

57.598162	9.869000

57.600717	10.200000

57.603271	9.770000

57.605826	8.930000

57.608380	10.211000

57.610935	10.229000

57.613489	9.360000

57.616044	9.492000

57.618598	8.992000

57.621153	3.328000

57.623707	0.000000

57.626262	3.259000

57.628816	6.067000

57.631371	2.826000

57.633925	6.980000

57.636479	7.848000

57.639034	8.356000

57.641588	6.485000

57.644143	7.392000

57.646697	8.769000

57.649252	8.299000

57.651806	9.674000

57.654361	8.964000

57.656915	8.524000

57.659470	7.748000

57.662024	7.722000

57.664579	4.943000

57.667133	5.133000

57.669688	7.551000

57.672242	9.425000

57.674796	10.798000

57.677351	10.797000

57.679905	10.803000

57.682460	10.391000

57.685014	10.159000

57.687569	10.031000

57.690123	10.576000

57.692678	9.999000

57.695232	10.438000

57.697787	10.488000

57.700341	10.622000

57.702896	10.640000

57.705450	10.644000

57.708005	10.181000

57.710559	10.269000

57.713114	10.156000

57.715668	9.303000

57.718222	9.430000

57.720777	10.251000

57.723331	10.860000

57.725886	11.583000

57.728440	11.439000

57.730995	11.522000

57.733549	11.026000

57.736104	11.357000

57.738658	11.263000

57.741213	10.740000

57.743767	10.926000

57.746322	10.926000

57.748876	10.290000

57.751431	10.298000

57.753985	10.275000

57.756539	10.067000

57.759094	10.478000

57.761648	10.031000

57.764203	8.829000

57.766757	6.726000

57.769312	4.747000

57.771866	4.124000

57.774421	1.557000

57.776975	8.178000

57.779530	9.271000

57.782084	8.933000

57.784639	9.464000

57.787193	7.994000

57.789748	7.906000

57.792302	8.807000

57.794857	9.822000

57.797411	9.396000

57.799965	9.296000

57.802520	9.865000

57.805074	9.828000

57.807629	10.417000

57.810183	10.283000

57.812738	9.528000

57.815292	9.840000

57.817847	9.392000

57.820401	9.829000

57.822956	9.327000

57.825510	9.743000

57.828065	9.121000

57.830619	9.692000

57.833174	9.410000

57.835728	9.042000

57.838282	8.823000

57.840837	9.738000

57.843391	9.619000

57.845946	9.439000

57.848500	9.179000

57.851055	9.125000

57.853609	8.930000

57.856164	7.833000

57.858718	6.793000

57.861273	7.902000

57.863827	6.902000

57.866382	3.762000

57.868936	3.632000

57.871491	2.227000

57.874045	2.692000

57.876600	7.688000

57.879154	0.000000

57.881708	5.388000

57.884263	8.221000

57.886817	8.875000

57.889372	9.299000

57.891926	9.016000

57.894481	9.687000

57.897035	8.818000

57.899590	6.784000

57.902144	6.924000

57.904699	8.900000

57.907253	9.895000

57.909808	9.298000

57.912362	10.261000

57.914917	10.128000

57.917471	10.687000

57.920026	10.029000

57.922580	10.109000

57.925134	9.352000

57.927689	9.863000

57.930243	9.568000

57.932798	10.709000

57.935352	11.146000

57.937907	10.736000

57.940461	10.444000

57.943016	9.992000

57.945570	9.692000

57.948125	7.042000

57.950679	3.329000

57.953234	7.961000

57.955788	7.484000

57.958343	8.163000

57.960897	5.261000

57.963451	5.287000

57.966006	7.212000

57.968560	9.427000

57.971115	8.472000

57.973669	8.893000

57.976224	5.627000

57.978778	0.734000

57.981333	6.282000

57.983887	9.405000

57.986442	9.858000

57.988996	9.760000

57.991551	10.053000

57.994105	10.188000

57.996660	10.510000

57.999214	10.452000

58.001769	10.480000

58.004323	10.317000

58.006877	11.124000

58.009432	11.261000

58.011986	10.976000

58.014541	10.809000

58.017095	10.222000

58.019650	9.989000

58.022204	9.693000

58.024759	9.643000

58.027313	8.700000

58.029868	9.659000

58.032422	9.180000

58.034977	10.729000

58.037531	11.066000

58.040086	10.374000

58.042640	10.663000

58.045194	10.415000

58.047749	10.201000

58.050303	9.027000

58.052858	8.045000

58.055412	7.318000

58.057967	9.010000

58.060521	9.893000

58.063076	10.114000

58.065630	9.724000

58.068185	8.234000

58.070739	6.112000

58.073294	7.008000

58.075848	4.220000

58.078403	8.095000

58.080957	9.047000

58.083512	8.890000

58.086066	10.444000

58.088620	10.467000

58.091175	10.158000

58.093729	10.257000

58.096284	9.540000

58.098838	9.375000

58.101393	9.591000

58.103947	9.658000

58.106502	9.992000

58.109056	9.445000

58.111611	6.746000

58.114165	1.445000

58.116720	7.354000

58.119274	8.925000

58.121829	8.843000

58.124383	8.896000

58.126937	8.678000

58.129492	9.724000

58.132046	9.671000

58.134601	9.579000

58.137155	9.831000

58.139710	10.111000

58.142264	10.182000

58.144819	9.958000

58.147373	8.977000

58.149928	9.529000

58.152482	8.488000

58.155037	8.384000

58.157591	7.302000

58.160146	8.300000

58.162700	1.294000

58.165255	7.121000

58.167809	7.788000

58.170363	6.475000

58.172918	8.014000

58.175472	7.463000

58.178027	6.816000

58.180581	5.508000

58.183136	5.108000

58.185690	4.546000

58.188245	5.412000

58.190799	7.767000

58.193354	0.984000

58.195908	1.451000

58.198463	5.949000

58.201017	6.933000

58.203572	9.655000

58.206126	9.618000

58.208680	9.285000

58.211235	9.489000

58.213789	10.383000

58.216344	9.994000

58.218898	9.447000

58.221453	10.291000

58.224007	9.696000

58.226562	10.343000

58.229116	11.070000

58.231671	10.967000

58.234225	11.683000

58.236780	11.498000

58.239334	11.314000

58.241889	11.047000

58.244443	10.808000

58.246998	10.681000

58.249552	10.629000

58.252106	10.299000

58.254661	9.707000

58.257215	9.097000

58.259770	8.252000

58.262324	8.487000

58.264879	8.980000

58.267433	9.195000

58.269988	8.136000

58.272542	8.185000

58.275097	8.429000

58.277651	5.941000

58.280206	8.205000

58.282760	9.679000

58.285315	8.284000

58.287869	8.460000

58.290423	8.648000

58.292978	7.870000

58.295532	7.353000

58.298087	7.489000

58.300641	8.040000

58.303196	7.359000

58.305750	5.091000

58.308305	8.015000

58.310859	9.338000

58.313414	10.298000

58.315968	10.413000

58.318523	10.254000

58.321077	10.419000

58.323632	10.562000

58.326186	11.184000

58.328741	11.173000

58.331295	10.652000

58.333849	10.569000

58.336404	10.865000

58.338958	10.724000

58.341513	10.856000

58.344067	10.238000

58.346622	10.526000

58.349176	10.089000

58.351731	8.294000

58.354285	7.761000

58.356840	5.454000

58.359394	7.415000

58.361949	9.247000

58.364503	9.439000

58.367058	9.429000

58.369612	9.510000

58.372166	9.413000

58.374721	9.421000

58.377275	10.348000

58.379830	10.694000

58.382384	9.653000

58.384939	10.148000

58.387493	9.345000

58.390048	9.232000

58.392602	9.771000

58.395157	8.491000

58.397711	8.980000

58.400266	10.477000

58.402820	10.516000

58.405375	9.601000

58.407929	8.840000

58.410484	9.133000

58.413038	10.158000

58.415592	10.746000

58.418147	9.979000

58.420701	9.838000

58.423256	10.187000

58.425810	11.321000

58.428365	11.142000

58.430919	11.027000

58.433474	11.503000

58.436028	11.404000

58.438583	11.889000

58.441137	12.390000

58.443692	12.259000

58.446246	12.253000

58.448801	12.550000

58.451355	12.633000

58.453909	12.350000

58.456464	12.009000

58.459018	11.756000

58.461573	11.626000

58.464127	11.809000

58.466682	11.990000

58.469236	11.310000

58.471791	11.336000

58.474345	11.112000

58.476900	10.751000

58.479454	10.108000

58.482009	10.022000

58.484563	8.621000

58.487118	7.943000

58.489672	6.981000

58.492227	6.701000

58.494781	6.764000

58.497335	7.099000

58.499890	8.347000

58.502444	9.352000

58.504999	10.057000

58.507553	7.964000

58.510108	2.245000

58.512662	8.497000

58.515217	7.790000

58.517771	9.483000

58.520326	9.385000

58.522880	9.195000

58.525435	8.262000

58.527989	7.576000

58.530544	8.061000

58.533098	7.870000

58.535652	8.743000

58.538207	6.374000

58.540761	6.490000

58.543316	8.295000

58.545870	8.686000

58.548425	8.395000

58.550979	6.464000

58.553534	2.735000

58.556088	5.955000

58.558643	7.444000

58.561197	6.731000

58.563752	1.950000

58.566306	6.459000

58.568861	8.276000

58.571415	6.759000

58.573970	5.527000

58.576524	7.324000

58.579078	3.667000

58.581633	6.919000

58.584187	9.688000

58.586742	9.220000

58.589296	8.397000

58.591851	8.672000

58.594405	8.403000

58.596960	7.827000

58.599514	7.406000

58.602069	8.535000

58.604623	0.000000

58.607178	5.683000

58.609732	5.902000

58.612287	8.128000

58.614841	8.855000

58.617395	10.502000

58.619950	10.619000

58.622504	10.243000

58.625059	10.271000

58.627613	10.890000

58.630168	10.155000

58.632722	10.347000

58.635277	10.732000

58.637831	11.008000

58.640386	10.808000

58.642940	10.499000

58.645495	10.978000

58.648049	10.472000

58.650604	10.259000

58.653158	9.527000

58.655713	8.780000

58.658267	6.016000

58.660821	9.017000

58.663376	8.802000

58.665930	8.736000

58.668485	9.668000

58.671039	10.117000

58.673594	9.771000

58.676148	10.484000

58.678703	9.796000

58.681257	9.634000

58.683812	9.235000

58.686366	9.239000

58.688921	10.337000

58.691475	10.088000

58.694030	8.330000

58.696584	7.602000

58.699138	10.025000

58.701693	11.033000

58.704247	10.419000

58.706802	10.333000

58.709356	10.245000

58.711911	10.821000

58.714465	11.009000

58.717020	10.956000

58.719574	11.151000

58.722129	10.160000

58.724683	8.872000

58.727238	6.678000

58.729792	5.697000

58.732347	6.129000

58.734901	4.448000

58.737456	7.434000

58.740010	10.286000

58.742564	11.056000

58.745119	11.369000

58.747673	10.592000

58.750228	10.361000

58.752782	10.905000

58.755337	11.027000

58.757891	10.723000

58.760446	10.489000

58.763000	10.072000

58.765555	9.173000

58.768109	8.739000

58.770664	8.496000

58.773218	7.164000

58.775773	7.435000

58.778327	3.600000

58.780881	8.063000

58.783436	6.626000

58.785990	4.741000

58.788545	0.358000

58.791099	9.083000

58.793654	9.064000

58.796208	8.049000

58.798763	7.517000

58.801317	7.195000

58.803872	5.950000

58.806426	8.921000

58.808981	7.577000

58.811535	6.468000

58.814090	6.364000

58.816644	3.602000

58.819199	0.000000

58.821753	2.214000

58.824307	7.041000

58.826862	6.992000

58.829416	8.138000

58.831971	8.504000

58.834525	9.376000

58.837080	8.213000

58.839634	6.321000

58.842189	2.491000

58.844743	5.348000

58.847298	8.341000

58.849852	6.116000

58.852407	9.127000

58.854961	7.661000

58.857516	7.291000

58.860070	6.347000

58.862624	7.252000

58.865179	7.343000

58.867733	4.626000

58.870288	8.398000

58.872842	8.777000

58.875397	8.519000

58.877951	3.540000

58.880506	8.741000

58.883060	10.116000

58.885615	10.449000

58.888169	10.550000

58.890724	10.978000

58.893278	10.779000

58.895833	11.126000

58.898387	10.920000

58.900942	9.929000

58.903496	10.748000

58.906050	11.030000

58.908605	10.802000

58.911159	10.786000

58.913714	11.301000

58.916268	11.245000

58.918823	10.792000

58.921377	10.349000

58.923932	9.862000

58.926486	10.160000

58.929041	9.652000

58.931595	8.729000

58.934150	8.204000

58.936704	7.921000

58.939259	7.058000

58.941813	5.224000

58.944367	4.820000

58.946922	5.663000

58.949476	1.699000

58.952031	5.355000

58.954585	5.781000

58.957140	8.445000

58.959694	6.951000

58.962249	4.809000

58.964803	7.471000

58.967358	0.000000

58.969912	7.173000

58.972467	2.217000

58.975021	7.805000

58.977576	0.000000

58.980130	7.874000

58.982685	6.292000

58.985239	6.186000

58.987793	7.089000

58.990348	7.860000

58.992902	7.003000

58.995457	6.660000

58.998011	4.018000

59.000566	8.444000

59.003120	8.226000

59.005675	6.028000

59.008229	7.616000

59.010784	8.740000

59.013338	9.611000

59.015893	10.276000

59.018447	10.448000

59.021002	11.173000

59.023556	10.685000

59.026110	11.026000

59.028665	11.109000

59.031219	11.239000

59.033774	11.202000

59.036328	11.496000

59.038883	10.963000

59.041437	10.942000

59.043992	11.039000

59.046546	11.212000

59.049101	11.186000

59.051655	10.601000

59.054210	9.461000

59.056764	9.753000

59.059319	9.921000

59.061873	9.232000

59.064428	9.322000

59.066982	8.896000

59.069536	9.356000

59.072091	9.524000

59.074645	9.313000

59.077200	9.148000

59.079754	8.523000

59.082309	9.227000

59.084863	9.942000

59.087418	10.474000

59.089972	9.705000

59.092527	8.381000

59.095081	8.142000

59.097636	9.888000

59.100190	8.382000

59.102745	7.763000

59.105299	4.029000

59.107853	8.135000

59.110408	8.214000

59.112962	10.071000

59.115517	9.644000

59.118071	8.583000

59.120626	8.945000

59.123180	8.720000

59.125735	8.616000

59.128289	7.689000

59.130844	6.518000

59.133398	5.770000

59.135953	8.072000

59.138507	8.956000

59.141062	8.265000

59.143616	8.808000

59.146171	1.251000

59.148725	4.052000

59.151279	4.217000

59.153834	6.592000

59.156388	7.052000

59.158943	1.163000

59.161497	4.067000

59.164052	7.481000

59.166606	7.323000

59.169161	7.495000

59.171715	9.570000

59.174270	9.845000

59.176824	9.704000

59.179379	9.948000

59.181933	9.365000

59.184488	10.211000

59.187042	10.327000

59.189596	10.386000

59.192151	10.394000

59.194705	10.181000

59.197260	10.937000

59.199814	10.811000

59.202369	10.525000

59.204923	10.936000

59.207478	11.063000

59.210032	11.553000

59.212587	11.314000

59.215141	11.351000

59.217696	11.593000

59.220250	11.468000

59.222805	11.438000

59.225359	11.806000

59.227914	11.584000

59.230468	11.694000

59.233022	10.966000

59.235577	10.325000

59.238131	10.232000

59.240686	8.425000

59.243240	5.684000

59.245795	5.139000

59.248349	4.447000

59.250904	5.272000

59.253458	8.472000

59.256013	8.736000

59.258567	9.386000

59.261122	9.737000

59.263676	9.222000

59.266231	9.566000

59.268785	8.819000

59.271339	7.981000

59.273894	8.991000

59.276448	7.815000

59.279003	5.097000

59.281557	6.365000

59.284112	8.245000

59.286666	8.911000

59.289221	9.727000

59.291775	9.524000

59.294330	8.743000

59.296884	8.809000

59.299439	10.365000

59.301993	9.857000

59.304548	8.468000

59.307102	8.469000

59.309657	8.661000

59.312211	5.301000

59.314765	5.134000

59.317320	6.482000

59.319874	7.784000

59.322429	8.098000

59.324983	8.682000

59.327538	8.852000

59.330092	8.730000

59.332647	9.218000

59.335201	8.806000

59.337756	8.105000

59.340310	7.932000

59.342865	8.699000

59.345419	8.544000

59.347974	6.903000

59.350528	5.133000

59.353082	7.790000

59.355637	6.889000

59.358191	7.640000

59.360746	8.714000

59.363300	9.254000

59.365855	8.533000

59.368409	9.445000

59.370964	8.772000

59.373518	8.411000

59.376073	7.974000

59.378627	7.873000

59.381182	4.998000

59.383736	4.613000

59.386291	5.923000

59.388845	5.890000

59.391400	6.335000

59.393954	8.012000

59.396508	8.744000

59.399063	9.940000

59.401617	9.857000

59.404172	10.015000

59.406726	9.688000

59.409281	10.510000

59.411835	10.603000

59.414390	10.411000

59.416944	10.500000

59.419499	10.770000

59.422053	10.580000

59.424608	10.968000

59.427162	10.977000

59.429717	10.493000

59.432271	10.868000

59.434825	10.636000

59.437380	10.379000

59.439934	9.914000

59.442489	9.470000

59.445043	9.073000

59.447598	8.907000

59.450152	9.800000

59.452707	8.280000

59.455261	6.410000

59.457816	6.203000

59.460370	8.870000

59.462925	8.282000

59.465479	7.687000

59.468034	8.144000

59.470588	7.893000

59.473143	2.597000

59.475697	7.441000

59.478251	8.370000

59.480806	7.725000

59.483360	9.565000

59.485915	9.766000

59.488469	9.977000

59.491024	10.395000

59.493578	10.701000

59.496133	10.367000

59.498687	9.758000

59.501242	10.015000

59.503796	10.938000

59.506351	10.649000

59.508905	10.525000

59.511460	11.127000

59.514014	10.973000

59.516568	10.776000

59.519123	9.877000

59.521677	10.028000

59.524232	10.369000

59.526786	9.741000

59.529341	8.306000

59.531895	1.999000

59.534450	7.938000

59.537004	6.741000

59.539559	7.145000

59.542113	6.586000

59.544668	5.839000

59.547222	6.040000

59.549777	5.513000

59.552331	6.439000

59.554886	8.295000

59.557440	8.251000

59.559994	8.612000

59.562549	7.768000

59.565103	7.664000

59.567658	4.615000

59.570212	6.232000

59.572767	8.524000

59.575321	8.601000

59.577876	9.627000

59.580430	10.012000

59.582985	9.741000

59.585539	9.040000

59.588094	8.859000

59.590648	9.766000

59.593203	10.296000

59.595757	10.678000

59.598311	10.525000

59.600866	10.637000

59.603420	10.087000

59.605975	9.998000

59.608529	10.646000

59.611084	10.428000

59.613638	10.344000

59.616193	9.108000

59.618747	10.077000

59.621302	10.014000

59.623856	9.244000

59.626411	9.112000

59.628965	7.478000

59.631520	7.041000

59.634074	5.219000

59.636629	7.936000

59.639183	6.387000

59.641737	3.561000

59.644292	6.618000

59.646846	4.100000

59.649401	7.173000

59.651955	9.480000

59.654510	10.703000

59.657064	10.021000

59.659619	9.643000

59.662173	9.648000

59.664728	8.886000

59.667282	8.264000

59.669837	3.292000

59.672391	8.813000

59.674946	9.267000

59.677500	9.070000

59.680055	10.171000

59.682609	9.421000

59.685163	9.762000

59.687718	8.449000

59.690272	7.398000

59.692827	8.687000

59.695381	9.197000

59.697936	9.741000

59.700490	9.843000

59.703045	9.441000

59.705599	9.179000

59.708154	8.418000

59.710708	8.014000

59.713263	5.844000

59.715817	4.373000

59.718372	8.897000

59.720926	9.085000

59.723480	8.008000

59.726035	5.105000

59.728589	7.506000

59.731144	5.474000

59.733698	6.180000

59.736253	7.125000

59.738807	8.230000

59.741362	8.647000

59.743916	4.003000

59.746471	8.323000

59.749025	8.206000

59.751580	7.075000

59.754134	8.424000

59.756689	7.376000

59.759243	0.000000

59.761798	8.997000

59.764352	9.191000

59.766906	8.509000

59.769461	7.081000

59.772015	9.194000

59.774570	8.969000

59.777124	9.010000

59.779679	8.749000

59.782233	8.116000

59.784788	7.636000

59.787342	9.107000

59.789897	6.353000

59.792451	6.145000

59.795006	4.501000

59.797560	8.019000

59.800115	8.806000

59.802669	6.977000

59.805223	8.134000

59.807778	9.298000

59.810332	9.048000

59.812887	9.645000

59.815441	9.709000

59.817996	8.803000

59.820550	8.332000

59.823105	7.790000

59.825659	6.478000

59.828214	1.507000

59.830768	7.720000

59.833323	4.850000

59.835877	3.786000

59.838432	7.929000

59.840986	8.818000

59.843541	9.032000

59.846095	9.431000

59.848649	7.613000

59.851204	5.693000

59.853758	1.612000

59.856313	7.937000

59.858867	6.065000

59.861422	3.925000

59.863976	0.819000

59.866531	6.318000

59.869085	7.936000

59.871640	7.137000

59.874194	7.566000

59.876749	9.261000

59.879303	9.779000

59.881858	9.327000

59.884412	9.198000

59.886966	10.125000

59.889521	9.681000

59.892075	10.986000

59.894630	11.770000

59.897184	11.590000

59.899739	11.414000

59.902293	11.332000

59.904848	11.044000

59.907402	10.759000

59.909957	11.059000

59.912511	10.781000

59.915066	11.380000

59.917620	10.950000

59.920175	10.378000

59.922729	9.816000

59.925284	10.247000

59.927838	10.400000

59.930392	10.127000

59.932947	10.525000

59.935501	10.538000

59.938056	10.224000

59.940610	10.630000

59.943165	9.875000

59.945719	10.084000

59.948274	9.974000

59.950828	9.840000

59.953383	10.144000

59.955937	9.710000

59.958492	7.805000

59.961046	8.724000

59.963601	7.982000

59.966155	6.940000

59.968709	5.574000

59.971264	7.580000

59.973818	8.472000

59.976373	9.613000

59.978927	10.727000

59.981482	10.956000

59.984036	10.706000

59.986591	9.284000

59.989145	9.971000

59.991700	9.946000

59.994254	10.034000

59.996809	9.827000

59.999363	8.583000

60.001918	9.320000

60.004472	9.992000

60.007027	8.656000

60.009581	8.924000

60.012135	9.088000

60.014690	7.081000

60.017244	7.946000

60.019799	6.750000

60.022353	7.285000

60.024908	6.351000

60.027462	8.581000

60.030017	9.181000

60.032571	8.433000

60.035126	7.784000

60.037680	6.970000

60.040235	7.457000

60.042789	7.078000

60.045344	2.276000

60.047898	6.212000

60.050452	4.431000

60.053007	7.005000

60.055561	3.346000

60.058116	4.703000

60.060670	6.032000

60.063225	4.266000

60.065779	3.611000

60.068334	5.174000

60.070888	2.785000

60.073443	5.717000

60.075997	5.716000

60.078552	4.203000

60.081106	8.507000

60.083661	9.085000

60.086215	9.462000

60.088770	8.531000

60.091324	10.136000

60.093878	10.391000

60.096433	10.471000

60.098987	8.976000

60.101542	9.434000

60.104096	5.109000

60.106651	6.297000

60.109205	8.139000

60.111760	6.355000

60.114314	7.924000

60.116869	5.844000

60.119423	6.048000

60.121978	5.959000

60.124532	8.299000

60.127087	7.323000

60.129641	1.328000

60.132195	6.938000

60.134750	6.439000

60.137304	6.006000

60.139859	4.738000

60.142413	8.092000

60.144968	5.614000

60.147522	6.056000

60.150077	8.129000

60.152631	6.669000

60.155186	8.622000

60.157740	9.317000

60.160295	9.522000

60.162849	9.752000

60.165404	9.726000

60.167958	10.635000

60.170513	10.846000

60.173067	9.760000

60.175621	9.832000

60.178176	9.290000

60.180730	9.498000

60.183285	9.113000

60.185839	8.869000

60.188394	10.133000

60.190948	10.415000

60.193503	10.092000

60.196057	9.328000

60.198612	9.585000

60.201166	6.266000

60.203721	5.595000

60.206275	5.445000

60.208830	7.216000

60.211384	9.380000

60.213938	9.731000

60.216493	8.417000

60.219047	9.133000

60.221602	10.548000

60.224156	10.293000

60.226711	8.689000

60.229265	8.630000

60.231820	8.343000

60.234374	9.754000

60.236929	9.237000

60.239483	7.377000

60.242038	7.786000

60.244592	5.078000

60.247147	8.286000

60.249701	6.769000

60.252256	7.560000

60.254810	8.106000

60.257364	8.134000

60.259919	8.459000

60.262473	9.270000

60.265028	10.025000

60.267582	8.559000

60.270137	5.737000

60.272691	3.075000

60.275246	2.975000

60.277800	7.829000

60.280355	7.538000

60.282909	7.246000

60.285464	2.972000

60.288018	7.855000

60.290573	9.937000

60.293127	9.459000

60.295681	9.165000

60.298236	9.900000

60.300790	9.818000

60.303345	8.315000

60.305899	7.339000

60.308454	7.546000

60.311008	8.402000

60.313563	8.121000

60.316117	8.297000

60.318672	8.308000

60.321226	8.497000

60.323781	4.624000

60.326335	3.808000

60.328890	4.465000

60.331444	7.716000

60.333999	6.563000

60.336553	5.216000

60.339107	8.444000

60.341662	8.701000

60.344216	7.489000

60.346771	7.280000

60.349325	9.154000

60.351880	8.956000

60.354434	9.624000

60.356989	10.210000

60.359543	10.372000

60.362098	10.507000

60.364652	9.538000

60.367207	9.993000

60.369761	9.026000

60.372316	9.436000

60.374870	9.595000

60.377424	8.828000

60.379979	7.882000

60.382533	5.913000

60.385088	3.362000

60.387642	2.163000

60.390197	5.543000

60.392751	6.274000

60.395306	8.667000

60.397860	7.805000

60.400415	3.339000

60.402969	6.468000

60.405524	9.222000

60.408078	8.267000

60.410633	4.267000

60.413187	6.387000

60.415742	0.000000

60.418296	5.677000

60.420850	7.252000

60.423405	6.242000

60.425959	5.527000

60.428514	6.037000

60.431068	6.883000

60.433623	4.848000

60.436177	7.742000

60.438732	8.195000

60.441286	8.593000

60.443841	9.975000

60.446395	9.289000

60.448950	8.787000

60.451504	6.753000

60.454059	5.011000

60.456613	7.817000

60.459167	6.296000

60.461722	5.273000

60.464276	8.176000

60.466831	2.901000

60.469385	6.987000

60.471940	4.529000

60.474494	5.752000

60.477049	4.925000

60.479603	8.270000

60.482158	9.357000

60.484712	10.191000

60.487267	10.876000

60.489821	10.796000

60.492376	10.801000

60.494930	10.676000

60.497485	10.715000

60.500039	10.728000

60.502593	11.093000

60.505148	10.584000

60.507702	11.273000

60.510257	11.281000

60.512811	11.334000

60.515366	11.488000

60.517920	11.271000

60.520475	11.293000

60.523029	11.323000

60.525584	11.251000

60.528138	11.084000

60.530693	11.084000

60.533247	11.104000

60.535802	10.331000

60.538356	9.481000

60.540910	9.598000

60.543465	9.484000

60.546019	7.973000

60.548574	8.506000

60.551128	7.061000

60.553683	6.591000

60.556237	8.582000

60.558792	8.926000

60.561346	8.876000

60.563901	9.159000

60.566455	9.665000

60.569010	9.867000

60.571564	10.050000

60.574119	10.367000

60.576673	10.903000

60.579228	11.016000

60.581782	11.302000

60.584336	11.051000

60.586891	11.034000

60.589445	10.775000

60.592000	10.349000

60.594554	10.458000

60.597109	9.785000

60.599663	9.818000

60.602218	10.350000

60.604772	10.045000

60.607327	8.779000

60.609881	3.004000

60.612436	8.110000

60.614990	7.997000

60.617545	7.580000

60.620099	8.617000

60.622653	9.483000

60.625208	9.937000

60.627762	10.478000

60.630317	10.467000

60.632871	10.922000

60.635426	10.707000

60.637980	10.792000

60.640535	10.595000

60.643089	10.973000

60.645644	11.395000

60.648198	11.395000

60.650753	11.516000

60.653307	10.968000

60.655862	10.785000

60.658416	10.563000

60.660971	10.305000

60.663525	10.445000

60.666079	10.263000

60.668634	10.295000

60.671188	10.283000

60.673743	8.944000

60.676297	6.907000

60.678852	3.739000

60.681406	6.520000

60.683961	0.934000

60.686515	5.474000

60.689070	7.746000

60.691624	7.642000

60.694179	6.481000

60.696733	5.828000

60.699288	4.847000

60.701842	4.732000

60.704396	5.008000

60.706951	6.006000

60.709505	6.426000

60.712060	4.352000

60.714614	9.362000

60.717169	5.454000

60.719723	5.915000

60.722278	7.725000

60.724832	9.206000

60.727387	9.220000

60.729941	9.630000

60.732496	10.040000

60.735050	8.881000

60.737605	9.557000

60.740159	10.164000

60.742714	9.516000

60.745268	9.222000

60.747822	9.729000

60.750377	9.568000

60.752931	8.469000

60.755486	8.134000

60.758040	6.263000

60.760595	7.123000

60.763149	5.432000

60.765704	4.865000

60.768258	5.730000

60.770813	7.838000

60.773367	6.193000

60.775922	7.436000

60.778476	6.654000

60.781031	1.788000

60.783585	2.885000

60.786139	3.476000

60.788694	2.556000

60.791248	5.402000

60.793803	2.696000

60.796357	4.916000

60.798912	0.000000

60.801466	4.739000

60.804021	3.276000

60.806575	8.562000

60.809130	7.567000

60.811684	7.821000

60.814239	6.703000

60.816793	4.848000

60.819348	6.107000

60.821902	5.605000

60.824457	8.819000

60.827011	7.100000

60.829565	7.684000

60.832120	5.929000

60.834674	7.746000

60.837229	5.576000

60.839783	6.055000

60.842338	7.545000

60.844892	7.247000

60.847447	7.197000

60.850001	6.530000

60.852556	7.386000

60.855110	9.195000

60.857665	9.760000

60.860219	9.893000

60.862774	9.776000

60.865328	9.707000

60.867882	10.594000

60.870437	9.665000

60.872991	8.955000

60.875546	8.573000

60.878100	6.446000

60.880655	7.884000

60.883209	7.620000

60.885764	8.556000

60.888318	7.334000

60.890873	4.967000

60.893427	8.801000

60.895982	7.970000

60.898536	8.386000

60.901091	9.756000

60.903645	9.974000

60.906200	9.407000

60.908754	10.034000

60.911308	10.305000

60.913863	9.615000

60.916417	8.112000

60.918972	8.257000

60.921526	6.443000

60.924081	7.052000

60.926635	5.949000

60.929190	8.957000

60.931744	7.066000

60.934299	5.906000

60.936853	7.490000

60.939408	0.000000

60.941962	4.598000

60.944517	8.152000

60.947071	7.779000

60.949625	4.671000

60.952180	4.746000

60.954734	8.157000

60.957289	7.078000

60.959843	8.921000

60.962398	8.423000

60.964952	8.322000

60.967507	9.325000

60.970061	9.989000

60.972616	9.847000

60.975170	10.124000

60.977725	9.659000

60.980279	10.509000

60.982834	9.974000

60.985388	11.155000

60.987943	11.806000

60.990497	11.928000

60.993051	11.711000

60.995606	11.444000

60.998160	11.274000

61.000715	11.278000

61.003269	11.402000

61.005824	11.388000

61.008378	11.876000

61.010933	11.692000

61.013487	11.678000

61.016042	11.388000

61.018596	11.504000

61.021151	11.164000

61.023705	10.290000

61.026260	10.593000

61.028814	9.853000

61.031368	9.781000

61.033923	9.155000

61.036477	10.067000

61.039032	9.750000

61.041586	9.863000

61.044141	10.119000

61.046695	9.775000

61.049250	9.654000

61.051804	9.293000

61.054359	9.118000

61.056913	8.194000

61.059468	8.492000

61.062022	5.025000

61.064577	8.164000

61.067131	10.224000

61.069686	9.967000

61.072240	9.281000

61.074794	9.038000

61.077349	9.328000

61.079903	8.825000

61.082458	9.162000

61.085012	9.321000

61.087567	9.661000

61.090121	8.361000

61.092676	8.843000

61.095230	9.819000

61.097785	9.865000

61.100339	9.062000

61.102894	8.527000

61.105448	9.692000

61.108003	8.845000

61.110557	7.084000

61.113111	8.404000

61.115666	9.591000

61.118220	8.805000

61.120775	7.476000

61.123329	6.403000

61.125884	6.506000

61.128438	5.601000

61.130993	6.271000

61.133547	0.000000

61.136102	7.824000

61.138656	6.814000

61.141211	7.593000

61.143765	3.716000

61.146320	7.507000

61.148874	6.902000

61.151429	6.850000

61.153983	6.583000

61.156537	8.083000

61.159092	9.295000

61.161646	8.995000

61.164201	7.849000

61.166755	8.650000

61.169310	8.450000

61.171864	7.986000

61.174419	9.414000

61.176973	9.363000

61.179528	9.714000

61.182082	9.929000

61.184637	9.700000

61.187191	9.779000

61.189746	8.399000

61.192300	4.941000

61.194854	5.656000

61.197409	6.663000

61.199963	7.441000

61.202518	4.480000

61.205072	8.218000

61.207627	8.653000

61.210181	9.284000

61.212736	8.870000

61.215290	7.551000

61.217845	7.573000

61.220399	7.480000

61.222954	9.073000

61.225508	9.105000

61.228063	9.769000

61.230617	9.939000

61.233172	9.995000

61.235726	10.809000

61.238280	10.715000

61.240835	10.915000

61.243389	10.981000

61.245944	10.275000

61.248498	9.196000

61.251053	8.577000

61.253607	6.307000

61.256162	9.020000

61.258716	8.906000

61.261271	8.163000

61.263825	8.809000

61.266380	8.714000

61.268934	9.325000

61.271489	6.594000

61.274043	7.088000

61.276597	2.190000

61.279152	5.616000

61.281706	5.006000

61.284261	4.344000

61.286815	0.756000

61.289370	7.175000

61.291924	3.836000

61.294479	6.457000

61.297033	8.085000

61.299588	4.848000

61.302142	7.925000

61.304697	4.544000

61.307251	3.313000

61.309806	7.164000

61.312360	7.019000

61.314915	2.913000

61.317469	1.827000

61.320023	8.239000

61.322578	8.577000

61.325132	8.855000

61.327687	8.681000

61.330241	8.099000

61.332796	7.882000

61.335350	8.898000

61.337905	8.783000

61.340459	8.645000

61.343014	9.856000

61.345568	9.434000

61.348123	3.380000

61.350677	7.067000

61.353232	6.753000

61.355786	8.473000

61.358341	7.558000

61.360895	9.249000

61.363449	8.684000

61.366004	5.143000

61.368558	0.000000

61.371113	5.100000

61.373667	5.984000

61.376222	8.827000

61.378776	9.966000

61.381331	10.137000

61.383885	7.815000

61.386440	9.734000

61.388994	9.097000

61.391549	4.959000

61.394103	7.084000

61.396658	8.718000

61.399212	8.356000

61.401766	4.062000

61.404321	8.852000

61.406875	8.300000

61.409430	7.603000

61.411984	4.496000

61.414539	6.134000

61.417093	7.135000

61.419648	4.155000

61.422202	4.949000

61.424757	9.041000

61.427311	5.891000

61.429866	4.926000

61.432420	6.606000

61.434975	5.986000

61.437529	4.235000

61.440084	3.866000

61.442638	5.357000

61.445192	8.473000

61.447747	8.100000

61.450301	8.025000

61.452856	7.615000

61.455410	8.956000

61.457965	9.447000

61.460519	10.132000

61.463074	10.706000

61.465628	10.814000

61.468183	11.691000

61.470737	11.538000

61.473292	11.480000

61.475846	10.856000

61.478401	11.110000

61.480955	11.192000

61.483509	10.698000

61.486064	10.041000

61.488618	9.125000

61.491173	9.032000

61.493727	8.772000

61.496282	8.775000

61.498836	8.392000

61.501391	1.580000

61.503945	4.943000

61.506500	7.667000

61.509054	7.975000

61.511609	7.464000

61.514163	6.174000

61.516718	5.633000

61.519272	1.339000

61.521827	6.385000

61.524381	6.097000

61.526935	6.839000

61.529490	9.452000

61.532044	10.423000

61.534599	10.167000

61.537153	9.929000

61.539708	8.589000

61.542262	6.868000

61.544817	4.312000

61.547371	6.372000

61.549926	3.268000

61.552480	6.796000

61.555035	5.832000

61.557589	5.080000

61.560144	0.000000

61.562698	7.095000

61.565252	5.886000

61.567807	7.035000

61.570361	7.052000

61.572916	9.029000

61.575470	10.299000

61.578025	10.151000

61.580579	9.769000

61.583134	9.448000

61.585688	7.865000

61.588243	7.443000

61.590797	3.257000

61.593352	7.628000

61.595906	8.091000

61.598461	9.865000

61.601015	10.056000

61.603570	10.403000

61.606124	9.869000

61.608678	9.328000

61.611233	8.598000

61.613787	7.724000

61.616342	5.617000

61.618896	4.583000

61.621451	3.667000

61.624005	7.069000

61.626560	4.452000

61.629114	5.394000

61.631669	8.493000

61.634223	8.866000

61.636778	9.654000

61.639332	10.648000

61.641887	10.998000

61.644441	10.975000

61.646995	11.106000

61.649550	10.530000

61.652104	10.797000

61.654659	10.926000

61.657213	10.813000

61.659768	10.951000

61.662322	10.702000

61.664877	10.371000

61.667431	10.715000

61.669986	10.733000

61.672540	11.295000

61.675095	11.235000

61.677649	10.927000

61.680204	11.123000

61.682758	10.307000

61.685313	9.677000

61.687867	9.172000

61.690421	8.956000

61.692976	10.053000

61.695530	10.147000

61.698085	9.211000

61.700639	9.954000

61.703194	9.646000

61.705748	10.075000

61.708303	10.342000

61.710857	10.375000

61.713412	10.469000

61.715966	9.553000

61.718521	7.830000

61.721075	7.628000

61.723630	5.063000

61.726184	3.794000

61.728738	8.755000

61.731293	9.718000

61.733847	9.761000

61.736402	9.198000

61.738956	8.705000

61.741511	8.615000

61.744065	4.066000

61.746620	2.661000

61.749174	1.530000

61.751729	0.779000

61.754283	6.697000

61.756838	8.069000

61.759392	7.818000

61.761947	3.892000

61.764501	1.874000

61.767056	6.878000

61.769610	7.611000

61.772164	1.041000

61.774719	6.725000

61.777273	8.050000

61.779828	8.048000

61.782382	6.185000

61.784937	8.178000

61.787491	9.100000

61.790046	8.620000

61.792600	8.557000

61.795155	8.688000

61.797709	9.494000

61.800264	8.881000

61.802818	8.301000

61.805373	4.216000

61.807927	6.391000

61.810481	4.766000

61.813036	5.802000

61.815590	5.726000

61.818145	6.699000

61.820699	8.458000

61.823254	8.175000

61.825808	8.445000

61.828363	8.539000

61.830917	7.826000

61.833472	1.940000

61.836026	8.280000

61.838581	8.827000

61.841135	7.317000

61.843690	9.604000

61.846244	9.505000

61.848799	10.293000

61.851353	9.629000

61.853907	9.241000

61.856462	9.458000

61.859016	9.855000

61.861571	10.090000

61.864125	10.363000

61.866680	10.465000

61.869234	10.072000

61.871789	9.810000

61.874343	10.214000

61.876898	9.196000

61.879452	6.842000

61.882007	0.000000

61.884561	4.612000

61.887116	4.929000

61.889670	6.692000

61.892224	9.213000

61.894779	8.798000

61.897333	7.294000

61.899888	8.411000

61.902442	9.427000

61.904997	9.835000

61.907551	9.578000

61.910106	10.168000

61.912660	9.863000

61.915215	9.610000

61.917769	9.869000

61.920324	8.696000

61.922878	6.350000

61.925433	7.148000

61.927987	7.949000

61.930542	8.590000

61.933096	8.305000

61.935650	6.141000

61.938205	5.670000

61.940759	6.094000

61.943314	6.603000

61.945868	8.683000

61.948423	6.124000

61.950977	1.699000

61.953532	0.000000

61.956086	6.053000

61.958641	5.558000

61.961195	3.296000

61.963750	4.117000

61.966304	5.761000

61.968859	5.667000

61.971413	7.208000

61.973967	8.765000

61.976522	8.313000

61.979076	8.399000

61.981631	9.169000

61.984185	10.294000

61.986740	10.321000

61.989294	10.157000

61.991849	9.360000

61.994403	10.540000

61.996958	10.348000

61.999512	10.158000

62.002067	8.155000

62.004621	8.761000

62.007176	10.538000

62.009730	11.031000

62.012285	10.600000

62.014839	9.822000

62.017393	5.859000

62.019948	4.210000

62.022502	7.506000

62.025057	0.000000

62.027611	7.518000

62.030166	7.936000

62.032720	7.490000

62.035275	8.290000

62.037829	9.345000

62.040384	9.938000

62.042938	10.089000

62.045493	8.895000

62.048047	9.609000

62.050602	9.515000

62.053156	10.005000

62.055710	9.794000

62.058265	8.864000

62.060819	4.973000

62.063374	2.998000

62.065928	5.958000

62.068483	8.020000

62.071037	9.286000

62.073592	9.821000

62.076146	10.081000

62.078701	10.420000

62.081255	10.587000

62.083810	10.830000

62.086364	11.418000

62.088919	11.721000

62.091473	11.698000

62.094028	11.014000

62.096582	11.325000

62.099136	11.546000

62.101691	11.517000

62.104245	11.553000

62.106800	11.381000

62.109354	11.018000

62.111909	11.251000

62.114463	11.333000

62.117018	11.130000

62.119572	11.188000

62.122127	10.866000

62.124681	10.511000

62.127236	10.794000

62.129790	10.155000

62.132345	10.487000

62.134899	10.032000

62.137453	10.615000

62.140008	10.155000

62.142562	9.115000

62.145117	8.175000

62.147671	7.885000

62.150226	7.772000

62.152780	7.972000

62.155335	2.949000

62.157889	6.861000

62.160444	7.903000

62.162998	4.074000

62.165553	4.077000

62.168107	5.878000

62.170662	6.945000

62.173216	5.627000

62.175771	8.999000

62.178325	7.311000

62.180879	8.967000

62.183434	9.280000

62.185988	8.870000

62.188543	8.533000

62.191097	9.698000

62.193652	9.374000

62.196206	9.470000

62.198761	9.887000

62.201315	10.662000

62.203870	10.892000

62.206424	10.415000

62.208979	9.886000

62.211533	9.677000

62.214088	9.835000

62.216642	10.770000

62.219196	10.259000

62.221751	10.087000

62.224305	9.275000

62.226860	8.987000

62.229414	9.387000

62.231969	9.731000

62.234523	8.978000

62.237078	8.195000

62.239632	1.383000

62.242187	3.185000

62.244741	4.918000

62.247296	4.581000

62.249850	7.740000

62.252405	2.529000

62.254959	6.760000

62.257514	6.820000

62.260068	4.103000

62.262622	7.312000

62.265177	3.656000

62.267731	5.816000

62.270286	4.534000

62.272840	9.062000

62.275395	9.560000

62.277949	9.745000

62.280504	9.163000

62.283058	7.895000

62.285613	6.804000

62.288167	5.816000

62.290722	2.747000

62.293276	8.392000

62.295831	0.723000

62.298385	7.961000

62.300939	8.082000

62.303494	7.332000

62.306048	6.040000

62.308603	6.587000

62.311157	5.458000

62.313712	2.806000

62.316266	4.299000

62.318821	7.332000

62.321375	5.975000

62.323930	3.670000

62.326484	7.866000

62.329039	8.121000

62.331593	7.516000

62.334148	3.719000

62.336702	6.359000

62.339257	5.204000

62.341811	8.050000

62.344365	7.490000

62.346920	9.178000

62.349474	7.526000

62.352029	7.922000

62.354583	8.889000

62.357138	9.450000

62.359692	9.916000

62.362247	9.098000

62.364801	9.454000

62.367356	10.940000

62.369910	11.593000

62.372465	11.504000

62.375019	11.080000

62.377574	10.137000

62.380128	10.227000

62.382682	10.356000

62.385237	9.498000

62.387791	10.303000

62.390346	9.143000

62.392900	9.134000

62.395455	7.314000

62.398009	7.599000

62.400564	7.126000

62.403118	6.093000

62.405673	6.387000

62.408227	5.042000

62.410782	8.919000

62.413336	9.796000

62.415891	9.399000

62.418445	9.101000

62.421000	5.719000

62.423554	6.417000

62.426108	7.230000

62.428663	0.000000

62.431217	8.203000

62.433772	7.563000

62.436326	7.433000

62.438881	7.401000

62.441435	8.751000

62.443990	9.455000

62.446544	9.299000

62.449099	7.805000

62.451653	7.380000

62.454208	8.328000

62.456762	9.305000

62.459317	10.542000

62.461871	10.625000

62.464425	11.498000

62.466980	11.160000

62.469534	10.956000

62.472089	11.333000

62.474643	11.403000

62.477198	11.376000

62.479752	11.410000

62.482307	10.921000

62.484861	10.544000

62.487416	10.089000

62.489970	10.195000

62.492525	10.243000

62.495079	9.370000

62.497634	9.290000

62.500188	8.955000

62.502743	8.634000

62.505297	8.271000

62.507851	7.929000

62.510406	9.799000

62.512960	10.122000

62.515515	9.655000

62.518069	7.597000

62.520624	7.842000

62.523178	8.348000

62.525733	8.969000

62.528287	8.349000

62.530842	9.191000

62.533396	7.826000

62.535951	9.786000

62.538505	10.366000

62.541060	10.222000

62.543614	10.197000

62.546168	10.317000

62.548723	9.623000

62.551277	8.537000

62.553832	6.667000

62.556386	4.683000

62.558941	6.456000

62.561495	8.928000

62.564050	9.480000

62.566604	9.381000

62.569159	10.054000

62.571713	10.338000

62.574268	9.585000

62.576822	9.778000

62.579377	9.712000

62.581931	9.773000

62.584486	9.081000

62.587040	8.355000

62.589594	5.776000

62.592149	9.149000

62.594703	8.949000

62.597258	8.408000

62.599812	8.411000

62.602367	7.509000

62.604921	8.160000

62.607476	7.670000

62.610030	8.619000

62.612585	2.739000

62.615139	3.817000

62.617694	6.263000

62.620248	6.627000

62.622803	9.605000

62.625357	10.555000

62.627911	10.474000

62.630466	10.183000

62.633020	9.607000

62.635575	10.151000

62.638129	9.009000

62.640684	0.000000

62.643238	5.870000

62.645793	5.787000

62.648347	8.229000

62.650902	8.801000

62.653456	9.205000

62.656011	9.486000

62.658565	9.747000

62.661120	5.756000

62.663674	2.419000

62.666229	8.313000

62.668783	10.007000

62.671337	9.896000

62.673892	8.872000

62.676446	8.474000

62.679001	8.603000

62.681555	6.788000

62.684110	4.978000

62.686664	7.269000

62.689219	3.629000

62.691773	7.406000

62.694328	9.176000

62.696882	8.742000

62.699437	10.240000

62.701991	10.577000

62.704546	9.947000

62.707100	10.060000

62.709654	10.241000

62.712209	10.072000

62.714763	9.623000

62.717318	10.888000

62.719872	11.106000

62.722427	10.613000

62.724981	11.126000

62.727536	10.903000

62.730090	10.670000

62.732645	11.089000

62.735199	10.779000

62.737754	10.737000

62.740308	10.047000

62.742863	9.578000

62.745417	8.417000

62.747972	6.599000

62.750526	4.725000

62.753080	6.702000

62.755635	8.398000

62.758189	8.195000

62.760744	9.932000

62.763298	10.662000

62.765853	9.978000

62.768407	10.800000

62.770962	10.894000

62.773516	10.917000

62.776071	10.797000

62.778625	10.827000

62.781180	11.171000

62.783734	9.801000

62.786289	10.342000

62.788843	9.627000

62.791397	9.199000

62.793952	8.301000

62.796506	6.026000

62.799061	4.771000

62.801615	8.058000

62.804170	8.399000

62.806724	10.139000

62.809279	10.368000

62.811833	10.366000

62.814388	10.541000

62.816942	10.481000

62.819497	10.541000

62.822051	10.437000

62.824606	10.669000

62.827160	10.257000

62.829715	10.229000

62.832269	9.991000

62.834823	10.435000

62.837378	10.079000

62.839932	8.437000

62.842487	5.617000

62.845041	5.163000

62.847596	5.957000

62.850150	7.849000

62.852705	8.758000

62.855259	8.991000

62.857814	8.242000

62.860368	8.374000

62.862923	9.370000

62.865477	8.883000

62.868032	7.851000

62.870586	8.799000

62.873140	7.532000

62.875695	7.150000

62.878249	9.298000

62.880804	9.517000

62.883358	7.015000

62.885913	8.528000

62.888467	8.975000

62.891022	9.248000

62.893576	8.757000

62.896131	7.603000

62.898685	9.525000

62.901240	9.717000

62.903794	9.667000

62.906349	10.073000

62.908903	10.540000

62.911458	9.986000

62.914012	10.772000

62.916566	11.163000

62.919121	10.970000

62.921675	11.495000

62.924230	11.784000

62.926784	11.429000

62.929339	10.694000

62.931893	10.661000

62.934448	10.253000

62.937002	10.587000

62.939557	10.899000

62.942111	10.157000

62.944666	9.767000

62.947220	9.956000

62.949775	9.729000

62.952329	8.512000

62.954883	9.014000

62.957438	9.726000

62.959992	9.969000

62.962547	10.456000

62.965101	10.415000

62.967656	10.360000

62.970210	10.852000

62.972765	11.337000

62.975319	11.079000

62.977874	11.386000

62.980428	11.463000

62.982983	11.332000

62.985537	11.515000

62.988092	11.234000

62.990646	11.050000

62.993201	11.434000

62.995755	11.594000

62.998309	11.181000

63.000864	9.572000

63.003418	6.272000

63.005973	2.129000

63.008527	6.937000

63.011082	6.344000

63.013636	4.915000

63.016191	7.885000

63.018745	1.346000

63.021300	5.638000

63.023854	4.436000

63.026409	7.553000

63.028963	6.788000

63.031518	8.367000

63.034072	9.536000

63.036627	8.588000

63.039181	7.963000

63.041735	8.854000

63.044290	9.114000

63.046844	9.614000

63.049399	10.590000

63.051953	10.854000

63.054508	10.864000

63.057062	10.108000

63.059617	10.563000

63.062171	9.951000

63.064726	9.218000

63.067280	9.366000

63.069835	10.498000

63.072389	10.589000

63.074944	10.617000

63.077498	10.983000

63.080052	11.110000

63.082607	11.284000

63.085161	10.674000

63.087716	10.901000

63.090270	10.817000

63.092825	9.775000

63.095379	9.225000

63.097934	8.830000

63.100488	8.045000

63.103043	8.035000

63.105597	7.544000

63.108152	6.266000

63.110706	6.952000

63.113261	8.583000

63.115815	7.501000

63.118370	8.993000

63.120924	9.628000

63.123478	9.546000

63.126033	9.380000

63.128587	7.488000

63.131142	6.046000

63.133696	6.122000

63.136251	5.737000

63.138805	2.863000

63.141360	6.715000

63.143914	4.928000

63.146469	7.597000

63.149023	7.546000

63.151578	6.963000

63.154132	7.639000

63.156687	7.849000

63.159241	9.156000

63.161795	7.211000

63.164350	9.071000

63.166904	9.350000

63.169459	9.617000

63.172013	9.734000

63.174568	10.147000

63.177122	9.422000

63.179677	8.243000

63.182231	5.469000

63.184786	8.471000

63.187340	8.403000

63.189895	8.980000

63.192449	8.980000

63.195004	9.609000

63.197558	10.169000

63.200113	10.551000

63.202667	10.834000

63.205221	10.457000

63.207776	10.472000

63.210330	10.502000

63.212885	9.955000

63.215439	10.508000

63.217994	11.014000

63.220548	10.561000

63.223103	10.349000

63.225657	8.767000

63.228212	6.318000

63.230766	7.367000

63.233321	0.000000

63.235875	6.012000

63.238430	3.342000

63.240984	5.165000

63.243538	3.421000

63.246093	3.455000

63.248647	6.324000

63.251202	7.425000

63.253756	7.607000

63.256311	8.823000

63.258865	4.706000

63.261420	6.620000

63.263974	6.546000

63.266529	6.928000

63.269083	3.075000

63.271638	6.367000

63.274192	4.650000

63.276747	7.638000

63.279301	7.859000

63.281856	9.167000

63.284410	9.586000

63.286964	10.182000

63.289519	10.758000

63.292073	10.790000

63.294628	10.612000

63.297182	10.762000

63.299737	10.567000

63.302291	10.167000

63.304846	10.537000

63.307400	10.535000

63.309955	10.457000

63.312509	10.104000

63.315064	9.621000

63.317618	8.452000

63.320173	7.261000

63.322727	5.148000

63.325281	7.659000

63.327836	6.811000

63.330390	6.606000

63.332945	8.347000

63.335499	7.106000

63.338054	8.951000

63.340608	9.544000

63.343163	8.321000

63.345717	6.784000

63.348272	3.983000

63.350826	7.893000

63.353381	7.491000

63.355935	7.260000

63.358490	7.981000

63.361044	8.584000

63.363599	4.547000

63.366153	7.008000

63.368707	8.112000

63.371262	8.850000

63.373816	7.134000

63.376371	7.453000

63.378925	8.193000

63.381480	8.209000

63.384034	6.674000

63.386589	3.500000

63.389143	6.942000

63.391698	5.280000

63.394252	0.000000

63.396807	6.643000

63.399361	8.396000

63.401916	6.996000

63.404470	8.279000

63.407024	9.890000

63.409579	10.286000

63.412133	10.117000

63.414688	10.712000

63.417242	10.957000

63.419797	10.522000

63.422351	11.317000

63.424906	11.067000

63.427460	10.529000

63.430015	10.169000

63.432569	10.795000

63.435124	10.614000

63.437678	9.470000

63.440233	9.326000

63.442787	9.064000

63.445342	8.261000

63.447896	7.086000

63.450450	5.837000

63.453005	5.919000

63.455559	5.011000

63.458114	2.640000

63.460668	2.605000

63.463223	8.262000

63.465777	3.666000

63.468332	6.028000

63.470886	8.184000

63.473441	8.162000

63.475995	7.541000

63.478550	0.259000

63.481104	7.962000

63.483659	0.309000

63.486213	5.201000

63.488767	2.980000

63.491322	8.091000

63.493876	0.000000

63.496431	1.334000

63.498985	8.591000

63.501540	7.981000

63.504094	6.782000

63.506649	8.419000

63.509203	6.916000

63.511758	8.258000

63.514312	0.000000

63.516867	3.259000

63.519421	7.698000

63.521976	9.417000

63.524530	8.853000

63.527085	2.737000

63.529639	5.772000

63.532193	7.294000

63.534748	8.545000

63.537302	3.898000

63.539857	5.126000

63.542411	6.177000

63.544966	8.070000

63.547520	6.823000

63.550075	7.874000

63.552629	8.902000

63.555184	7.549000

63.557738	7.845000

63.560293	8.349000

63.562847	7.855000

63.565402	8.069000

63.567956	8.811000

63.570510	9.637000

63.573065	9.550000

63.575619	10.460000

63.578174	11.120000

63.580728	11.071000

63.583283	11.303000

63.585837	10.920000

63.588392	10.565000

63.590946	10.456000

63.593501	9.935000

63.596055	9.874000

63.598610	9.805000

63.601164	10.457000

63.603719	7.803000

63.606273	5.897000

63.608828	0.605000

63.611382	7.366000

63.613936	7.561000

63.616491	1.900000

63.619045	7.169000

63.621600	8.907000

63.624154	8.506000

63.626709	9.447000

63.629263	7.281000

63.631818	5.079000

63.634372	6.648000

63.636927	6.789000

63.639481	8.347000

63.642036	9.426000

63.644590	7.392000

63.647145	9.532000

63.649699	9.310000

63.652253	9.923000

63.654808	10.769000

63.657362	10.725000

63.659917	9.949000

63.662471	10.203000

63.665026	9.152000

63.667580	8.463000

63.670135	8.716000

63.672689	7.232000

63.675244	8.558000

63.677798	7.205000

63.680353	6.430000

63.682907	8.933000

63.685462	10.162000

63.688016	9.288000

63.690571	9.047000

63.693125	9.031000

63.695679	9.201000

63.698234	9.752000

63.700788	9.748000

63.703343	9.266000

63.705897	9.774000

63.708452	9.859000

63.711006	9.889000

63.713561	9.158000

63.716115	8.290000

63.718670	9.622000

63.721224	9.743000

63.723779	9.066000

63.726333	8.110000

63.728888	5.860000

63.731442	7.115000

63.733996	3.359000

63.736551	6.556000

63.739105	6.215000

63.741660	7.116000

63.744214	2.619000

63.746769	0.672000

63.749323	4.149000

63.751878	5.201000

63.754432	6.004000

63.756987	0.710000

63.759541	4.059000

63.762096	5.897000

63.764650	6.985000

63.767205	8.161000

63.769759	4.368000

63.772314	0.000000

63.774868	7.595000

63.777422	7.034000

63.779977	7.460000

63.782531	6.608000

63.785086	6.621000

63.787640	1.590000

63.790195	4.622000

63.792749	6.041000

63.795304	0.000000

63.797858	5.297000

63.800413	6.151000

63.802967	5.036000

63.805522	8.003000

63.808076	2.537000

63.810631	2.596000

63.813185	7.546000

63.815739	3.781000

63.818294	6.642000

63.820848	4.628000

63.823403	5.409000

63.825957	8.780000

63.828512	8.493000

63.831066	7.278000

63.833621	8.477000

63.836175	6.885000

63.838730	5.435000

63.841284	7.323000

63.843839	6.421000

63.846393	6.283000

63.848948	1.016000

63.851502	8.206000

63.854057	9.342000

63.856611	9.705000

63.859165	10.021000

63.861720	10.819000

63.864274	11.058000

63.866829	11.491000

63.869383	11.678000

63.871938	11.879000

63.874492	11.801000

63.877047	12.098000

63.879601	12.099000

63.882156	12.193000

63.884710	12.260000

63.887265	12.238000

63.889819	12.358000

63.892374	12.402000

63.894928	12.312000

63.897482	12.324000

63.900037	12.528000

63.902591	12.196000

63.905146	11.835000

63.907700	11.278000

63.910255	10.858000

63.912809	11.040000

63.915364	10.440000

63.917918	9.230000

63.920473	8.117000

63.923027	9.350000

63.925582	7.110000

63.928136	6.057000

63.930691	9.315000

63.933245	10.402000

63.935800	10.108000

63.938354	9.978000

63.940908	10.347000

63.943463	10.919000

63.946017	10.682000

63.948572	10.819000

63.951126	10.083000

63.953681	9.262000

63.956235	8.769000

63.958790	6.438000

63.961344	8.375000

63.963899	9.336000

63.966453	7.252000

63.969008	9.333000

63.971562	9.049000

63.974117	10.259000

63.976671	9.968000

63.979225	8.186000

63.981780	9.581000

63.984334	10.116000

63.986889	9.578000

63.989443	9.818000

63.991998	9.092000

63.994552	8.334000

63.997107	4.893000

63.999661	7.752000

64.002216	9.589000

64.004770	9.760000

64.007325	9.851000

64.009879	9.653000

64.012434	10.296000

64.014988	9.977000

64.017543	9.965000

64.020097	9.325000

64.022651	4.361000

64.025206	8.531000

64.027760	9.689000

64.030315	8.617000

64.032869	8.899000

64.035424	5.977000

64.037978	4.055000

64.040533	0.000000

64.043087	8.887000

64.045642	9.655000

64.048196	9.347000

64.050751	9.466000

64.053305	9.758000

64.055860	10.160000

64.058414	9.439000

64.060968	9.470000

64.063523	9.324000

64.066077	7.637000

64.068632	9.430000

64.071186	9.419000

64.073741	8.777000

64.076295	8.604000

64.078850	8.898000

64.081404	9.135000

64.083959	9.384000

64.086513	8.935000

64.089068	8.491000

64.091622	8.656000

64.094177	7.815000

64.096731	5.185000

64.099286	7.236000

64.101840	7.093000

64.104394	6.071000

64.106949	3.099000

64.109503	6.309000

64.112058	9.602000

64.114612	9.606000

64.117167	9.423000

64.119721	10.185000

64.122276	11.163000

64.124830	11.239000

64.127385	10.816000

64.129939	11.141000

64.132494	10.658000

64.135048	10.768000

64.137603	10.303000

64.140157	9.552000

64.142711	8.504000

64.145266	2.982000

64.147820	7.513000

64.150375	6.441000

64.152929	7.428000

64.155484	8.626000

64.158038	8.843000

64.160593	9.774000

64.163147	10.150000

64.165702	10.592000

64.168256	10.017000

64.170811	10.050000

64.173365	9.459000

64.175920	6.774000

64.178474	8.153000

64.181029	5.509000

64.183583	8.569000

64.186137	6.741000

64.188692	7.699000

64.191246	8.306000

64.193801	9.537000

64.196355	9.422000

64.198910	9.138000

64.201464	8.620000

64.204019	10.372000

64.206573	10.212000

64.209128	9.831000

64.211682	9.365000

64.214237	10.198000

64.216791	9.333000

64.219346	6.956000

64.221900	8.865000

64.224454	7.817000

64.227009	7.101000

64.229563	8.284000

64.232118	7.678000

64.234672	5.041000

64.237227	2.384000

64.239781	0.000000

64.242336	8.682000

64.244890	8.631000

64.247445	3.450000

64.249999	6.799000

64.252554	7.425000

64.255108	9.077000

64.257663	9.363000

64.260217	10.033000

64.262772	10.822000

64.265326	10.390000

64.267880	10.057000

64.270435	9.339000

64.272989	9.543000

64.275544	9.965000

64.278098	9.729000

64.280653	9.215000

64.283207	9.458000

64.285762	6.865000

64.288316	6.116000

64.290871	6.750000

64.293425	8.614000

64.295980	8.273000

64.298534	8.267000

64.301089	8.957000

64.303643	9.860000

64.306197	10.725000

64.308752	10.900000

64.311306	10.813000

64.313861	10.665000

64.316415	10.314000

64.318970	9.912000

64.321524	9.121000

64.324079	8.648000

64.326633	8.442000

64.329188	8.105000

64.331742	1.997000

64.334297	7.621000

64.336851	7.985000

64.339406	6.340000

64.341960	8.203000

64.344515	8.253000

64.347069	7.586000

64.349623	6.409000

64.352178	5.167000

64.354732	7.401000

64.357287	8.213000

64.359841	6.218000

64.362396	6.833000

64.364950	6.257000

64.367505	3.799000

64.370059	5.667000

64.372614	6.910000

64.375168	7.211000

64.377723	6.785000

64.380277	6.434000

64.382832	2.147000

64.385386	6.807000

64.387940	8.226000

64.390495	7.913000

64.393049	7.070000

64.395604	2.186000

64.398158	6.084000

64.400713	3.358000

64.403267	5.110000

64.405822	6.643000

64.408376	4.194000

64.410931	6.535000

64.413485	0.863000

64.416040	6.830000

64.418594	7.025000

64.421149	8.094000

64.423703	9.686000

64.426258	9.690000

64.428812	9.490000

64.431366	10.234000

64.433921	10.172000

64.436475	9.497000

64.439030	8.925000

64.441584	10.219000

64.444139	10.462000

64.446693	10.315000

64.449248	9.577000

64.451802	10.652000

64.454357	11.019000

64.456911	11.176000

64.459466	10.844000

64.462020	10.343000

64.464575	10.180000

64.467129	9.371000

64.469683	7.989000

64.472238	8.850000

64.474792	8.170000

64.477347	6.238000

64.479901	7.100000

64.482456	8.503000

64.485010	5.908000

64.487565	7.580000

64.490119	5.854000

64.492674	5.469000

64.495228	6.754000

64.497783	8.246000

64.500337	6.867000

64.502892	8.670000

64.505446	7.899000

64.508001	7.728000

64.510555	6.483000

64.513109	1.767000

64.515664	8.027000

64.518218	9.228000

64.520773	7.947000

64.523327	8.162000

64.525882	9.543000

64.528436	9.396000

64.530991	8.576000

64.533545	8.658000

64.536100	9.222000

64.538654	9.999000

64.541209	10.794000

64.543763	11.001000

64.546318	11.231000

64.548872	11.208000

64.551426	11.028000

64.553981	10.795000

64.556535	11.314000

64.559090	10.793000

64.561644	10.607000

64.564199	10.827000

64.566753	10.857000

64.569308	9.530000

64.571862	9.336000

64.574417	9.866000

64.576971	9.348000

64.579526	7.470000

64.582080	3.820000

64.584635	8.596000

64.587189	4.768000

64.589744	9.370000

64.592298	10.363000

64.594852	10.510000

64.597407	10.685000

64.599961	11.338000

64.602516	10.672000

64.605070	10.988000

64.607625	11.543000

64.610179	11.170000

64.612734	10.895000

64.615288	11.088000

64.617843	11.702000

64.620397	11.805000

64.622952	11.485000

64.625506	10.661000

64.628061	10.115000

64.630615	10.574000

64.633169	10.573000

64.635724	10.128000

64.638278	9.752000

64.640833	9.940000

64.643387	8.956000

64.645942	9.793000

64.648496	10.019000

64.651051	6.982000

64.653605	8.912000

64.656160	9.050000

64.658714	9.476000

64.661269	8.937000

64.663823	0.805000

64.666378	7.320000

64.668932	6.109000

64.671487	0.000000

64.674041	6.492000

64.676595	8.577000

64.679150	9.057000

64.681704	9.382000

64.684259	10.283000

64.686813	9.938000

64.689368	9.486000

64.691922	9.735000

64.694477	7.677000

64.697031	7.513000

64.699586	6.786000

64.702140	8.193000

64.704695	9.328000

64.707249	8.059000

64.709804	5.001000

64.712358	5.673000

64.714912	8.397000

64.717467	9.881000

64.720021	8.840000

64.722576	9.238000

64.725130	10.170000

64.727685	10.114000

64.730239	10.438000

64.732794	9.798000

64.735348	9.972000

64.737903	9.532000

64.740457	9.619000

64.743012	7.177000

64.745566	6.243000

64.748121	7.724000

64.750675	7.197000

64.753230	6.731000

64.755784	7.209000

64.758338	3.990000

64.760893	4.412000

64.763447	7.555000

64.766002	2.686000

64.768556	7.284000

64.771111	1.393000

64.773665	7.056000

64.776220	8.267000

64.778774	1.471000

64.781329	7.838000

64.783883	7.202000

64.786438	7.964000

64.788992	8.562000

64.791547	7.262000

64.794101	4.578000

64.796656	6.714000

64.799210	5.027000

64.801764	5.669000

64.804319	5.497000

64.806873	5.732000

64.809428	5.664000

64.811982	0.000000

64.814537	2.666000

64.817091	2.846000

64.819646	8.270000

64.822200	6.738000

64.824755	7.314000

64.827309	9.182000

64.829864	9.495000

64.832418	8.860000

64.834973	9.218000

64.837527	7.924000

64.840081	8.811000

64.842636	9.566000

64.845190	9.702000

64.847745	10.470000

64.850299	9.598000

64.852854	7.844000

64.855408	8.395000

64.857963	8.883000

64.860517	7.930000

64.863072	8.540000

64.865626	9.775000

64.868181	10.307000

64.870735	8.640000

64.873290	7.826000

64.875844	9.246000

64.878399	8.571000

64.880953	8.419000

64.883507	7.732000

64.886062	1.587000

64.888616	6.425000

64.891171	6.663000

64.893725	0.000000

64.896280	7.022000

64.898834	6.290000

64.901389	1.078000

64.903943	5.380000

64.906498	1.253000

64.909052	6.378000

64.911607	1.742000

64.914161	2.198000

64.916716	7.050000

64.919270	7.380000

64.921824	5.796000

64.924379	3.297000

64.926933	7.199000

64.929488	9.318000

64.932042	9.502000

64.934597	10.006000

64.937151	10.419000

64.939706	10.349000

64.942260	9.960000

64.944815	9.266000

64.947369	8.715000

64.949924	9.135000

64.952478	9.326000

64.955033	9.055000

64.957587	10.145000

64.960142	11.016000

64.962696	9.718000

64.965250	10.100000

64.967805	10.734000

64.970359	10.863000

64.972914	10.145000

64.975468	10.444000

64.978023	10.541000

64.980577	9.609000

64.983132	8.824000

64.985686	9.475000

64.988241	9.528000

64.990795	9.788000

64.993350	9.934000

64.995904	8.971000

64.998459	8.918000

65.001013	7.708000

65.003567	6.078000

65.006122	7.218000

65.008676	7.545000

65.011231	7.636000

65.013785	7.522000

65.016340	2.675000

65.018894	7.035000

65.021449	9.393000

65.024003	7.788000

65.026558	6.806000

65.029112	8.601000

65.031667	8.315000

65.034221	4.643000

65.036776	6.741000

65.039330	8.136000

65.041885	6.756000

65.044439	4.893000

65.046993	6.674000

65.049548	7.631000

65.052102	7.100000

65.054657	7.642000

65.057211	5.925000

65.059766	4.058000

65.062320	6.755000

65.064875	5.891000

65.067429	9.148000

65.069984	8.629000

65.072538	9.328000

65.075093	7.417000

65.077647	9.098000

65.080202	9.567000

65.082756	8.633000

65.085310	9.198000

65.087865	8.341000

65.090419	7.013000

65.092974	5.748000

65.095528	0.104000

65.098083	1.975000

65.100637	1.187000

65.103192	8.683000

65.105746	6.269000

65.108301	7.775000

65.110855	8.787000

65.113410	6.618000

65.115964	8.965000

65.118519	8.220000

65.121073	5.122000

65.123628	7.720000

65.126182	2.861000

65.128736	8.620000

65.131291	7.845000

65.133845	6.849000

65.136400	2.098000

65.138954	5.599000

65.141509	8.903000

65.144063	8.964000

65.146618	6.153000

65.149172	8.272000

65.151727	8.919000

65.154281	9.061000

65.156836	11.169000

65.159390	11.037000

65.161945	10.975000

65.164499	11.593000

65.167053	10.934000

65.169608	10.356000

65.172162	10.041000

65.174717	10.658000

65.177271	10.421000

65.179826	10.444000

65.182380	10.209000

65.184935	8.818000

65.187489	7.180000

65.190044	5.885000

65.192598	4.542000

65.195153	7.288000

65.197707	7.280000

65.200262	7.707000

65.202816	7.647000

65.205371	9.142000

65.207925	9.749000

65.210479	10.055000

65.213034	8.925000

65.215588	8.628000

65.218143	9.908000

65.220697	10.330000

65.223252	10.467000

65.225806	10.247000

65.228361	10.634000

65.230915	9.879000

65.233470	9.789000

65.236024	9.760000

65.238579	9.868000

65.241133	8.640000

65.243688	8.879000

65.246242	7.023000

65.248796	8.358000

65.251351	9.052000

65.253905	7.349000

65.256460	8.531000

65.259014	7.492000

65.261569	4.925000

65.264123	6.853000

65.266678	7.343000

65.269232	6.360000

65.271787	8.267000

65.274341	9.519000

65.276896	9.349000

65.279450	7.863000

65.282005	8.687000

65.284559	9.122000

65.287114	8.100000

65.289668	9.474000

65.292222	6.871000

65.294777	6.984000

65.297331	7.226000

65.299886	3.389000

65.302440	6.911000

65.304995	5.887000

65.307549	4.868000

65.310104	5.348000

65.312658	6.533000

65.315213	0.000000

65.317767	4.385000

65.320322	6.066000

65.322876	8.328000

65.325431	6.566000

65.327985	7.908000

65.330539	9.356000

65.333094	9.080000

65.335648	8.250000

65.338203	9.638000

65.340757	9.431000

65.343312	9.515000

65.345866	9.473000

65.348421	10.110000

65.350975	10.149000

65.353530	9.980000

65.356084	8.678000

65.358639	4.376000

65.361193	7.453000

65.363748	8.884000

65.366302	9.361000

65.368857	9.280000

65.371411	8.877000

65.373965	9.614000

65.376520	9.187000

65.379074	8.880000

65.381629	9.848000

65.384183	9.200000

65.386738	9.843000

65.389292	9.923000

65.391847	10.765000

65.394401	10.447000

65.396956	10.540000

65.399510	10.324000

65.402065	9.320000

65.404619	8.443000

65.407174	8.190000

65.409728	7.553000

65.412282	5.799000

65.414837	4.524000

65.417391	4.530000

65.419946	6.028000

65.422500	6.532000

65.425055	4.859000

65.427609	4.887000

65.430164	8.421000

65.432718	6.904000

65.435273	4.825000

65.437827	5.187000

65.440382	5.521000

65.442936	7.034000

65.445491	6.772000

65.448045	8.437000

65.450600	7.774000

65.453154	5.646000

65.455708	7.522000

65.458263	0.522000

65.460817	7.194000

65.463372	3.548000

65.465926	8.019000

65.468481	8.808000

65.471035	7.812000

65.473590	9.830000

65.476144	9.193000

65.478699	10.520000

65.481253	10.534000

65.483808	10.238000

65.486362	10.467000

65.488917	9.663000

65.491471	9.814000

65.494025	9.638000

65.496580	9.169000

65.499134	4.822000

65.501689	6.464000

65.504243	7.769000

65.506798	8.681000

65.509352	1.917000

65.511907	7.289000

65.514461	7.232000

65.517016	7.181000

65.519570	8.061000

65.522125	9.314000

65.524679	9.683000

65.527234	8.521000

65.529788	8.053000

65.532343	8.094000

65.534897	9.068000

65.537451	7.834000

65.540006	9.559000

65.542560	7.629000

65.545115	8.014000

65.547669	8.402000

65.550224	10.263000

65.552778	9.574000

65.555333	9.130000

65.557887	9.056000

65.560442	8.716000

65.562996	7.160000

65.565551	8.798000

65.568105	7.289000

65.570660	0.000000

65.573214	6.922000

65.575768	7.043000

65.578323	2.505000

65.580877	8.199000

65.583432	0.269000

65.585986	7.165000

65.588541	4.922000

65.591095	8.459000

65.593650	6.807000

65.596204	7.183000

65.598759	1.060000

65.601313	9.001000

65.603868	9.026000

65.606422	7.043000

65.608977	3.773000

65.611531	7.614000

65.614086	8.942000

65.616640	8.567000

65.619194	8.756000

65.621749	9.139000

65.624303	8.920000

65.626858	9.497000

65.629412	9.983000

65.631967	10.184000

65.634521	9.668000

65.637076	10.534000

65.639630	10.566000

65.642185	11.397000

65.644739	12.020000

65.647294	12.058000

65.649848	11.721000

65.652403	11.403000

65.654957	11.124000

65.657511	11.128000

65.660066	10.903000

65.662620	10.036000

65.665175	9.999000

65.667729	9.776000

65.670284	9.964000

65.672838	9.310000

65.675393	7.958000

65.677947	5.520000

65.680502	8.409000

65.683056	3.529000

65.685611	0.266000

65.688165	6.908000

65.690720	6.075000

65.693274	5.656000

65.695829	0.330000

65.698383	5.465000

65.700937	1.844000

65.703492	6.794000

65.706046	8.042000

65.708601	8.331000

65.711155	7.202000

65.713710	6.705000

65.716264	3.844000

65.718819	0.287000

65.721373	7.188000

65.723928	8.480000

65.726482	7.122000

65.729037	1.496000

65.731591	5.324000

65.734146	0.834000

65.736700	7.230000

65.739254	7.162000

65.741809	4.821000

65.744363	6.633000

65.746918	6.535000

65.749472	6.486000

65.752027	8.086000

65.754581	8.696000

65.757136	9.521000

65.759690	9.971000

65.762245	9.840000

65.764799	9.493000

65.767354	9.181000

65.769908	9.968000

65.772463	9.749000

65.775017	9.885000

65.777572	9.627000

65.780126	9.583000

65.782680	9.278000

65.785235	9.088000

65.787789	8.084000

65.790344	8.098000

65.792898	8.941000

65.795453	6.743000

65.798007	6.143000

65.800562	4.917000

65.803116	8.248000

65.805671	8.173000

65.808225	7.665000

65.810780	9.051000

65.813334	9.769000

65.815889	9.241000

65.818443	8.808000

65.820997	7.928000

65.823552	6.289000

65.826106	5.276000

65.828661	0.000000

65.831215	6.197000

65.833770	7.322000

65.836324	8.202000

65.838879	7.774000

65.841433	7.455000

65.843988	4.453000

65.846542	8.591000

65.849097	5.072000

65.851651	4.265000

65.854206	8.155000

65.856760	8.759000

65.859315	9.153000

65.861869	6.881000

65.864423	7.080000

65.866978	6.923000

65.869532	7.345000

65.872087	8.020000

65.874641	6.991000

65.877196	4.388000

65.879750	7.050000

65.882305	7.904000

65.884859	7.543000

65.887414	6.077000

65.889968	6.638000

65.892523	2.198000

65.895077	5.943000

65.897632	6.372000

65.900186	6.636000

65.902740	6.742000

65.905295	7.242000

65.907849	5.328000

65.910404	6.843000

65.912958	8.362000

65.915513	9.709000

65.918067	9.865000

65.920622	10.383000

65.923176	10.065000

65.925731	10.176000

65.928285	9.972000

65.930840	10.001000

65.933394	9.866000

65.935949	7.785000

65.938503	6.666000

65.941058	8.209000

65.943612	8.500000

65.946166	6.582000

65.948721	7.212000

65.951275	3.613000

65.953830	8.655000

65.956384	9.439000

65.958939	10.100000

65.961493	10.457000

65.964048	10.777000

65.966602	10.696000

65.969157	10.393000

65.971711	9.117000

65.974266	8.263000

65.976820	8.749000

65.979375	6.567000

65.981929	6.686000

65.984483	9.965000

65.987038	10.573000

65.989592	9.539000

65.992147	10.559000

65.994701	9.975000

65.997256	9.681000

65.999810	9.634000

66.002365	9.702000

66.004919	9.904000

66.007474	10.518000

66.010028	10.495000

66.012583	9.767000

66.015137	10.133000

66.017692	9.859000

66.020246	9.659000

66.022801	10.116000

66.025355	10.598000

66.027909	8.989000

66.030464	4.475000

66.033018	4.965000

66.035573	6.554000

66.038127	8.638000

66.040682	8.640000

66.043236	8.320000

66.045791	9.614000

66.048345	9.926000

66.050900	10.934000

66.053454	10.866000

66.056009	10.427000

66.058563	9.175000

66.061118	8.502000

66.063672	8.774000

66.066226	8.835000

66.068781	10.234000

66.071335	10.164000

66.073890	9.904000

66.076444	8.946000

66.078999	9.986000

66.081553	8.602000

66.084108	9.483000

66.086662	10.033000

66.089217	8.046000

66.091771	8.666000

66.094326	7.841000

66.096880	8.889000

66.099435	9.367000

66.101989	10.990000

66.104544	11.243000

66.107098	10.989000

66.109652	11.066000

66.112207	10.775000

66.114761	9.974000

66.117316	9.718000

66.119870	8.979000

66.122425	8.034000

66.124979	7.986000

66.127534	4.452000

66.130088	7.467000

66.132643	7.656000

66.135197	6.892000

66.137752	7.473000

66.140306	8.056000

66.142861	8.391000

66.145415	9.155000

66.147969	9.755000

66.150524	9.874000

66.153078	9.566000

66.155633	9.577000

66.158187	7.746000

66.160742	8.474000

66.163296	0.000000

66.165851	6.239000

66.168405	5.757000

66.170960	7.862000

66.173514	8.900000

66.176069	8.976000

66.178623	8.112000

66.181178	9.596000

66.183732	9.365000

66.186287	8.945000

66.188841	8.433000

66.191395	7.283000

66.193950	9.251000

66.196504	8.800000

66.199059	9.370000

66.201613	7.611000

66.204168	9.622000

66.206722	8.791000

66.209277	7.160000

66.211831	6.969000

66.214386	7.738000

66.216940	8.628000

66.219495	9.934000

66.222049	10.634000

66.224604	10.137000

66.227158	10.404000

66.229712	10.098000

66.232267	10.487000

66.234821	10.184000

66.237376	9.957000

66.239930	10.078000

66.242485	10.331000

66.245039	10.889000

66.247594	10.314000

66.250148	10.780000

66.252703	10.615000

66.255257	10.860000

66.257812	10.741000

66.260366	10.599000

66.262921	9.935000

66.265475	7.811000

66.268030	7.127000

66.270584	0.607000

66.273138	8.230000

66.275693	7.619000

66.278247	8.765000

66.280802	9.041000

66.283356	9.103000

66.285911	7.498000

66.288465	2.454000

66.291020	5.825000

66.293574	7.904000

66.296129	7.202000

66.298683	5.021000

66.301238	7.673000

66.303792	4.823000

66.306347	8.285000

66.308901	8.524000

66.311455	7.950000

66.314010	8.399000

66.316564	8.328000

66.319119	8.106000

66.321673	9.816000

66.324228	9.044000

66.326782	8.530000

66.329337	8.911000

66.331891	7.277000

66.334446	7.925000

66.337000	5.294000

66.339555	7.108000

66.342109	4.985000

66.344664	8.675000

66.347218	4.089000

66.349773	6.623000

66.352327	8.289000

66.354881	7.656000

66.357436	8.236000

66.359990	6.318000

66.362545	6.605000

66.365099	5.664000

66.367654	4.041000

66.370208	4.205000

66.372763	5.248000

66.375317	6.045000

66.377872	7.709000

66.380426	5.999000

66.382981	6.689000

66.385535	2.928000

66.388090	0.000000

66.390644	6.118000

66.393198	9.500000

66.395753	9.028000

66.398307	8.139000

66.400862	9.795000

66.403416	9.944000

66.405971	9.124000

66.408525	9.823000

66.411080	9.192000

66.413634	8.234000

66.416189	9.139000

66.418743	2.658000

66.421298	2.796000

66.423852	6.234000

66.426407	6.477000

66.428961	9.046000

66.431516	7.822000

66.434070	9.189000

66.436624	6.440000

66.439179	5.774000

66.441733	8.054000

66.444288	6.671000

66.446842	6.862000

66.449397	1.817000

66.451951	7.293000

66.454506	5.784000

66.457060	4.131000

66.459615	7.793000

66.462169	7.762000

66.464724	8.477000

66.467278	8.460000

66.469833	9.119000

66.472387	10.105000

66.474942	9.924000

66.477496	10.308000

66.480050	10.265000

66.482605	9.653000

66.485159	10.114000

66.487714	9.879000

66.490268	10.153000

66.492823	10.443000

66.495377	9.824000

66.497932	9.313000

66.500486	8.804000

66.503041	6.214000

66.505595	6.421000

66.508150	5.199000

66.510704	0.195000

66.513259	5.001000

66.515813	6.612000

66.518367	8.174000

66.520922	9.075000

66.523476	9.546000

66.526031	10.340000

66.528585	9.998000

66.531140	10.108000

66.533694	10.797000

66.536249	11.078000

66.538803	10.874000

66.541358	11.223000

66.543912	10.650000

66.546467	11.007000

66.549021	10.578000

66.551576	10.002000

66.554130	9.880000

66.556685	10.109000

66.559239	9.208000

66.561793	6.182000

66.564348	1.617000

66.566902	6.913000

66.569457	9.558000

66.572011	9.274000

66.574566	9.823000

66.577120	10.473000

66.579675	9.560000

66.582229	9.197000

66.584784	10.932000

66.587338	10.098000

66.589893	10.634000

66.592447	10.124000

66.595002	8.433000

66.597556	6.479000

66.600110	5.414000

66.602665	3.452000

66.605219	7.696000

66.607774	8.589000

66.610328	9.011000

66.612883	9.543000

66.615437	9.834000

66.617992	10.688000

66.620546	10.966000

66.623101	10.969000

66.625655	10.027000

66.628210	10.349000

66.630764	9.454000

66.633319	9.625000

66.635873	8.070000

66.638428	7.085000

66.640982	4.734000

66.643536	3.810000

66.646091	2.974000

66.648645	6.968000

66.651200	5.527000

66.653754	8.553000

66.656309	8.490000

66.658863	6.760000

66.661418	2.820000

66.663972	7.993000

66.666527	9.937000

66.669081	9.435000

66.671636	10.127000

66.674190	9.311000

66.676745	9.495000

66.679299	7.624000

66.681853	7.996000

66.684408	6.969000

66.686962	9.076000

66.689517	9.556000

66.692071	9.993000

66.694626	9.694000

66.697180	10.233000

66.699735	9.950000

66.702289	9.524000

66.704844	8.621000

66.707398	8.460000

66.709953	7.074000

66.712507	6.576000

66.715062	9.017000

66.717616	8.989000

66.720171	8.062000

66.722725	7.549000

66.725279	7.818000

66.727834	7.565000

66.730388	8.933000

66.732943	9.540000

66.735497	8.584000

66.738052	5.816000

66.740606	7.376000

66.743161	8.558000

66.745715	9.116000

66.748270	5.253000

66.750824	7.843000

66.753379	7.260000

66.755933	7.151000

66.758488	4.279000

66.761042	9.074000

66.763596	10.034000

66.766151	10.382000

66.768705	9.760000

66.771260	9.684000

66.773814	8.997000

66.776369	9.968000

66.778923	9.517000

66.781478	7.204000

66.784032	5.257000

66.786587	8.580000

66.789141	9.464000

66.791696	9.569000

66.794250	10.427000

66.796805	9.929000

66.799359	10.765000

66.801914	10.318000

66.804468	8.721000

66.807022	7.468000

66.809577	8.996000

66.812131	9.834000

66.814686	10.921000

66.817240	11.470000

66.819795	11.370000

66.822349	11.753000

66.824904	11.986000

66.827458	12.263000

66.830013	12.464000

66.832567	12.213000

66.835122	11.858000

66.837676	11.056000

66.840231	11.251000

66.842785	10.764000

66.845339	10.913000

66.847894	10.900000

66.850448	10.901000

66.853003	10.602000

66.855557	10.261000

66.858112	7.696000

66.860666	5.894000

66.863221	8.001000

66.865775	9.223000

66.868330	9.659000

66.870884	10.542000

66.873439	10.715000

66.875993	10.143000

66.878548	9.465000

66.881102	7.262000

66.883657	8.935000

66.886211	9.561000

66.888765	10.051000

66.891320	9.741000

66.893874	10.041000

66.896429	10.739000

66.898983	10.807000

66.901538	9.949000

66.904092	10.718000

66.906647	10.890000

66.909201	11.386000

66.911756	10.880000

66.914310	10.440000

66.916865	11.144000

66.919419	11.181000

66.921974	11.121000

66.924528	10.965000

66.927082	9.980000

66.929637	8.801000

66.932191	9.052000

66.934746	9.093000

66.937300	7.214000

66.939855	4.650000

66.942409	8.525000

66.944964	8.527000

66.947518	9.808000

66.950073	10.280000

66.952627	10.908000

66.955182	10.223000

66.957736	10.843000

66.960291	11.293000

66.962845	11.665000

66.965400	11.369000

66.967954	10.788000

66.970508	10.537000

66.973063	10.230000

66.975617	10.766000

66.978172	11.225000

66.980726	10.640000

66.983281	10.825000

66.985835	10.494000

66.988390	9.899000

66.990944	10.004000

66.993499	10.241000

66.996053	9.831000

66.998608	9.756000

67.001162	8.305000

67.003717	8.899000

67.006271	8.309000

67.008825	7.148000

67.011380	7.360000

67.013934	5.806000

67.016489	8.166000

67.019043	4.024000

67.021598	8.774000

67.024152	8.002000

67.026707	10.317000

67.029261	10.557000

67.031816	10.932000

67.034370	10.607000

67.036925	10.557000

67.039479	10.020000

67.042034	9.833000

67.044588	8.602000

67.047143	9.824000

67.049697	9.964000

67.052251	9.631000

67.054806	8.305000

67.057360	8.812000

67.059915	8.477000

67.062469	0.000000

67.065024	6.546000

67.067578	7.236000

67.070133	6.940000

67.072687	7.806000

67.075242	7.101000

67.077796	5.132000

67.080351	2.642000

67.082905	3.185000

67.085460	8.681000

67.088014	7.636000

67.090568	9.321000

67.093123	9.608000

67.095677	10.519000

67.098232	10.219000

67.100786	10.770000

67.103341	10.151000

67.105895	10.154000

67.108450	10.343000

67.111004	10.587000

67.113559	10.323000

67.116113	9.936000

67.118668	10.955000

67.121222	11.382000

67.123777	11.538000

67.126331	11.154000

67.128886	10.555000

67.131440	10.332000

67.133994	9.457000

67.136549	8.690000

67.139103	9.398000

67.141658	9.637000

67.144212	7.756000

67.146767	7.604000

67.149321	4.861000

67.151876	7.456000

67.154430	4.517000

67.156985	6.924000

67.159539	3.722000

67.162094	5.076000

67.164648	5.251000

67.167203	7.548000

67.169757	8.277000

67.172311	8.448000

67.174866	9.276000

67.177420	8.822000

67.179975	8.409000

67.182529	9.835000

67.185084	9.922000

67.187638	9.878000

67.190193	9.096000

67.192747	9.479000

67.195302	9.017000

67.197856	7.821000

67.200411	5.775000

67.202965	7.287000

67.205520	7.113000

67.208074	6.228000

67.210629	8.253000

67.213183	7.299000

67.215737	7.448000

67.218292	6.995000

67.220846	6.709000

67.223401	6.199000

67.225955	8.888000

67.228510	10.158000

67.231064	9.616000

67.233619	10.200000

67.236173	9.760000

67.238728	9.614000

67.241282	10.581000

67.243837	10.554000

67.246391	10.221000

67.248946	9.979000

67.251500	11.081000

67.254054	10.824000

67.256609	10.673000

67.259163	10.223000

67.261718	8.855000

67.264272	9.520000

67.266827	9.044000

67.269381	6.649000

67.271936	4.190000

67.274490	6.687000

67.277045	9.063000

67.279599	8.122000

67.282154	7.666000

67.284708	7.494000

67.287263	4.629000

67.289817	6.336000

67.292372	8.649000

67.294926	7.921000

67.297480	8.805000

67.300035	8.697000

67.302589	8.057000

67.305144	8.978000

67.307698	7.820000

67.310253	9.583000

67.312807	9.378000

67.315362	8.264000

67.317916	8.033000

67.320471	8.468000

67.323025	6.995000

67.325580	2.098000

67.328134	7.130000

67.330689	8.238000

67.333243	8.092000

67.335797	7.083000

67.338352	7.785000

67.340906	9.090000

67.343461	9.166000

67.346015	8.083000

67.348570	7.999000

67.351124	6.685000

67.353679	7.662000

67.356233	7.598000

67.358788	8.729000

67.361342	8.857000

67.363897	8.873000

67.366451	9.441000

67.369006	8.493000

67.371560	9.127000

67.374115	9.142000

67.376669	9.315000

67.379223	8.770000

67.381778	7.386000

67.384332	5.185000

67.386887	6.352000

67.389441	8.034000

67.391996	8.406000

67.394550	7.751000

67.397105	8.925000

67.399659	6.866000

67.402214	7.584000

67.404768	8.709000

67.407323	10.287000

67.409877	9.787000

67.412432	10.210000

67.414986	10.283000

67.417540	10.400000

67.420095	9.859000

67.422649	9.678000

67.425204	10.455000

67.427758	11.113000

67.430313	11.232000

67.432867	11.000000

67.435422	11.009000

67.437976	11.260000

67.440531	10.791000

67.443085	10.942000

67.445640	10.520000

67.448194	10.577000

67.450749	10.442000

67.453303	11.052000

67.455858	11.502000

67.458412	11.682000

67.460966	11.468000

67.463521	11.576000

67.466075	11.385000

67.468630	10.948000

67.471184	10.766000

67.473739	10.385000

67.476293	10.691000

67.478848	10.417000

67.481402	9.754000

67.483957	8.588000

67.486511	6.585000

67.489066	8.855000

67.491620	8.843000

67.494175	7.510000

67.496729	6.705000

67.499283	7.946000

67.501838	9.702000

67.504392	9.925000

67.506947	10.400000

67.509501	10.775000

67.512056	10.481000

67.514610	10.817000

67.517165	10.827000

67.519719	10.725000

67.522274	10.429000

67.524828	10.649000

67.527383	10.024000

67.529937	10.388000

67.532492	10.840000

67.535046	11.445000

67.537601	11.547000

67.540155	11.375000

67.542709	11.736000

67.545264	11.737000

67.547818	11.334000

67.550373	11.231000

67.552927	10.886000

67.555482	10.746000

67.558036	10.729000

67.560591	10.044000

67.563145	10.524000

67.565700	10.931000

67.568254	10.495000

67.570809	10.716000

67.573363	10.475000

67.575918	9.817000

67.578472	7.957000

67.581026	5.945000

67.583581	0.000000

67.586135	5.640000

67.588690	6.711000

67.591244	7.159000

67.593799	6.078000

67.596353	4.873000

67.598908	7.444000

67.601462	9.636000

67.604017	8.970000

67.606571	9.845000

67.609126	9.786000

67.611680	10.256000

67.614235	10.193000

67.616789	10.634000

67.619344	9.995000

67.621898	9.924000

67.624452	8.823000

67.627007	9.049000

67.629561	10.397000

67.632116	11.111000

67.634670	10.562000

67.637225	10.268000

67.639779	10.752000

67.642334	10.277000

67.644888	9.222000

67.647443	9.504000

67.649997	9.058000

67.652552	9.361000

67.655106	9.468000

67.657661	9.806000

67.660215	10.098000

67.662769	10.202000

67.665324	9.684000

67.667878	10.162000

67.670433	9.985000

67.672987	9.137000

67.675542	8.752000

67.678096	9.689000

67.680651	10.056000

67.683205	9.919000

67.685760	9.949000

67.688314	9.759000

67.690869	8.973000

67.693423	9.010000

67.695978	8.276000

67.698532	6.723000

67.701087	6.256000

67.703641	5.826000

67.706195	4.789000

67.708750	5.593000

67.711304	4.601000

67.713859	7.077000

67.716413	9.106000

67.718968	6.762000

67.721522	5.088000

67.724077	8.715000

67.726631	4.719000

67.729186	6.097000

67.731740	6.307000

67.734295	6.638000

67.736849	7.478000

67.739404	9.172000

67.741958	9.880000

67.744512	10.656000

67.747067	10.739000

67.749621	11.021000

67.752176	10.339000

67.754730	9.904000

67.757285	9.053000

67.759839	8.884000

67.762394	9.564000

67.764948	10.640000

67.767503	9.423000

67.770057	9.451000

67.772612	10.207000

67.775166	9.547000

67.777721	9.067000

67.780275	9.777000

67.782830	10.410000

67.785384	10.523000

67.787938	9.842000

67.790493	10.076000

67.793047	9.735000

67.795602	10.777000

67.798156	11.436000

67.800711	11.336000

67.803265	11.367000

67.805820	11.698000

67.808374	11.206000

67.810929	11.540000

67.813483	11.540000

67.816038	11.251000

67.818592	11.270000

67.821147	11.053000

67.823701	10.125000

67.826255	9.464000

67.828810	7.752000

67.831364	7.810000

67.833919	5.289000

67.836473	7.135000

67.839028	9.213000

67.841582	10.339000

67.844137	9.462000

67.846691	9.578000

67.849246	9.978000

67.851800	10.122000

67.854355	10.315000

67.856909	9.823000

67.859464	9.963000

67.862018	10.823000

67.864573	9.666000

67.867127	8.833000

67.869681	8.812000

67.872236	9.539000

67.874790	8.536000

67.877345	9.483000

67.879899	8.524000

67.882454	7.836000

67.885008	5.810000

67.887563	3.235000

67.890117	6.457000

67.892672	8.043000

67.895226	8.277000

67.897781	7.675000

67.900335	8.173000

67.902890	8.028000

67.905444	0.000000

67.907998	5.880000

67.910553	3.669000

67.913107	0.407000

67.915662	8.400000

67.918216	4.847000

67.920771	8.436000

67.923325	7.278000

67.925880	8.016000

67.928434	7.532000

67.930989	8.568000

67.933543	7.552000

67.936098	7.922000

67.938652	5.402000

67.941207	3.973000

67.943761	6.618000

67.946316	4.793000

67.948870	0.000000

67.951424	7.226000

67.953979	9.445000

67.956533	10.696000

67.959088	11.267000

67.961642	10.883000

67.964197	11.186000

67.966751	10.589000

67.969306	10.747000

67.971860	11.387000

67.974415	11.500000

67.976969	11.479000

67.979524	11.576000

67.982078	11.460000

67.984633	11.485000

67.987187	11.162000

67.989741	11.725000

67.992296	11.615000

67.994850	11.635000

67.997405	11.363000

67.999959	10.697000

68.002514	10.703000

68.005068	10.974000

68.007623	10.916000

68.010177	10.981000

68.012732	10.904000

68.015286	10.877000

68.017841	10.705000

68.020395	10.473000

68.022950	10.502000

68.025504	9.805000

68.028059	9.054000

68.030613	8.122000

68.033167	5.437000

68.035722	6.053000

68.038276	1.665000

68.040831	0.000000

68.043385	7.050000

68.045940	9.232000

68.048494	10.180000

68.051049	10.479000

68.053603	10.711000

68.056158	10.284000

68.058712	10.720000

68.061267	10.452000

68.063821	10.802000

68.066376	11.247000

68.068930	11.063000

68.071484	10.485000

68.074039	9.810000

68.076593	8.949000

68.079148	9.913000

68.081702	7.966000

68.084257	7.838000

68.086811	6.828000

68.089366	4.440000

68.091920	6.622000

68.094475	6.356000

68.097029	5.708000

68.099584	8.175000

68.102138	6.840000

68.104693	7.938000

68.107247	9.130000

68.109802	8.836000

68.112356	9.143000

68.114910	6.456000

68.117465	0.000000

68.120019	5.626000

68.122574	7.177000

68.125128	8.304000

68.127683	8.832000

68.130237	4.627000

68.132792	8.967000

68.135346	10.242000

68.137901	9.712000

68.140455	9.064000

68.143010	7.682000

68.145564	8.039000

68.148119	8.043000

68.150673	6.938000

68.153228	7.050000

68.155782	0.000000

68.158336	3.484000

68.160891	7.557000

68.163445	5.530000

68.166000	5.828000

68.168554	9.358000

68.171109	9.817000

68.173663	8.190000

68.176218	5.704000

68.178772	7.040000

68.181327	7.278000

68.183881	5.855000

68.186436	7.018000

68.188990	7.579000

68.191545	6.877000

68.194099	8.826000

68.196653	8.812000

68.199208	8.079000

68.201762	7.423000

68.204317	7.268000

68.206871	8.367000

68.209426	6.814000

68.211980	8.915000

68.214535	9.315000

68.217089	9.034000

68.219644	9.054000

68.222198	8.899000

68.224753	9.250000

68.227307	7.960000

68.229862	8.410000

68.232416	8.528000

68.234971	8.381000

68.237525	6.143000

68.240079	3.958000

68.242634	4.651000

68.245188	8.285000

68.247743	2.514000

68.250297	7.893000

68.252852	9.162000

68.255406	9.901000

68.257961	10.390000

68.260515	10.570000

68.263070	10.356000

68.265624	10.757000

68.268179	10.797000

68.270733	10.885000

68.273288	10.519000

68.275842	9.489000

68.278396	10.898000

68.280951	11.233000

68.283505	11.459000

68.286060	11.059000

68.288614	10.959000

68.291169	10.700000

68.293723	9.978000

68.296278	9.952000

68.298832	9.706000

68.301387	9.972000

68.303941	8.796000

68.306496	8.909000

68.309050	6.822000

68.311605	6.144000

68.314159	8.559000

68.316714	9.391000

68.319268	9.239000

68.321822	10.741000

68.324377	11.243000

68.326931	11.560000

68.329486	11.126000

68.332040	11.052000

68.334595	10.698000

68.337149	10.446000

68.339704	10.525000

68.342258	10.988000

68.344813	11.403000

68.347367	10.613000

68.349922	9.506000

68.352476	8.695000

68.355031	6.479000

68.357585	8.567000

68.360139	8.998000

68.362694	10.125000

68.365248	10.441000

68.367803	10.412000

68.370357	10.856000

68.372912	10.602000

68.375466	10.772000

68.378021	10.620000

68.380575	10.535000

68.383130	10.605000

68.385684	11.064000

68.388239	10.591000

68.390793	10.470000

68.393348	10.547000

68.395902	10.570000

68.398457	10.666000

68.401011	9.331000

68.403565	9.401000

68.406120	8.494000

68.408674	8.035000

68.411229	8.135000

68.413783	8.602000

68.416338	9.889000

68.418892	9.846000

68.421447	10.650000

68.424001	11.353000

68.426556	11.409000

68.429110	11.463000

68.431665	12.112000

68.434219	11.952000

68.436774	11.794000

68.439328	11.930000

68.441882	11.945000

68.444437	12.397000

68.446991	12.317000

68.449546	12.208000

68.452100	12.036000

68.454655	11.924000

68.457209	11.746000

68.459764	11.617000

68.462318	11.706000

68.464873	11.519000

68.467427	10.328000

68.469982	10.618000

68.472536	10.152000

68.475091	9.369000

68.477645	9.361000

68.480200	8.206000

68.482754	8.540000

68.485308	9.091000

68.487863	7.935000

68.490417	8.000000

68.492972	8.384000

68.495526	8.530000

68.498081	9.220000

68.500635	9.028000

68.503190	7.544000

68.505744	7.290000

68.508299	8.151000

68.510853	6.772000

68.513408	9.026000

68.515962	9.854000

68.518517	9.805000

68.521071	9.909000

68.523625	9.612000

68.526180	10.630000

68.528734	10.936000

68.531289	10.898000

68.533843	10.692000

68.536398	10.291000

68.538952	9.529000

68.541507	8.829000

68.544061	8.953000

68.546616	9.398000

68.549170	8.051000

68.551725	7.956000

68.554279	8.056000

68.556834	4.940000

68.559388	6.957000

68.561943	6.219000

68.564497	8.276000

68.567051	7.801000

68.569606	6.555000

68.572160	8.329000

68.574715	9.534000

68.577269	8.826000

68.579824	9.585000

68.582378	8.494000

68.584933	9.323000

68.587487	8.744000

68.590042	8.138000

68.592596	8.285000

68.595151	7.258000

68.597705	2.939000

68.600260	3.488000

68.602814	7.760000

68.605368	8.423000

68.607923	10.164000

68.610477	9.402000

68.613032	8.000000

68.615586	8.383000

68.618141	9.293000

68.620695	8.684000

68.623250	9.148000

68.625804	4.961000

68.628359	7.242000

68.630913	8.774000

68.633468	8.398000

68.636022	7.042000

68.638577	9.011000

68.641131	8.167000

68.643686	9.043000

68.646240	10.207000

68.648794	10.477000

68.651349	10.558000

68.653903	10.733000

68.656458	10.146000

68.659012	10.381000

68.661567	10.370000

68.664121	10.520000

68.666676	10.282000

68.669230	10.301000

68.671785	9.635000

68.674339	8.987000

68.676894	8.644000

68.679448	9.145000

68.682003	5.725000

68.684557	7.806000

68.687111	5.460000

68.689666	6.773000

68.692220	6.391000

68.694775	6.868000

68.697329	5.502000

68.699884	3.390000

68.702438	7.863000

68.704993	8.497000

68.707547	8.640000

68.710102	5.775000

68.712656	4.026000

68.715211	3.963000

68.717765	4.234000

68.720320	6.861000

68.722874	5.643000

68.725429	4.761000

68.727983	7.613000

68.730537	8.612000

68.733092	7.458000

68.735646	8.812000

68.738201	8.768000

68.740755	9.104000

68.743310	6.372000

68.745864	7.475000

68.748419	7.637000

68.750973	0.980000

68.753528	3.298000

68.756082	2.872000

68.758637	5.355000

68.761191	7.076000

68.763746	7.969000

68.766300	9.289000

68.768854	9.690000

68.771409	9.315000

68.773963	9.621000

68.776518	8.873000

68.779072	7.860000

68.781627	8.145000

68.784181	5.851000

68.786736	8.486000

68.789290	9.105000

68.791845	9.602000

68.794399	8.771000

68.796954	6.643000

68.799508	7.148000

68.802063	9.048000

68.804617	9.805000

68.807172	9.847000

68.809726	9.744000

68.812280	8.955000

68.814835	9.141000

68.817389	9.377000

68.819944	9.530000

68.822498	9.768000

68.825053	9.577000

68.827607	8.988000

68.830162	8.571000

68.832716	4.743000

68.835271	6.966000

68.837825	6.679000

68.840380	8.188000

68.842934	7.793000

68.845489	6.636000

68.848043	4.435000

68.850597	2.552000

68.853152	6.987000

68.855706	9.507000

68.858261	9.174000

68.860815	7.593000

68.863370	5.908000

68.865924	7.686000

68.868479	9.606000

68.871033	10.040000

68.873588	9.491000

68.876142	9.877000

68.878697	10.053000

68.881251	9.997000

68.883806	9.688000

68.886360	9.405000

68.888915	9.541000

68.891469	9.890000

68.894023	9.026000

68.896578	6.915000

68.899132	6.658000

68.901687	7.432000

68.904241	7.882000

68.906796	6.371000

68.909350	5.184000

68.911905	0.644000

68.914459	7.212000

68.917014	1.784000

68.919568	7.366000

68.922123	4.108000

68.924677	4.245000

68.927232	7.150000

68.929786	4.747000

68.932340	6.964000

68.934895	6.288000

68.937449	6.110000

68.940004	5.044000

68.942558	8.825000

68.945113	9.285000

68.947667	8.411000

68.950222	9.897000

68.952776	9.068000

68.955331	6.299000

68.957885	4.359000

68.960440	2.858000

68.962994	3.258000

68.965549	6.843000

68.968103	4.890000

68.970658	5.218000

68.973212	8.584000

68.975766	8.981000

68.978321	9.736000

68.980875	9.750000

68.983430	9.554000

68.985984	10.423000

68.988539	10.374000

68.991093	10.224000

68.993648	11.131000

68.996202	11.139000

68.998757	11.060000

69.001311	11.094000

69.003866	11.141000

69.006420	11.044000

69.008975	11.337000

69.011529	11.532000

69.014083	11.063000

69.016638	10.932000

69.019192	11.077000

69.021747	10.633000

69.024301	9.666000

69.026856	9.803000

69.029410	8.410000

69.031965	5.669000

69.034519	8.007000

69.037074	8.395000

69.039628	7.849000

69.042183	6.481000

69.044737	6.007000

69.047292	8.169000

69.049846	8.450000

69.052401	1.644000

69.054955	4.942000

69.057509	8.419000

69.060064	7.589000

69.062618	1.892000

69.065173	7.690000

69.067727	8.829000

69.070282	8.725000

69.072836	9.683000

69.075391	9.372000

69.077945	8.076000

69.080500	2.332000

69.083054	5.561000

69.085609	6.911000

69.088163	7.226000

69.090718	8.691000

69.093272	9.796000

69.095826	8.312000

69.098381	9.191000

69.100935	10.908000

69.103490	10.586000

69.106044	10.467000

69.108599	10.713000

69.111153	10.642000

69.113708	10.665000

69.116262	11.035000

69.118817	10.278000

69.121371	9.297000

69.123926	7.744000

69.126480	7.217000

69.129035	8.154000

69.131589	8.619000

69.134144	8.740000

69.136698	7.978000

69.139252	8.989000

69.141807	7.722000

69.144361	5.468000

69.146916	7.048000

69.149470	5.608000

69.152025	4.465000

69.154579	5.600000

69.157134	9.383000

69.159688	10.516000

69.162243	10.128000

69.164797	9.290000

69.167352	7.550000

69.169906	7.485000

69.172461	7.586000

69.175015	6.093000

69.177569	3.359000

69.180124	0.686000

69.182678	7.708000

69.185233	8.124000

69.187787	9.982000

69.190342	10.921000

69.192896	10.756000

69.195451	11.318000

69.198005	11.485000

69.200560	11.957000

69.203114	12.098000

69.205669	11.856000

69.208223	11.702000

69.210778	11.704000

69.213332	11.584000

69.215887	10.686000

69.218441	10.858000

69.220995	11.120000

69.223550	10.662000

69.226104	10.076000

69.228659	9.988000

69.231213	7.065000

69.233768	2.860000

69.236322	5.747000

69.238877	7.211000

69.241431	7.033000

69.243986	8.349000

69.246540	4.106000

69.249095	3.003000

69.251649	7.161000

69.254204	7.484000

69.256758	8.650000

69.259312	7.853000

69.261867	7.910000

69.264421	7.449000

69.266976	9.251000

69.269530	10.357000

69.272085	10.715000

69.274639	10.902000

69.277194	11.362000

69.279748	11.242000

69.282303	11.414000

69.284857	10.853000

69.287412	11.073000

69.289966	10.469000

69.292521	10.322000

69.295075	8.950000

69.297630	6.757000

69.300184	3.482000

69.302738	7.720000

69.305293	8.059000

69.307847	8.887000

69.310402	8.542000

69.312956	2.063000

69.315511	5.897000

69.318065	5.623000

69.320620	2.837000

69.323174	8.036000

69.325729	8.112000

69.328283	8.443000

69.330838	9.125000

69.333392	9.453000

69.335947	9.789000

69.338501	10.190000

69.341055	9.398000

69.343610	9.461000

69.346164	8.148000

69.348719	8.993000

69.351273	6.722000

69.353828	5.418000

69.356382	7.655000

69.358937	8.732000

69.361491	6.857000

69.364046	7.240000

69.366600	8.965000

69.369155	7.899000

69.371709	7.064000

69.374264	7.399000

69.376818	6.370000

69.379373	7.606000

69.381927	8.557000

69.384481	5.186000

69.387036	6.062000

69.389590	2.952000

69.392145	6.113000

69.394699	7.142000

69.397254	6.300000

69.399808	4.178000

69.402363	8.810000

69.404917	8.496000

69.407472	9.923000

69.410026	10.060000

69.412581	9.804000

69.415135	9.418000

69.417690	9.550000

69.420244	9.780000

69.422798	9.769000

69.425353	8.723000

69.427907	9.015000

69.430462	8.874000

69.433016	9.496000

69.435571	9.025000

69.438125	9.360000

69.440680	8.989000

69.443234	8.924000

69.445789	8.321000

69.448343	8.522000

69.450898	8.019000

69.453452	6.281000

69.456007	6.908000

69.458561	5.242000

69.461116	4.310000

69.463670	7.732000

69.466224	6.341000

69.468779	7.562000

69.471333	7.982000

69.473888	8.159000

69.476442	8.923000

69.478997	8.584000

69.481551	2.385000

69.484106	6.335000

69.486660	8.105000

69.489215	5.782000

69.491769	4.864000

69.494324	8.589000

69.496878	6.359000

69.499433	7.620000

69.501987	5.542000

69.504541	6.338000

69.507096	8.283000

69.509650	7.746000

69.512205	8.339000

69.514759	8.119000

69.517314	8.562000

69.519868	10.279000

69.522423	10.741000

69.524977	10.731000

69.527532	11.217000

69.530086	11.185000

69.532641	11.024000

69.535195	10.995000

69.537750	9.854000

69.540304	10.208000

69.542859	10.059000

69.545413	10.147000

69.547967	8.773000

69.550522	9.535000

69.553076	9.896000

69.555631	10.110000

69.558185	10.905000

69.560740	11.030000

69.563294	10.752000

69.565849	9.311000

69.568403	7.310000

69.570958	6.570000

69.573512	7.387000

69.576067	3.642000

69.578621	8.252000

69.581176	9.401000

69.583730	8.837000

69.586284	9.786000

69.588839	9.425000

69.591393	10.050000

69.593948	9.498000

69.596502	8.466000

69.599057	8.783000

69.601611	0.000000

69.604166	3.060000

69.606720	5.925000

69.609275	6.416000

69.611829	9.256000

69.614384	8.468000

69.616938	8.896000

69.619493	5.580000

69.622047	7.310000

69.624602	8.369000

69.627156	9.310000

69.629710	10.413000

69.632265	10.670000

69.634819	10.494000

69.637374	10.918000

69.639928	10.593000

69.642483	10.792000

69.645037	10.516000

69.647592	10.822000

69.650146	11.560000

69.652701	11.974000

69.655255	11.978000

69.657810	12.089000

69.660364	11.897000

69.662919	11.692000

69.665473	11.663000

69.668027	11.427000

69.670582	11.660000

69.673136	10.927000

69.675691	10.391000

69.678245	10.945000

69.680800	10.121000

69.683354	9.547000

69.685909	8.955000

69.688463	7.851000

69.691018	7.012000

69.693572	0.000000

69.696127	8.249000

69.698681	6.265000

69.701236	8.024000

69.703790	2.992000

69.706345	2.838000

69.708899	3.210000

69.711453	7.497000

69.714008	8.030000

69.716562	3.721000

69.719117	5.520000

69.721671	7.363000

69.724226	7.221000

69.726780	4.755000

69.729335	7.959000

69.731889	9.201000

69.734444	9.358000

69.736998	9.343000

69.739553	9.376000

69.742107	9.813000

69.744662	7.949000

69.747216	0.253000

69.749770	5.761000

69.752325	0.568000

69.754879	5.942000

69.757434	5.948000

69.759988	7.332000

69.762543	5.206000

69.765097	7.742000

69.767652	3.529000

69.770206	4.738000

69.772761	7.536000

69.775315	7.736000

69.777870	6.663000

69.780424	8.637000

69.782979	7.877000

69.785533	9.425000

69.788088	8.922000

69.790642	8.652000

69.793196	7.010000

69.795751	8.211000

69.798305	7.677000

69.800860	8.231000

69.803414	3.310000

69.805969	5.380000

69.808523	6.526000

69.811078	0.754000

69.813632	4.689000

69.816187	4.939000

69.818741	1.932000

69.821296	8.335000

69.823850	9.556000

69.826405	10.545000

69.828959	10.399000

69.831513	9.845000

69.834068	10.202000

69.836622	10.789000

69.839177	10.502000

69.841731	10.729000

69.844286	10.735000

69.846840	11.538000

69.849395	11.967000

69.851949	12.055000

69.854504	11.925000

69.857058	12.027000

69.859613	11.962000

69.862167	11.748000

69.864722	11.376000

69.867276	10.312000

69.869831	9.643000

69.872385	9.281000

69.874939	10.051000

69.877494	7.722000

69.880048	7.192000

69.882603	6.074000

69.885157	6.818000

69.887712	8.274000

69.890266	6.939000

69.892821	6.279000

69.895375	6.705000

69.897930	7.424000

69.900484	8.586000

69.903039	8.570000

69.905593	8.215000

69.908148	8.633000

69.910702	9.976000

69.913257	10.471000

69.915811	10.141000

69.918365	9.890000

69.920920	10.669000

69.923474	10.537000

69.926029	10.989000

69.928583	11.135000

69.931138	10.778000

69.933692	9.918000

69.936247	7.266000

69.938801	3.117000

69.941356	4.981000

69.943910	8.323000

69.946465	7.787000

69.949019	6.985000

69.951574	8.322000

69.954128	0.000000

69.956682	7.652000

69.959237	5.777000

69.961791	4.822000

69.964346	8.015000

69.966900	8.606000

69.969455	8.669000

69.972009	8.165000

69.974564	8.056000

69.977118	7.593000

69.979673	9.138000

69.982227	9.317000

69.984782	9.527000

69.987336	8.698000

69.989891	9.538000

69.992445	10.248000

69.995000	10.076000

69.997554	9.830000

70.000108	9.626000

70.002663	10.297000

70.005217	9.922000

70.007772	9.972000

70.010326	6.957000

70.012881	7.690000

70.015435	9.177000

70.017990	8.968000

70.020544	8.736000

70.023099	6.814000

70.025653	7.741000

70.028208	8.979000

70.030762	7.069000

70.033317	8.309000

70.035871	8.307000

70.038425	3.377000

70.040980	3.932000

70.043534	6.138000

70.046089	6.059000

70.048643	5.900000

70.051198	6.642000

70.053752	6.723000

70.056307	4.809000

70.058861	4.101000

70.061416	4.864000

70.063970	0.876000

70.066525	6.150000

70.069079	2.714000

70.071634	5.464000

70.074188	7.355000

70.076743	8.303000

70.079297	7.232000

70.081851	8.327000

70.084406	7.533000

70.086960	5.312000

70.089515	7.882000

70.092069	6.141000

70.094624	7.299000

70.097178	7.327000

70.099733	1.289000

70.102287	1.048000

70.104842	2.083000

70.107396	1.719000

70.109951	3.489000

70.112505	5.818000

70.115060	6.119000

70.117614	7.052000

70.120168	10.282000

70.122723	10.806000

70.125277	11.145000

70.127832	10.873000

70.130386	10.483000

70.132941	9.396000

70.135495	9.003000

70.138050	9.428000

70.140604	9.872000

70.143159	10.282000

70.145713	9.979000

70.148268	10.340000

70.150822	10.064000

70.153377	9.937000

70.155931	10.116000

70.158486	9.985000

70.161040	9.603000

70.163594	7.984000

70.166149	5.071000

70.168703	5.233000

70.171258	3.093000

70.173812	5.660000

70.176367	3.219000

70.178921	5.634000

70.181476	8.795000

70.184030	9.281000

70.186585	9.403000

70.189139	10.380000

70.191694	10.310000

70.194248	10.956000

70.196803	10.801000

70.199357	10.850000

70.201911	10.892000

70.204466	11.102000

70.207020	10.991000

70.209575	11.022000

70.212129	10.653000

70.214684	9.713000

70.217238	9.975000

70.219793	9.760000

70.222347	10.089000

70.224902	9.240000

70.227456	9.197000

70.230011	8.238000

70.232565	7.069000

70.235120	7.719000

70.237674	9.596000

70.240229	8.469000

70.242783	8.307000

70.245337	6.940000

70.247892	7.985000

70.250446	7.438000

70.253001	7.911000

70.255555	9.455000

70.258110	9.495000

70.260664	10.375000

70.263219	9.969000

70.265773	9.334000

70.268328	9.352000

70.270882	10.058000

70.273437	9.766000

70.275991	10.424000

70.278546	8.907000

70.281100	6.312000

70.283654	8.494000

70.286209	10.204000

70.288763	10.444000

70.291318	10.419000

70.293872	10.779000

70.296427	10.857000

70.298981	10.371000

70.301536	8.746000

70.304090	6.016000

70.306645	2.358000

70.309199	9.155000

70.311754	8.649000

70.314308	7.541000

70.316863	8.014000

70.319417	5.829000

70.321972	5.592000

70.324526	8.048000

70.327080	8.785000

70.329635	10.248000

70.332189	10.667000

70.334744	10.984000

70.337298	10.900000

70.339853	11.236000

70.342407	10.989000

70.344962	10.798000

70.347516	11.306000

70.350071	11.185000

70.352625	11.576000

70.355180	11.316000

70.357734	10.631000

70.360289	9.808000

70.362843	7.704000

70.365397	6.420000

70.367952	6.227000

70.370506	4.368000

70.373061	5.785000

70.375615	0.000000

70.378170	7.001000

70.380724	5.404000

70.383279	4.578000

70.385833	6.112000

70.388388	4.347000

70.390942	7.738000

70.393497	8.301000

70.396051	9.137000

70.398606	8.876000

70.401160	8.104000

70.403715	5.591000

70.406269	7.907000

70.408823	7.976000

70.411378	6.378000

70.413932	5.384000

70.416487	5.758000

70.419041	7.268000

70.421596	6.778000

70.424150	8.170000

70.426705	9.051000

70.429259	8.895000

70.431814	9.587000

70.434368	9.706000

70.436923	8.756000

70.439477	6.831000

70.442032	4.487000

70.444586	7.208000

70.447140	6.042000

70.449695	7.681000

70.452249	8.066000

70.454804	5.061000

70.457358	5.060000

70.459913	7.024000

70.462467	8.486000

70.465022	9.208000

70.467576	9.594000

70.470131	10.393000

70.472685	10.584000

70.475240	9.757000

70.477794	9.791000

70.480349	10.236000

70.482903	9.709000

70.485458	8.998000

70.488012	9.176000

70.490566	9.277000

70.493121	9.089000

70.495675	8.934000

70.498230	9.680000

70.500784	9.401000

70.503339	8.905000

70.505893	4.501000

70.508448	3.438000

70.511002	8.469000

70.513557	4.893000

70.516111	4.398000

70.518666	9.440000

70.521220	9.263000

70.523775	3.560000

70.526329	8.536000

70.528883	6.941000

70.531438	3.820000

70.533992	6.721000

70.536547	5.899000

70.539101	8.540000

70.541656	6.400000

70.544210	4.808000

70.546765	4.536000

70.549319	9.440000

70.551874	8.771000

70.554428	7.825000

70.556983	8.494000

70.559537	9.275000

70.562092	9.807000

70.564646	8.874000

70.567201	9.950000

70.569755	9.826000

70.572309	10.690000

70.574864	10.986000

70.577418	10.749000

70.579973	11.397000

70.582527	10.904000

70.585082	10.939000

70.587636	11.601000

70.590191	11.986000

70.592745	12.022000

70.595300	11.869000

70.597854	11.578000

70.600409	11.729000

70.602963	11.159000

70.605518	10.721000

70.608072	11.173000

70.610626	11.318000

70.613181	11.207000

70.615735	11.339000

70.618290	11.275000

70.620844	11.074000

70.623399	9.160000

70.625953	9.737000

70.628508	9.600000

70.631062	9.318000

70.633617	4.456000

70.636171	8.064000

70.638726	4.332000

70.641280	6.129000

70.643835	5.383000

70.646389	3.532000

70.648944	6.693000

70.651498	2.197000

70.654052	5.878000

70.656607	0.000000

70.659161	2.696000

70.661716	0.397000

70.664270	3.491000

70.666825	6.083000

70.669379	7.656000

70.671934	7.504000

70.674488	8.248000

70.677043	5.928000

70.679597	5.462000

70.682152	3.876000

70.684706	7.262000

70.687261	7.901000

70.689815	8.736000

70.692369	9.774000

70.694924	9.116000

70.697478	9.510000

70.700033	10.189000

70.702587	9.732000

70.705142	9.116000

70.707696	9.577000

70.710251	10.565000

70.712805	10.654000

70.715360	10.886000

70.717914	10.965000

70.720469	11.070000

70.723023	10.996000

70.725578	11.017000

70.728132	10.099000

70.730687	10.664000

70.733241	10.558000

70.735795	10.253000

70.738350	10.769000

70.740904	9.260000

70.743459	7.812000

70.746013	8.477000

70.748568	8.899000

70.751122	8.198000

70.753677	5.123000

70.756231	8.613000

70.758786	8.228000

70.761340	8.689000

70.763895	9.537000

70.766449	9.383000

70.769004	8.720000

70.771558	8.845000

70.774112	6.311000

70.776667	4.354000

70.779221	3.864000

70.781776	4.916000

70.784330	7.133000

70.786885	7.193000

70.789439	6.126000

70.791994	4.545000

70.794548	6.903000

70.797103	5.381000

70.799657	8.572000

70.802212	8.000000

70.804766	8.729000

70.807321	9.882000

70.809875	10.472000

70.812430	10.599000

70.814984	10.531000

70.817538	9.867000

70.820093	9.761000

70.822647	8.855000

70.825202	9.547000

70.827756	9.074000

70.830311	10.289000

70.832865	10.409000

70.835420	8.840000

70.837974	8.014000

70.840529	8.387000

70.843083	2.888000

70.845638	3.877000

70.848192	7.769000

70.850747	8.258000

70.853301	3.410000

70.855855	0.000000

70.858410	7.059000

70.860964	3.108000

70.863519	6.917000

70.866073	6.609000

70.868628	6.889000

70.871182	5.227000

70.873737	4.371000

70.876291	7.013000

70.878846	9.530000

70.881400	9.707000

70.883955	9.844000

70.886509	10.558000

70.889064	11.272000

70.891618	10.831000

70.894173	10.277000

70.896727	9.977000

70.899281	9.557000

70.901836	9.905000

70.904390	10.586000

70.906945	10.942000

70.909499	10.896000

70.912054	11.366000

70.914608	11.760000

70.917163	11.035000

70.919717	10.915000

70.922272	10.706000

70.924826	10.904000

70.927381	10.639000

70.929935	10.896000

70.932490	10.586000

70.935044	10.776000

70.937598	10.860000

70.940153	11.212000

70.942707	10.958000

70.945262	11.297000

70.947816	10.514000

70.950371	11.101000

70.952925	11.639000

70.955480	11.166000

70.958034	10.159000

70.960589	10.810000

70.963143	10.499000

70.965698	9.589000

70.968252	7.686000

70.970807	8.860000

70.973361	9.082000

70.975916	7.922000

70.978470	7.720000

70.981024	8.970000

70.983579	9.016000

70.986133	9.976000

70.988688	9.953000

70.991242	10.999000

70.993797	10.914000

70.996351	9.966000

70.998906	9.152000

71.001460	9.612000

71.004015	9.773000

71.006569	9.893000

71.009124	10.804000

71.011678	11.412000

71.014233	10.909000

71.016787	10.744000

71.019341	11.031000

71.021896	10.790000

71.024450	10.432000

71.027005	10.460000

71.029559	9.957000

71.032114	8.385000

71.034668	8.066000

71.037223	6.253000

71.039777	8.698000

71.042332	9.917000

71.044886	8.543000

71.047441	7.724000

71.049995	7.065000

71.052550	8.624000

71.055104	7.882000

71.057659	5.678000

71.060213	6.224000

71.062767	7.036000

71.065322	5.627000

71.067876	7.970000

71.070431	9.041000

71.072985	6.940000

71.075540	4.286000

71.078094	6.740000

71.080649	8.116000

71.083203	9.561000

71.085758	8.843000

71.088312	5.768000

71.090867	7.512000

71.093421	7.795000

71.095976	10.402000

71.098530	9.714000

71.101084	8.837000

71.103639	5.509000

71.106193	6.359000

71.108748	8.383000

71.111302	9.267000

71.113857	10.388000

71.116411	9.503000

71.118966	7.187000

71.121520	0.000000

71.124075	5.832000

71.126629	8.272000

71.129184	6.531000

71.131738	8.398000

71.134293	9.259000

71.136847	8.671000

71.139402	10.063000

71.141956	10.559000

71.144510	10.492000

71.147065	9.771000

71.149619	10.527000

71.152174	10.954000

71.154728	10.837000

71.157283	11.046000

71.159837	11.290000

71.162392	10.532000

71.164946	10.410000

71.167501	10.988000

71.170055	11.336000

71.172610	11.599000

71.175164	11.271000

71.177719	11.080000

71.180273	10.864000

71.182827	10.303000

71.185382	9.872000

71.187936	10.146000

71.190491	9.744000

71.193045	8.659000

71.195600	7.808000

71.198154	8.473000

71.200709	9.097000

71.203263	8.375000

71.205818	8.497000

71.208372	8.715000

71.210927	7.736000

71.213481	5.795000

71.216036	6.893000

71.218590	6.848000

71.221145	4.676000

71.223699	4.607000

71.226253	5.751000

71.228808	6.226000

71.231362	5.980000

71.233917	8.306000

71.236471	9.428000

71.239026	8.628000

71.241580	8.117000

71.244135	7.684000

71.246689	5.516000

71.249244	7.773000

71.251798	2.965000

71.254353	6.943000

71.256907	6.362000

71.259462	6.381000

71.262016	8.476000

71.264570	6.420000

71.267125	8.447000

71.269679	5.810000

71.272234	3.452000

71.274788	8.553000

71.277343	9.246000

71.279897	9.740000

71.282452	9.164000

71.285006	8.639000

71.287561	8.660000

71.290115	7.681000

71.292670	9.149000

71.295224	9.077000

71.297779	7.569000

71.300333	7.496000

71.302888	4.682000

71.305442	6.392000

71.307996	7.655000

71.310551	8.797000

71.313105	7.348000

71.315660	6.176000

71.318214	5.058000

71.320769	7.557000

71.323323	9.120000

71.325878	8.362000

71.328432	9.139000

71.330987	9.427000

71.333541	9.983000

71.336096	9.138000

71.338650	9.699000

71.341205	9.662000

71.343759	9.925000

71.346313	10.713000

71.348868	10.660000

71.351422	10.379000

71.353977	10.059000

71.356531	9.220000

71.359086	10.706000

71.361640	10.875000

71.364195	9.116000

71.366749	8.550000

71.369304	8.930000

71.371858	5.713000

71.374413	4.732000

71.376967	5.874000

71.379522	4.219000

71.382076	7.917000

71.384631	8.862000

71.387185	9.294000

71.389739	9.799000

71.392294	9.154000

71.394848	8.324000

71.397403	9.379000

71.399957	8.790000

71.402512	10.333000

71.405066	10.325000

71.407621	10.033000

71.410175	11.006000

71.412730	11.095000

71.415284	9.675000

71.417839	10.140000

71.420393	9.383000

71.422948	8.935000

71.425502	8.984000

71.428056	8.572000

71.430611	9.109000

71.433165	8.249000

71.435720	8.640000

71.438274	9.626000

71.440829	8.439000

71.443383	7.968000

71.445938	8.142000

71.448492	9.203000

71.451047	9.199000

71.453601	5.309000

71.456156	7.266000

71.458710	8.861000

71.461265	7.749000

71.463819	7.792000

71.466374	6.040000

71.468928	6.318000

71.471482	7.917000

71.474037	8.572000

71.476591	8.147000

71.479146	8.490000

71.481700	8.961000

71.484255	8.976000

71.486809	8.590000

71.489364	7.637000

71.491918	8.497000

71.494473	9.250000

71.497027	8.120000

71.499582	9.528000

71.502136	9.786000

71.504691	8.955000

71.507245	8.978000

71.509799	3.777000

71.512354	3.259000

71.514908	5.909000

71.517463	3.517000

71.520017	5.727000

71.522572	7.556000

71.525126	8.017000

71.527681	8.953000

71.530235	8.116000

71.532790	6.730000

71.535344	6.247000

71.537899	8.097000

71.540453	7.308000

71.543008	6.687000

71.545562	7.242000

71.548117	2.831000

71.550671	7.297000

71.553225	6.748000

71.555780	7.227000

71.558334	5.578000

71.560889	5.698000

71.563443	5.801000

71.565998	7.688000

71.568552	8.737000

71.571107	8.395000

71.573661	6.671000

71.576216	7.832000

71.578770	9.338000

71.581325	8.841000

71.583879	7.848000

71.586434	2.909000

71.588988	4.647000

71.591543	6.483000

71.594097	6.519000

71.596651	8.004000

71.599206	7.941000

71.601760	8.921000

71.604315	7.296000

71.606869	7.825000

71.609424	8.230000

71.611978	9.722000

71.614533	9.277000

71.617087	9.024000

71.619642	10.389000

71.622196	11.080000

71.624751	10.086000

71.627305	9.006000

71.629860	9.555000

71.632414	9.405000

71.634968	9.011000

71.637523	9.264000

71.640077	5.816000

71.642632	6.271000

71.645186	5.759000

71.647741	1.520000

71.650295	5.118000

71.652850	5.095000

71.655404	4.075000

71.657959	5.880000

71.660513	6.093000

71.663068	7.335000

71.665622	9.112000

71.668177	9.190000

71.670731	9.180000

71.673286	9.729000

71.675840	9.111000

71.678394	8.832000

71.680949	9.105000

71.683503	8.706000

71.686058	9.442000

71.688612	10.287000

71.691167	10.471000

71.693721	10.298000

71.696276	9.735000

71.698830	9.930000

71.701385	10.173000

71.703939	10.240000

71.706494	10.967000

71.709048	10.316000

71.711603	9.581000

71.714157	7.947000

71.716711	6.590000

71.719266	6.506000

71.721820	6.623000

71.724375	5.635000

71.726929	2.194000

71.729484	8.250000

71.732038	9.520000

71.734593	9.913000

71.737147	10.456000

71.739702	10.379000

71.742256	10.419000

71.744811	10.710000

71.747365	10.992000

71.749920	11.267000

71.752474	11.292000

71.755029	11.154000

71.757583	10.596000

71.760137	9.947000

71.762692	10.154000

71.765246	9.803000

71.767801	6.716000

71.770355	3.628000

71.772910	7.493000

71.775464	6.971000

71.778019	6.675000

71.780573	9.126000

71.783128	9.011000

71.785682	9.062000

71.788237	8.852000

71.790791	9.869000

71.793346	9.374000

71.795900	10.004000

71.798454	9.624000

71.801009	8.053000

71.803563	8.517000

71.806118	5.522000

71.808672	8.386000

71.811227	5.664000

71.813781	5.176000

71.816336	0.000000

71.818890	7.097000

71.821445	6.263000

71.823999	7.859000

71.826554	7.965000

71.829108	5.082000

71.831663	7.284000

71.834217	9.232000

71.836772	9.287000

71.839326	9.997000

71.841880	10.321000

71.844435	10.299000

71.846989	10.510000

71.849544	9.069000

71.852098	10.131000

71.854653	10.374000

71.857207	11.153000

71.859762	10.896000

71.862316	10.217000

71.864871	10.271000

71.867425	9.516000

71.869980	8.781000

71.872534	9.515000

71.875089	8.440000

71.877643	2.807000

71.880197	0.322000

71.882752	5.656000

71.885306	8.065000

71.887861	8.249000

71.890415	9.052000

71.892970	9.589000

71.895524	10.418000

71.898079	10.427000

71.900633	10.052000

71.903188	8.901000

71.905742	8.333000

71.908297	6.310000

71.910851	5.379000

71.913406	2.285000

71.915960	6.556000

71.918515	3.314000

71.921069	7.765000

71.923623	3.169000

71.926178	8.524000

71.928732	3.761000

71.931287	6.170000

71.933841	3.576000

71.936396	6.404000

71.938950	8.437000

71.941505	8.102000

71.944059	7.351000

71.946614	7.613000

71.949168	7.864000

71.951723	6.359000

71.954277	4.018000

71.956832	7.804000

71.959386	9.260000

71.961940	8.572000

71.964495	8.066000

71.967049	8.496000

71.969604	9.476000

71.972158	7.009000

71.974713	4.348000

71.977267	5.074000

71.979822	4.486000

71.982376	0.000000

71.984931	5.488000

71.987485	8.602000

71.990040	10.016000

71.992594	10.085000

71.995149	8.008000

71.997703	9.600000

72.000258	10.175000

72.002812	10.289000

72.005366	9.769000

72.007921	10.112000

72.010475	10.280000

72.013030	10.787000

72.015584	10.394000

72.018139	9.517000

72.020693	9.280000

72.023248	9.045000

72.025802	9.806000

72.028357	9.692000

72.030911	9.444000

72.033466	8.809000

72.036020	8.958000

72.038575	9.997000

72.041129	9.452000

72.043683	9.739000

72.046238	9.938000

72.048792	10.703000

72.051347	10.354000

72.053901	8.212000

72.056456	7.210000

72.059010	5.157000

72.061565	7.415000

72.064119	5.948000

72.066674	5.947000

72.069228	5.685000

72.071783	5.398000

72.074337	7.872000

72.076892	8.831000

72.079446	9.066000

72.082001	8.603000

72.084555	10.000000

72.087109	10.363000

72.089664	10.709000

72.092218	10.673000

72.094773	10.532000

72.097327	9.498000

72.099882	9.222000

72.102436	9.484000

72.104991	9.655000

72.107545	8.248000

72.110100	9.336000

72.112654	9.590000

72.115209	8.842000

72.117763	7.179000

72.120318	1.185000

72.122872	5.101000

72.125426	7.970000

72.127981	5.132000

72.130535	3.306000

72.133090	2.377000

72.135644	8.386000

72.138199	9.313000

72.140753	10.415000

72.143308	9.840000

72.145862	10.288000

72.148417	9.693000

72.150971	9.738000

72.153526	10.258000

72.156080	9.881000

72.158635	9.383000

72.161189	6.414000

72.163744	5.861000

72.166298	5.441000

72.168852	7.382000

72.171407	7.903000

72.173961	8.429000

72.176516	8.936000

72.179070	4.877000

72.181625	7.377000

72.184179	8.628000

72.186734	9.042000

72.189288	9.456000

72.191843	8.228000

72.194397	8.570000

72.196952	6.635000

72.199506	3.808000

72.202061	3.202000

72.204615	8.206000

72.207169	8.939000

72.209724	8.975000

72.212278	8.135000

72.214833	7.141000

72.217387	6.922000

72.219942	8.840000

72.222496	9.253000

72.225051	9.807000

72.227605	9.428000

72.230160	10.168000

72.232714	9.840000

72.235269	9.695000

72.237823	9.191000

72.240378	7.962000

72.242932	6.492000

72.245487	7.983000

72.248041	8.380000

72.250595	8.936000

72.253150	7.724000

72.255704	7.694000

72.258259	7.706000

72.260813	5.225000

72.263368	7.983000

72.265922	8.431000

72.268477	9.156000

72.271031	8.881000

72.273586	9.038000

72.276140	7.267000

72.278695	4.425000

72.281249	0.155000

72.283804	7.488000

72.286358	8.212000

72.288912	7.872000

72.291467	6.168000

72.294021	6.895000

72.296576	8.587000

72.299130	9.908000

72.301685	10.512000

72.304239	10.423000

72.306794	10.568000

72.309348	10.643000

72.311903	11.008000

72.314457	10.537000

72.317012	9.815000

72.319566	9.283000

72.322121	8.376000

72.324675	8.381000

72.327230	5.821000

72.329784	4.049000

72.332338	3.682000

72.334893	2.984000

72.337447	8.113000

72.340002	8.836000

72.342556	9.796000

72.345111	10.232000

72.347665	9.716000

72.350220	8.822000

72.352774	8.461000

72.355329	8.233000

72.357883	6.779000

72.360438	4.677000

72.362992	4.991000

72.365547	7.623000

72.368101	6.662000

72.370655	5.884000

72.373210	8.816000

72.375764	7.137000

72.378319	6.189000

72.380873	8.427000

72.383428	8.225000

72.385982	7.863000

72.388537	8.127000

72.391091	6.840000

72.393646	5.397000

72.396200	8.080000

72.398755	8.549000

72.401309	8.838000

72.403864	7.737000

72.406418	8.194000

72.408973	7.910000

72.411527	5.495000

72.414081	1.926000

72.416636	7.372000

72.419190	7.855000

72.421745	3.063000

72.424299	0.000000

72.426854	7.755000

72.429408	7.143000

72.431963	6.982000

72.434517	8.039000

72.437072	8.916000

72.439626	9.334000

72.442181	8.031000

72.444735	6.595000

72.447290	7.744000

72.449844	7.930000

72.452398	7.313000

72.454953	8.726000

72.457507	8.184000

72.460062	9.366000

72.462616	7.446000

72.465171	4.532000

72.467725	1.866000

72.470280	6.007000

72.472834	6.359000

72.475389	7.022000

72.477943	4.893000

72.480498	7.846000

72.483052	9.358000

72.485607	8.313000

72.488161	4.590000

72.490716	7.879000

72.493270	7.850000

72.495824	7.209000

72.498379	7.760000

72.500933	7.679000

72.503488	6.876000

72.506042	8.665000

72.508597	7.184000

72.511151	6.134000

72.513706	8.298000

72.516260	8.547000

72.518815	6.673000

72.521369	9.177000

72.523924	8.419000

72.526478	5.403000

72.529033	6.309000

72.531587	7.028000

72.534141	4.426000

72.536696	7.907000

72.539250	1.263000

72.541805	4.522000

72.544359	4.896000

72.546914	8.239000

72.549468	9.663000

72.552023	8.853000

72.554577	7.279000

72.557132	5.669000

72.559686	6.625000

72.562241	5.851000

72.564795	6.380000

72.567350	7.445000

72.569904	7.462000

72.572459	5.000000

72.575013	7.313000

72.577567	6.087000

72.580122	8.331000

72.582676	8.966000

72.585231	9.818000

72.587785	9.958000

72.590340	10.009000

72.592894	9.551000

72.595449	9.277000

72.598003	9.704000

72.600558	8.860000

72.603112	8.580000

72.605667	7.173000

72.608221	7.568000

72.610776	0.547000

72.613330	4.902000

72.615884	7.098000

72.618439	6.823000

72.620993	8.845000

72.623548	9.217000

72.626102	9.320000

72.628657	7.756000

72.631211	4.085000

72.633766	4.492000

72.636320	3.386000

72.638875	7.115000

72.641429	9.007000

72.643984	7.954000

72.646538	7.707000

72.649093	7.430000

72.651647	6.042000

72.654202	4.675000

72.656756	3.203000

72.659310	3.045000

72.661865	8.963000

72.664419	10.166000

72.666974	10.298000

72.669528	10.179000

72.672083	8.489000

72.674637	0.834000

72.677192	6.544000

72.679746	7.145000

72.682301	9.068000

72.684855	9.695000

72.687410	9.673000

72.689964	10.511000

72.692519	10.993000

72.695073	10.668000

72.697627	10.686000

72.700182	9.415000

72.702736	8.556000

72.705291	7.860000

72.707845	6.381000

72.710400	0.000000

72.712954	5.798000

72.715509	6.540000

72.718063	8.708000

72.720618	8.444000

72.723172	7.351000

72.725727	2.257000

72.728281	6.464000

72.730836	6.999000

72.733390	8.154000

72.735945	8.544000

72.738499	8.791000

72.741053	8.258000

72.743608	6.417000

72.746162	7.681000

72.748717	5.359000

72.751271	6.359000

72.753826	7.787000

72.756380	7.900000

72.758935	4.612000

72.761489	7.462000

72.764044	9.160000

72.766598	6.745000

72.769153	7.907000

72.771707	6.616000

72.774262	8.978000

72.776816	7.426000

72.779370	8.300000

72.781925	7.246000

72.784479	9.464000

72.787034	9.895000

72.789588	9.933000

72.792143	7.184000

72.794697	8.056000

72.797252	8.724000

72.799806	8.963000

72.802361	9.152000

72.804915	9.231000

72.807470	8.306000

72.810024	9.216000

72.812579	9.035000

72.815133	9.411000

72.817688	10.128000

72.820242	9.708000

72.822796	9.384000

72.825351	8.742000

72.827905	6.429000

72.830460	2.402000

72.833014	7.035000

72.835569	6.440000

72.838123	6.887000

72.840678	7.976000

72.843232	6.950000

72.845787	7.937000

72.848341	8.916000

72.850896	9.621000

72.853450	10.181000

72.856005	10.464000

72.858559	10.067000

72.861113	10.549000

72.863668	10.220000

72.866222	10.072000

72.868777	9.856000

72.871331	9.845000

72.873886	10.560000

72.876440	10.932000

72.878995	10.131000

72.881549	10.135000

72.884104	10.500000

72.886658	10.643000

72.889213	9.719000

72.891767	9.286000

72.894322	8.237000

72.896876	5.447000

72.899431	5.179000

72.901985	6.045000

72.904539	4.819000

72.907094	4.206000

72.909648	0.152000

72.912203	4.534000

72.914757	5.326000

72.917312	5.601000

72.919866	9.722000

72.922421	8.902000

72.924975	9.102000

72.927530	8.635000

72.930084	8.527000

72.932639	6.441000

72.935193	6.054000

72.937748	7.456000

72.940302	2.013000

72.942856	6.687000

72.945411	4.149000

72.947965	6.054000

72.950520	6.738000

72.953074	8.324000

72.955629	9.040000

72.958183	8.608000

72.960738	6.762000

72.963292	9.048000

72.965847	8.810000

72.968401	9.614000

72.970956	8.793000

72.973510	7.450000

72.976065	4.921000

72.978619	0.000000

72.981174	3.469000

72.983728	6.739000

72.986282	7.219000

72.988837	6.404000

72.991391	6.681000

72.993946	5.153000

72.996500	0.000000

72.999055	4.360000

73.001609	6.877000

73.004164	7.821000

73.006718	7.721000

73.009273	7.967000

73.011827	8.764000

73.014382	8.422000

73.016936	7.605000

73.019491	6.151000

73.022045	7.403000

73.024599	8.469000

73.027154	8.626000

73.029708	6.797000

73.032263	3.253000

73.034817	8.406000

73.037372	2.954000

73.039926	6.515000

73.042481	8.009000

73.045035	5.781000

73.047590	8.460000

73.050144	8.954000

73.052699	8.810000

73.055253	8.522000

73.057808	9.495000

73.060362	8.165000

73.062917	8.537000

73.065471	10.371000

73.068025	10.695000

73.070580	11.195000

73.073134	11.075000

73.075689	10.773000

73.078243	10.351000

73.080798	10.662000

73.083352	10.987000

73.085907	11.159000

73.088461	10.990000

73.091016	10.218000

73.093570	10.499000

73.096125	10.019000

73.098679	9.141000

73.101234	8.185000

73.103788	9.623000

73.106342	10.658000

73.108897	9.890000

73.111451	9.533000

73.114006	8.999000

73.116560	9.237000

73.119115	7.628000

73.121669	9.271000

73.124224	8.304000

73.126778	4.820000

73.129333	6.379000

73.131887	7.622000

73.134442	8.760000

73.136996	8.600000

73.139551	8.523000

73.142105	9.012000

73.144660	9.723000

73.147214	10.808000

73.149768	10.159000

73.152323	10.747000

73.154877	10.394000

73.157432	9.563000

73.159986	8.045000

73.162541	8.839000

73.165095	7.007000

73.167650	3.252000

73.170204	6.727000

73.172759	6.129000

73.175313	9.173000

73.177868	9.398000

73.180422	10.116000

73.182977	10.075000

73.185531	10.113000

73.188085	11.205000

73.190640	11.813000

73.193194	11.695000

73.195749	11.263000

73.198303	11.266000

73.200858	10.949000

73.203412	10.567000

73.205967	9.907000

73.208521	9.968000

73.211076	8.200000

73.213630	8.781000

73.216185	7.656000

73.218739	8.784000

73.221294	9.597000

73.223848	9.085000

73.226403	7.945000

73.228957	7.832000

73.231511	4.560000

73.234066	2.544000

73.236620	4.893000

73.239175	6.155000

73.241729	2.486000

73.244284	7.138000

73.246838	9.009000

73.249393	7.648000

73.251947	8.868000

73.254502	6.378000

73.257056	6.161000

73.259611	7.013000

73.262165	5.187000

73.264720	7.784000

73.267274	9.093000

73.269829	8.442000

73.272383	8.462000

73.274937	9.139000

73.277492	8.689000

73.280046	4.790000

73.282601	9.016000

73.285155	9.864000

73.287710	10.161000

73.290264	10.711000

73.292819	9.511000

73.295373	9.187000

73.297928	9.385000

73.300482	9.786000

73.303037	9.153000

73.305591	9.679000

73.308146	9.413000

73.310700	9.725000

73.313254	9.713000

73.315809	9.011000

73.318363	9.672000

73.320918	9.386000

73.323472	10.253000

73.326027	8.382000

73.328581	7.199000

73.331136	3.061000

73.333690	4.075000

73.336245	8.869000

73.338799	10.184000

73.341354	10.392000

73.343908	9.529000

73.346463	9.822000

73.349017	9.711000

73.351572	8.851000

73.354126	9.983000

73.356680	10.185000

73.359235	10.136000

73.361789	9.785000

73.364344	10.319000

73.366898	8.579000

73.369453	9.817000

73.372007	9.375000

73.374562	10.291000

73.377116	10.007000

73.379671	8.943000

73.382225	9.238000

73.384780	8.315000

73.387334	8.160000

73.389889	4.440000

73.392443	6.317000

73.394997	4.269000

73.397552	7.734000

73.400106	9.041000

73.402661	2.745000

73.405215	7.504000

73.407770	0.516000

73.410324	5.930000

73.412879	6.220000

73.415433	8.148000

73.417988	8.649000

73.420542	9.097000

73.423097	9.237000

73.425651	9.872000

73.428206	9.302000

73.430760	7.313000

73.433315	6.615000

73.435869	7.394000

73.438423	3.042000

73.440978	6.071000

73.443532	7.789000

73.446087	5.177000

73.448641	6.810000

73.451196	2.507000

73.453750	5.437000

73.456305	7.632000

73.458859	8.626000

73.461414	8.865000

73.463968	10.596000

73.466523	11.057000

73.469077	10.742000

73.471632	9.998000

73.474186	8.771000

73.476740	9.532000

73.479295	9.491000

73.481849	9.267000

73.484404	10.145000

73.486958	9.388000

73.489513	9.372000

73.492067	9.058000

73.494622	9.155000

73.497176	9.032000

73.499731	8.541000

73.502285	7.574000

73.504840	5.319000

73.507394	7.038000

73.509949	8.176000

73.512503	7.196000

73.515058	0.260000

73.517612	3.764000

73.520166	6.225000

73.522721	3.954000

73.525275	5.827000

73.527830	7.470000

73.530384	6.608000

73.532939	5.148000

73.535493	6.367000

73.538048	8.431000

73.540602	9.625000

73.543157	9.602000

73.545711	8.484000

73.548266	8.138000

73.550820	8.115000

73.553375	8.766000

73.555929	9.152000

73.558483	8.488000

73.561038	7.340000

73.563592	8.666000

73.566147	7.957000

73.568701	9.178000

73.571256	9.997000

73.573810	10.273000

73.576365	10.170000

73.578919	9.035000

73.581474	8.433000

73.584028	8.541000

73.586583	4.417000

73.589137	7.787000

73.591692	7.338000

73.594246	8.475000

73.596801	8.908000

73.599355	9.730000

73.601909	10.592000

73.604464	10.747000

73.607018	9.845000

73.609573	10.133000

73.612127	9.905000

73.614682	10.086000

73.617236	9.802000

73.619791	10.146000

73.622345	10.791000

73.624900	10.884000

73.627454	10.751000

73.630009	11.498000

73.632563	11.477000

73.635118	11.143000

73.637672	11.300000

73.640226	10.980000

73.642781	11.109000

73.645335	11.295000

73.647890	11.361000

73.650444	11.421000

73.652999	11.254000

73.655553	11.520000

73.658108	11.371000

73.660662	11.445000

73.663217	11.260000

73.665771	10.754000

73.668326	10.300000

73.670880	10.092000

73.673435	9.477000

73.675989	7.886000

73.678544	8.981000

73.681098	8.130000

73.683652	8.845000

73.686207	8.092000

73.688761	5.393000

73.691316	5.887000

73.693870	6.737000

73.696425	1.673000

73.698979	1.752000

73.701534	6.061000

73.704088	5.845000

73.706643	5.117000

73.709197	5.502000

73.711752	4.601000

73.714306	4.285000

73.716861	1.962000

73.719415	7.674000

73.721969	6.055000

73.724524	5.545000

73.727078	8.241000

73.729633	8.686000

73.732187	9.576000

73.734742	9.693000

73.737296	7.778000

73.739851	7.503000

73.742405	8.408000

73.744960	6.001000

73.747514	4.211000

73.750069	5.775000

73.752623	5.850000

73.755178	7.053000

73.757732	8.252000

73.760287	8.898000

73.762841	6.407000

73.765395	9.102000

73.767950	9.945000

73.770504	9.308000

73.773059	7.348000

73.775613	8.462000

73.778168	9.796000

73.780722	8.250000

73.783277	5.287000

73.785831	5.669000

73.788386	6.006000

73.790940	9.194000

73.793495	10.140000

73.796049	10.200000

73.798604	9.652000

73.801158	10.036000

73.803712	10.400000

73.806267	8.916000

73.808821	9.723000

73.811376	9.890000

73.813930	9.243000

73.816485	8.561000

73.819039	7.239000

73.821594	8.393000

73.824148	7.155000

73.826703	5.207000

73.829257	4.707000

73.831812	8.083000

73.834366	7.804000

73.836921	8.190000

73.839475	7.798000

73.842030	0.000000

73.844584	5.702000

73.847138	5.978000

73.849693	8.118000

73.852247	3.058000

73.854802	3.963000

73.857356	5.216000

73.859911	4.638000

73.862465	6.541000

73.865020	5.470000

73.867574	7.716000

73.870129	8.298000

73.872683	9.753000

73.875238	7.957000

73.877792	9.406000

73.880347	9.155000

73.882901	9.432000

73.885455	9.369000

73.888010	8.357000

73.890564	7.355000

73.893119	9.035000

73.895673	11.006000

73.898228	10.983000

73.900782	11.012000

73.903337	10.769000

73.905891	10.665000

73.908446	10.741000

73.911000	10.358000

73.913555	10.215000

73.916109	10.431000

73.918664	10.673000

73.921218	11.057000

73.923773	11.240000

73.926327	10.583000

73.928881	9.591000

73.931436	10.322000

73.933990	10.725000

73.936545	10.924000

73.939099	10.663000

73.941654	10.442000

73.944208	10.335000

73.946763	10.579000

73.949317	10.829000

73.951872	11.052000

73.954426	11.279000

73.956981	11.144000

73.959535	10.340000

73.962090	9.606000

73.964644	8.385000

73.967198	4.773000

73.969753	9.081000

73.972307	7.236000

73.974862	6.007000

73.977416	6.315000

73.979971	6.637000

73.982525	9.839000

73.985080	9.743000

73.987634	8.999000

73.990189	9.364000

73.992743	9.351000

73.995298	8.520000

73.997852	9.442000

74.000407	9.404000

74.002961	9.122000

74.005516	9.616000

74.008070	8.056000

74.010624	6.680000

74.013179	8.865000

74.015733	5.051000

74.018288	6.432000

74.020842	7.676000

74.023397	5.558000

74.025951	8.201000

74.028506	7.593000

74.031060	0.798000

74.033615	6.925000

74.036169	3.832000

74.038724	8.224000

74.041278	2.625000

74.043833	6.348000

74.046387	6.536000

74.048941	7.444000

74.051496	4.282000

74.054050	7.577000

74.056605	9.009000

74.059159	9.569000

74.061714	9.144000

74.064268	7.162000

74.066823	3.022000

74.069377	6.618000

74.071932	6.534000

74.074486	6.691000

74.077041	5.671000

74.079595	6.925000

74.082150	3.777000

74.084704	7.174000

74.087259	8.022000

74.089813	7.272000

74.092367	6.677000

74.094922	8.720000

74.097476	9.670000

74.100031	10.011000

74.102585	9.290000

74.105140	9.239000

74.107694	9.628000

74.110249	9.413000

74.112803	10.323000

74.115358	10.109000

74.117912	10.395000

74.120467	10.897000

74.123021	11.145000

74.125576	11.062000

74.128130	10.799000

74.130684	11.017000

74.133239	11.095000

74.135793	11.154000

74.138348	10.450000

74.140902	10.453000

74.143457	9.961000

74.146011	10.387000

74.148566	10.270000

74.151120	9.444000

74.153675	7.189000

74.156229	6.535000

74.158784	8.113000

74.161338	7.748000

74.163893	0.000000

74.166447	5.999000

74.169002	5.903000

74.171556	7.759000

74.174110	6.929000

74.176665	1.774000

74.179219	6.923000

74.181774	7.094000

74.184328	5.531000

74.186883	6.171000

74.189437	7.569000

74.191992	9.320000

74.194546	10.019000

74.197101	10.330000

74.199655	9.637000

74.202210	8.298000

74.204764	8.051000

74.207319	9.069000

74.209873	8.363000

74.212427	7.239000

74.214982	5.894000

74.217536	0.000000

74.220091	6.434000

74.222645	7.661000

74.225200	7.965000

74.227754	6.931000

74.230309	3.859000

74.232863	3.503000

74.235418	9.024000

74.237972	9.292000

74.240527	9.025000

74.243081	8.523000

74.245636	7.879000

74.248190	0.082000

74.250745	7.025000

74.253299	5.613000

74.255853	5.719000

74.258408	1.518000

74.260962	5.931000

74.263517	7.523000

74.266071	9.807000

74.268626	9.742000

74.271180	9.609000

74.273735	8.437000

74.276289	8.286000

74.278844	7.406000

74.281398	7.515000

74.283953	8.436000

74.286507	8.041000

74.289062	4.828000

74.291616	7.546000

74.294170	2.365000

74.296725	6.600000

74.299279	6.773000

74.301834	0.000000

74.304388	8.250000

74.306943	9.454000

74.309497	10.780000

74.312052	10.516000

74.314606	10.632000

74.317161	10.632000

74.319715	10.235000

74.322270	9.797000

74.324824	9.688000

74.327379	10.117000

74.329933	10.045000

74.332488	10.036000

74.335042	10.724000

74.337596	10.416000

74.340151	10.034000

74.342705	9.918000

74.345260	10.221000

74.347814	9.787000

74.350369	10.032000

74.352923	10.214000

74.355478	10.485000

74.358032	9.880000

74.360587	9.685000

74.363141	9.068000

74.365696	9.966000

74.368250	9.745000

74.370805	9.461000

74.373359	9.614000

74.375913	7.369000

74.378468	5.804000

74.381022	2.992000

74.383577	7.669000

74.386131	7.923000

74.388686	8.538000

74.391240	9.066000

74.393795	9.871000

74.396349	10.252000

74.398904	10.229000

74.401458	8.852000

74.404013	8.097000

74.406567	3.107000

74.409122	6.490000

74.411676	4.668000

74.414231	7.551000

74.416785	4.757000

74.419339	0.000000

74.421894	7.607000

74.424448	1.800000

74.427003	6.421000

74.429557	6.507000

74.432112	5.636000

74.434666	5.664000

74.437221	2.174000

74.439775	6.110000

74.442330	8.126000

74.444884	9.217000

74.447439	9.980000

74.449993	10.657000

74.452548	10.325000

74.455102	10.054000

74.457656	10.891000

74.460211	10.884000

74.462765	10.566000

74.465320	11.320000

74.467874	11.330000

74.470429	11.169000

74.472983	10.761000

74.475538	11.304000

74.478092	11.390000

74.480647	11.043000

74.483201	10.702000

74.485756	10.629000

74.488310	10.968000

74.490865	10.670000

74.493419	10.495000

74.495974	10.186000

74.498528	10.787000

74.501082	10.589000

74.503637	10.555000

74.506191	10.559000

74.508746	9.421000

74.511300	8.268000

74.513855	6.268000

74.516409	6.892000

74.518964	7.736000

74.521518	5.941000

74.524073	6.847000

74.526627	8.193000

74.529182	8.949000

74.531736	7.589000

74.534291	0.000000

74.536845	6.507000

74.539399	4.684000

74.541954	3.045000

74.544508	6.335000

74.547063	2.802000

74.549617	6.972000

74.552172	7.908000

74.554726	7.608000

74.557281	7.110000

74.559835	8.234000

74.562390	9.399000

74.564944	9.766000

74.567499	9.791000

74.570053	9.879000

74.572608	10.439000

74.575162	10.339000

74.577717	9.818000

74.580271	9.251000

74.582825	8.136000

74.585380	9.112000

74.587934	9.883000

74.590489	8.095000

74.593043	5.759000

74.595598	6.085000

74.598152	6.593000

74.600707	6.633000

74.603261	5.131000

74.605816	6.781000

74.608370	7.086000

74.610925	5.690000

74.613479	3.604000

74.616034	6.478000

74.618588	0.622000

74.621142	3.966000

74.623697	3.181000

74.626251	6.183000

74.628806	6.944000

74.631360	4.857000

74.633915	8.574000

74.636469	8.751000

74.639024	9.225000

74.641578	8.575000

74.644133	8.510000

74.646687	7.800000

74.649242	6.532000

74.651796	6.291000

74.654351	6.270000

74.656905	6.215000

74.659460	6.164000

74.662014	6.965000

74.664568	8.921000

74.667123	9.157000

74.669677	8.644000

74.672232	8.014000

74.674786	9.156000

74.677341	9.822000

74.679895	9.974000

74.682450	10.086000

74.685004	9.149000

74.687559	9.552000

74.690113	10.116000

74.692668	9.868000

74.695222	9.137000

74.697777	8.319000

74.700331	4.225000

74.702885	5.651000

74.705440	5.257000

74.707994	9.658000

74.710549	10.185000

74.713103	8.937000

74.715658	8.834000

74.718212	10.361000

74.720767	11.131000

74.723321	11.450000

74.725876	11.160000

74.728430	10.840000

74.730985	11.090000

74.733539	11.474000

74.736094	11.697000

74.738648	11.436000

74.741203	11.040000

74.743757	10.800000

74.746311	11.034000

74.748866	11.603000

74.751420	10.650000

74.753975	10.204000

74.756529	10.814000

74.759084	11.304000

74.761638	10.864000

74.764193	10.469000

74.766747	10.211000

74.769302	10.727000

74.771856	10.159000

74.774411	8.500000

74.776965	4.033000

74.779520	7.394000

74.782074	2.453000

74.784628	6.311000

74.787183	8.942000

74.789737	9.776000

74.792292	10.323000

74.794846	10.134000

74.797401	9.328000

74.799955	8.715000

74.802510	10.077000

74.805064	9.827000

74.807619	9.654000

74.810173	9.875000

74.812728	10.191000

74.815282	9.621000

74.817837	8.733000

74.820391	8.136000

74.822946	8.619000

74.825500	8.967000

74.828054	1.164000

74.830609	9.090000

74.833163	8.765000

74.835718	6.621000

74.838272	6.279000

74.840827	8.060000

74.843381	6.339000

74.845936	7.251000

74.848490	5.603000

74.851045	7.803000

74.853599	6.931000

74.856154	7.756000

74.858708	8.057000

74.861263	8.620000

74.863817	9.210000

74.866371	9.604000

74.868926	10.015000

74.871480	10.305000

74.874035	9.152000

74.876589	9.525000

74.879144	10.574000

74.881698	10.207000

74.884253	9.870000

74.886807	9.726000

74.889362	8.829000

74.891916	9.209000

74.894471	1.216000

74.897025	5.712000

74.899580	3.309000

74.902134	3.873000

74.904689	8.222000

74.907243	8.427000

74.909797	8.664000

74.912352	8.189000

74.914906	5.221000

74.917461	7.605000

74.920015	2.575000

74.922570	5.510000

74.925124	8.354000

74.927679	7.691000

74.930233	8.900000

74.932788	10.152000

74.935342	10.197000

74.937897	10.726000

74.940451	10.782000

74.943006	10.831000

74.945560	10.788000

74.948115	10.786000

74.950669	10.682000

74.953223	10.884000

74.955778	10.519000

74.958332	10.824000

74.960887	11.142000

74.963441	11.404000

74.965996	11.248000

74.968550	11.077000

74.971105	10.768000

74.973659	11.017000

74.976214	10.836000

74.978768	10.659000

74.981323	10.481000

74.983877	10.555000

74.986432	10.243000

74.988986	10.379000

74.991540	9.771000

74.994095	8.402000

74.996649	7.319000

74.999204	6.822000

75.001758	7.756000

75.004313	9.987000

75.006867	9.146000

75.009422	8.574000

75.011976	9.510000

75.014531	8.161000

75.017085	9.968000

75.019640	10.614000

75.022194	10.726000

75.024749	10.726000

75.027303	10.274000

75.029858	9.374000

75.032412	9.119000

75.034966	8.898000

75.037521	7.999000

75.040075	0.000000

75.042630	9.474000

75.045184	9.338000

75.047739	9.176000

75.050293	8.866000

75.052848	7.401000

75.055402	8.747000

75.057957	3.094000

75.060511	5.370000

75.063066	7.101000

75.065620	7.833000

75.068175	8.768000

75.070729	7.440000

75.073283	7.305000

75.075838	7.630000

75.078392	1.417000

75.080947	5.465000

75.083501	5.450000

75.086056	5.712000

75.088610	6.207000

75.091165	8.085000

75.093719	7.754000

75.096274	9.880000

75.098828	9.148000

75.101383	10.242000

75.103937	9.788000

75.106492	10.418000

75.109046	9.806000

75.111601	9.387000

75.114155	9.829000

75.116709	9.794000

75.119264	8.859000

75.121818	9.208000

75.124373	9.684000

75.126927	9.126000

75.129482	8.632000

75.132036	8.841000

75.134591	8.502000

75.137145	8.404000

75.139700	5.146000

75.142254	4.249000

75.144809	3.402000

75.147363	7.805000

75.149918	7.825000

75.152472	8.544000

75.155026	8.682000

75.157581	6.637000

75.160135	0.000000

75.162690	2.056000

75.165244	4.716000

75.167799	3.306000

75.170353	6.617000

75.172908	6.725000

75.175462	5.300000

75.178017	6.999000

75.180571	8.334000

75.183126	8.363000

75.185680	8.240000

75.188235	7.299000

75.190789	7.411000

75.193344	8.786000

75.195898	9.435000

75.198452	8.869000

75.201007	9.995000

75.203561	10.492000

75.206116	11.050000

75.208670	11.352000

75.211225	11.272000

75.213779	11.461000

75.216334	11.330000

75.218888	11.183000

75.221443	11.624000

75.223997	11.452000

75.226552	11.193000

75.229106	11.382000

75.231661	11.409000

75.234215	11.925000

75.236769	11.585000

75.239324	10.990000

75.241878	11.424000

75.244433	10.080000

75.246987	9.543000

75.249542	8.766000

75.252096	7.425000

75.254651	7.865000

75.257205	8.601000

75.259760	10.138000

75.262314	10.009000

75.264869	9.466000

75.267423	9.820000

75.269978	9.607000

75.272532	8.912000

75.275087	9.672000

75.277641	9.163000

75.280195	9.963000

75.282750	10.190000

75.285304	9.892000

75.287859	10.634000

75.290413	10.587000

75.292968	9.539000

75.295522	10.336000

75.298077	10.064000

75.300631	8.996000

75.303186	5.838000

75.305740	8.292000

75.308295	7.090000

75.310849	5.348000

75.313404	3.253000

75.315958	5.691000

75.318512	8.592000

75.321067	9.707000

75.323621	10.336000

75.326176	10.270000

75.328730	9.664000

75.331285	10.398000

75.333839	10.722000

75.336394	10.352000

75.338948	10.910000

75.341503	10.170000

75.344057	9.221000

75.346612	8.563000

75.349166	8.979000

75.351721	10.381000

75.354275	10.303000

75.356830	10.379000

75.359384	9.624000

75.361938	9.352000

75.364493	8.974000

75.367047	8.868000

75.369602	8.200000

75.372156	9.681000

75.374711	9.750000

75.377265	9.261000

75.379820	9.216000

75.382374	9.483000

75.384929	10.012000

75.387483	10.108000

75.390038	10.676000

75.392592	10.777000

75.395147	9.758000

75.397701	9.724000

75.400255	10.480000

75.402810	10.841000

75.405364	10.662000

75.407919	9.817000

75.410473	9.381000

75.413028	10.144000

75.415582	9.910000

75.418137	8.906000

75.420691	8.080000

75.423246	7.919000

75.425800	7.439000

75.428355	5.051000

75.430909	2.728000

75.433464	7.601000

75.436018	6.080000

75.438573	5.521000

75.441127	5.999000

75.443681	7.849000

75.446236	8.530000

75.448790	8.284000

75.451345	5.569000

75.453899	4.756000

75.456454	8.367000

75.459008	9.002000

75.461563	8.729000

75.464117	6.624000

75.466672	8.801000

75.469226	9.983000

75.471781	8.812000

75.474335	9.564000

75.476890	9.841000

75.479444	10.488000

75.481998	10.301000

75.484553	10.203000

75.487107	10.206000

75.489662	9.979000

75.492216	10.888000

75.494771	10.953000

75.497325	11.254000

75.499880	10.853000

75.502434	10.684000

75.504989	11.132000

75.507543	11.214000

75.510098	11.267000

75.512652	10.107000

75.515207	9.817000

75.517761	9.516000

75.520316	8.935000

75.522870	8.423000

75.525424	9.560000

75.527979	10.709000

75.530533	11.006000

75.533088	11.219000

75.535642	9.913000

75.538197	9.492000

75.540751	9.511000

75.543306	10.066000

75.545860	9.984000

75.548415	9.740000

75.550969	10.067000

75.553524	8.934000

75.556078	9.492000

75.558633	9.895000

75.561187	8.384000

75.563741	9.037000

75.566296	8.918000

75.568850	9.423000

75.571405	9.033000

75.573959	6.842000

75.576514	1.851000

75.579068	6.337000

75.581623	6.740000

75.584177	6.105000

75.586732	2.280000

75.589286	1.613000

75.591841	0.000000

75.594395	5.502000

75.596950	7.706000

75.599504	9.261000

75.602059	9.531000

75.604613	10.004000

75.607167	10.011000

75.609722	10.578000

75.612276	10.045000

75.614831	9.610000

75.617385	10.420000

75.619940	10.835000

75.622494	10.730000

75.625049	10.683000

75.627603	10.512000

75.630158	10.651000

75.632712	10.781000

75.635267	10.351000

75.637821	8.749000

75.640376	8.175000

75.642930	4.008000

75.645484	3.959000

75.648039	6.872000

75.650593	6.007000

75.653148	5.987000

75.655702	0.872000

75.658257	7.516000

75.660811	7.877000

75.663366	7.990000

75.665920	0.000000

75.668475	2.760000

75.671029	0.626000

75.673584	7.115000

75.676138	6.273000

75.678693	7.683000

75.681247	8.967000

75.683802	7.937000

75.686356	9.751000

75.688910	7.687000

75.691465	7.938000

75.694019	7.638000

75.696574	8.515000

75.699128	8.337000

75.701683	9.120000

75.704237	10.372000

75.706792	10.153000

75.709346	9.559000

75.711901	9.653000

75.714455	9.175000

75.717010	8.801000

75.719564	7.422000

75.722119	5.073000

75.724673	6.920000

75.727227	8.482000

75.729782	7.736000

75.732336	10.239000

75.734891	9.778000

75.737445	9.714000

75.740000	8.494000

75.742554	8.110000

75.745109	8.436000

75.747663	5.226000

75.750218	5.536000

75.752772	5.770000

75.755327	8.491000

75.757881	9.603000

75.760436	8.574000

75.762990	9.177000

75.765545	9.127000

75.768099	7.953000

75.770653	9.335000

75.773208	9.829000

75.775762	8.354000

75.778317	8.906000

75.780871	9.238000

75.783426	7.815000

75.785980	8.571000

75.788535	7.707000

75.791089	2.029000

75.793644	6.647000

75.796198	2.900000

75.798753	8.945000

75.801307	8.409000

75.803862	8.083000

75.806416	9.161000

75.808970	9.155000

75.811525	8.288000

75.814079	9.496000

75.816634	9.587000

75.819188	10.122000

75.821743	10.670000

75.824297	10.565000

75.826852	10.235000

75.829406	10.055000

75.831961	10.372000

75.834515	9.409000

75.837070	6.561000

75.839624	2.560000

75.842179	3.302000

75.844733	7.399000

75.847288	7.744000

75.849842	0.000000

75.852396	4.778000

75.854951	5.617000

75.857505	6.019000

75.860060	4.672000

75.862614	7.590000

75.865169	8.023000

75.867723	7.440000

75.870278	5.728000

75.872832	6.693000

75.875387	9.138000

75.877941	7.382000

75.880496	4.889000

75.883050	7.751000

75.885605	4.593000

75.888159	7.532000

75.890713	3.681000

75.893268	8.318000

75.895822	2.551000

75.898377	4.881000

75.900931	4.521000

75.903486	7.692000

75.906040	7.583000

75.908595	6.923000

75.911149	6.282000

75.913704	5.328000

75.916258	8.275000

75.918813	8.914000

75.921367	7.694000

75.923922	8.796000

75.926476	10.257000

75.929031	10.732000

75.931585	11.150000

75.934139	9.915000

75.936694	10.609000

75.939248	10.808000

75.941803	10.665000

75.944357	10.089000

75.946912	9.981000

75.949466	10.209000

75.952021	10.711000

75.954575	10.312000

75.957130	10.400000

75.959684	10.259000

75.962239	10.152000

75.964793	11.060000

75.967348	10.584000

75.969902	8.363000

75.972456	6.774000

75.975011	7.573000

75.977565	8.171000

75.980120	9.164000

75.982674	6.418000

75.985229	6.519000

75.987783	8.248000

75.990338	9.370000

75.992892	9.320000

75.995447	8.890000

75.998001	10.268000

76.000556	10.551000

76.003110	9.646000

76.005665	9.738000

76.008219	9.863000

76.010774	10.269000

76.013328	10.715000

76.015882	10.533000

76.018437	11.121000

76.020991	11.747000

76.023546	11.334000

76.026100	11.466000

76.028655	11.225000

76.031209	10.863000

76.033764	10.357000

76.036318	10.093000

76.038873	9.954000

76.041427	7.033000

76.043982	5.703000

76.046536	4.586000

76.049091	7.824000

76.051645	3.736000

76.054199	4.339000

76.056754	5.439000

76.059308	5.656000

76.061863	4.568000

76.064417	8.012000

76.066972	5.379000

76.069526	2.223000

76.072081	6.914000

76.074635	5.972000

76.077190	8.456000

76.079744	8.716000

76.082299	8.864000

76.084853	9.291000

76.087408	9.600000

76.089962	9.841000

76.092517	9.900000

76.095071	7.372000

76.097625	8.671000

76.100180	9.024000

76.102734	8.633000

76.105289	6.660000

76.107843	7.594000

76.110398	8.037000

76.112952	7.412000

76.115507	8.862000

76.118061	7.250000

76.120616	8.502000

76.123170	7.742000

76.125725	8.679000

76.128279	8.169000

76.130834	7.505000

76.133388	7.586000

76.135942	8.466000

76.138497	8.816000

76.141051	9.828000

76.143606	9.731000

76.146160	9.464000

76.148715	10.125000

76.151269	9.634000

76.153824	8.702000

76.156378	9.315000

76.158933	9.150000

76.161487	9.054000

76.164042	8.083000

76.166596	8.939000

76.169151	8.849000

76.171705	9.793000

76.174260	10.370000

76.176814	10.306000

76.179368	10.237000

76.181923	10.246000

76.184477	9.801000

76.187032	10.085000

76.189586	10.642000

76.192141	10.133000

76.194695	9.853000

76.197250	9.055000

76.199804	8.275000

76.202359	7.423000

76.204913	7.290000

76.207468	9.121000

76.210022	7.404000

76.212577	8.455000

76.215131	4.233000

76.217685	7.910000

76.220240	8.261000

76.222794	9.550000

76.225349	10.767000

76.227903	10.437000

76.230458	10.238000

76.233012	11.122000

76.235567	11.109000

76.238121	10.468000

76.240676	9.548000

76.243230	9.503000

76.245785	9.486000

76.248339	9.775000

76.250894	10.078000

76.253448	8.680000

76.256003	9.063000

76.258557	7.130000

76.261111	5.393000

76.263666	4.243000

76.266220	5.880000

76.268775	7.731000

76.271329	7.780000

76.273884	7.963000

76.276438	9.131000

76.278993	8.640000

76.281547	6.496000

76.284102	6.701000

76.286656	7.271000

76.289211	6.715000

76.291765	4.145000

76.294320	5.961000

76.296874	5.580000

76.299428	8.331000

76.301983	9.659000

76.304537	9.230000

76.307092	10.237000

76.309646	10.317000

76.312201	10.603000

76.314755	10.895000

76.317310	10.807000

76.319864	10.488000

76.322419	10.421000

76.324973	10.581000

76.327528	10.505000

76.330082	10.322000

76.332637	9.987000

76.335191	9.866000

76.337746	8.956000

76.340300	2.255000

76.342854	6.845000

76.345409	8.067000

76.347963	6.466000

76.350518	8.939000

76.353072	9.090000

76.355627	10.080000

76.358181	10.541000

76.360736	10.889000

76.363290	10.444000

76.365845	10.470000

76.368399	10.246000

76.370954	10.878000

76.373508	11.381000

76.376063	11.130000

76.378617	11.045000

76.381171	9.925000

76.383726	7.244000

76.386280	1.008000

76.388835	7.810000

76.391389	6.615000

76.393944	1.521000

76.396498	6.442000

76.399053	0.000000

76.401607	7.197000

76.404162	9.426000

76.406716	9.695000

76.409271	9.710000

76.411825	9.283000

76.414380	9.921000

76.416934	10.603000

76.419489	10.039000

76.422043	10.429000

76.424597	9.182000

76.427152	9.287000

76.429706	7.196000

76.432261	3.301000

76.434815	4.978000

76.437370	7.608000

76.439924	8.465000

76.442479	7.706000

76.445033	5.200000

76.447588	5.629000

76.450142	2.330000

76.452697	4.354000

76.455251	8.085000

76.457806	8.416000

76.460360	8.799000

76.462914	8.025000

76.465469	8.925000

76.468023	6.624000

76.470578	0.000000

76.473132	0.310000

76.475687	6.659000

76.478241	6.822000

76.480796	2.076000

76.483350	5.527000

76.485905	2.481000

76.488459	7.288000

76.491014	7.457000

76.493568	5.163000

76.496123	5.872000

76.498677	7.884000

76.501232	8.777000

76.503786	9.805000

76.506340	10.518000

76.508895	10.871000

76.511449	10.202000

76.514004	9.863000

76.516558	10.399000

76.519113	10.460000

76.521667	10.048000

76.524222	9.038000

76.526776	8.054000

76.529331	4.404000

76.531885	3.114000

76.534440	6.781000

76.536994	5.737000

76.539549	1.985000

76.542103	6.857000

76.544657	3.180000

76.547212	8.687000

76.549766	9.613000

76.552321	9.179000

76.554875	8.168000

76.557430	7.394000

76.559984	7.632000

76.562539	8.600000

76.565093	9.202000

76.567648	7.760000

76.570202	6.640000

76.572757	8.436000

76.575311	8.171000

76.577866	7.794000

76.580420	2.252000

76.582975	5.396000

76.585529	8.213000

76.588083	7.320000

76.590638	5.042000

76.593192	6.047000

76.595747	6.508000

76.598301	9.071000

76.600856	10.329000

76.603410	10.901000

76.605965	10.631000

76.608519	10.187000

76.611074	9.985000

76.613628	10.614000

76.616183	11.097000

76.618737	11.569000

76.621292	11.277000

76.623846	10.801000

76.626400	10.780000

76.628955	10.831000

76.631509	11.017000

76.634064	10.948000

76.636618	10.800000

76.639173	10.476000

76.641727	10.184000

76.644282	6.651000

76.646836	2.604000

76.649391	0.000000

76.651945	0.490000

76.654500	6.878000

76.657054	5.070000

76.659609	6.058000

76.662163	9.213000

76.664718	7.676000

76.667272	7.748000

76.669826	8.208000

76.672381	9.249000

76.674935	10.046000

76.677490	9.828000

76.680044	9.424000

76.682599	9.090000

76.685153	8.960000

76.687708	4.115000

76.690262	3.340000

76.692817	0.000000

76.695371	6.969000

76.697926	9.151000

76.700480	8.311000

76.703035	8.002000

76.705589	9.805000

76.708144	10.046000

76.710698	10.623000

76.713252	11.047000

76.715807	10.762000

76.718361	11.088000

76.720916	11.135000

76.723470	11.087000

76.726025	11.318000

76.728579	11.408000

76.731134	11.237000

76.733688	10.887000

76.736243	10.459000

76.738797	10.194000

76.741352	9.407000

76.743906	8.268000

76.746461	9.166000

76.749015	8.706000

76.751569	7.615000

76.754124	6.417000

76.756678	5.238000

76.759233	6.334000

76.761787	5.504000

76.764342	5.873000

76.766896	0.000000

76.769451	5.207000

76.772005	7.830000

76.774560	7.944000

76.777114	6.163000

76.779669	1.077000

76.782223	7.934000

76.784778	8.852000

76.787332	9.762000

76.789887	9.525000

76.792441	9.664000

76.794995	9.804000

76.797550	9.747000

76.800104	9.589000

76.802659	9.809000

76.805213	10.491000

76.807768	10.546000

76.810322	10.727000

76.812877	10.856000

76.815431	11.560000

76.817986	11.354000

76.820540	11.058000

76.823095	10.758000

76.825649	10.135000

76.828204	9.713000

76.830758	9.654000

76.833312	9.537000

76.835867	6.592000

76.838421	6.354000

76.840976	6.665000

76.843530	6.690000

76.846085	2.355000

76.848639	5.776000

76.851194	5.427000

76.853748	7.391000

76.856303	6.021000

76.858857	8.574000

76.861412	8.202000

76.863966	6.130000

76.866521	3.797000

76.869075	7.242000

76.871630	3.433000

76.874184	4.159000

76.876738	3.035000

76.879293	6.023000

76.881847	9.437000

76.884402	10.435000

76.886956	9.418000

76.889511	9.583000

76.892065	10.079000

76.894620	10.329000

76.897174	10.368000

76.899729	10.809000

76.902283	10.900000

76.904838	11.095000

76.907392	11.229000

76.909947	10.862000

76.912501	11.057000

76.915055	11.417000

76.917610	11.451000

76.920164	11.606000

76.922719	10.875000

76.925273	10.258000

76.927828	8.918000

76.930382	9.934000

76.932937	8.294000

76.935491	8.463000

76.938046	7.878000

76.940600	6.392000

76.943155	6.802000

76.945709	5.634000

76.948264	9.508000

76.950818	10.157000

76.953373	10.355000

76.955927	11.126000

76.958481	10.901000

76.961036	11.406000

76.963590	11.828000

76.966145	11.675000

76.968699	11.568000

76.971254	11.272000

76.973808	11.247000

76.976363	11.407000

76.978917	11.776000

76.981472	11.376000

76.984026	11.648000

76.986581	11.855000

76.989135	11.770000

76.991690	10.777000

76.994244	10.442000

76.996798	10.216000

76.999353	9.889000

77.001907	9.845000

77.004462	7.884000

77.007016	5.642000

77.009571	7.749000

77.012125	9.008000

77.014680	9.359000

77.017234	9.937000

77.019789	7.429000

77.022343	5.747000

77.024898	8.896000

77.027452	7.524000

77.030007	7.919000

77.032561	5.214000

77.035116	9.144000

77.037670	9.172000

77.040224	9.004000

77.042779	7.354000

77.045333	9.211000

77.047888	9.630000

77.050442	9.551000

77.052997	9.664000

77.055551	9.079000

77.058106	8.145000

77.060660	5.245000

77.063215	8.304000

77.065769	7.767000

77.068324	6.748000

77.070878	7.489000

77.073433	7.319000

77.075987	7.877000

77.078541	2.150000

77.081096	7.051000

77.083650	7.921000

77.086205	9.557000

77.088759	9.540000

77.091314	9.706000

77.093868	10.096000

77.096423	10.044000

77.098977	10.369000

77.101532	10.809000

77.104086	10.931000

77.106641	11.185000

77.109195	11.020000

77.111750	11.130000

77.114304	10.744000

77.116859	10.682000

77.119413	10.308000

77.121967	10.103000

77.124522	9.483000

77.127076	8.240000

77.129631	8.505000

77.132185	6.815000

77.134740	0.000000

77.137294	6.613000

77.139849	8.508000

77.142403	6.399000

77.144958	2.690000

77.147512	6.997000

77.150067	6.636000

77.152621	6.665000

77.155176	4.397000

77.157730	8.118000

77.160284	7.426000

77.162839	8.204000

77.165393	9.903000

77.167948	9.518000

77.170502	9.461000

77.173057	9.290000

77.175611	9.982000

77.178166	10.263000

77.180720	10.549000

77.183275	10.113000

77.185829	7.359000

77.188384	2.780000

77.190938	4.564000

77.193493	6.688000

77.196047	7.583000

77.198602	5.989000

77.201156	3.706000

77.203710	6.714000

77.206265	0.538000

77.208819	3.538000

77.211374	8.349000

77.213928	9.156000

77.216483	9.772000

77.219037	10.284000

77.221592	10.466000

77.224146	10.166000

77.226701	10.803000

77.229255	11.564000

77.231810	11.591000

77.234364	11.437000

77.236919	11.152000

77.239473	11.236000

77.242027	11.140000

77.244582	10.389000

77.247136	9.291000

77.249691	10.169000

77.252245	10.366000

77.254800	9.339000

77.257354	9.234000

77.259909	5.270000

77.262463	6.773000

77.265018	7.141000

77.267572	8.539000

77.270127	8.934000

77.272681	10.325000

77.275236	10.224000

77.277790	10.278000

77.280345	10.437000

77.282899	10.961000

77.285453	11.093000

77.288008	10.696000

77.290562	10.044000

77.293117	10.150000

77.295671	10.818000

77.298226	11.092000

77.300780	10.192000

77.303335	9.543000

77.305889	9.312000

77.308444	9.446000

77.310998	9.417000

77.313553	8.676000

77.316107	8.174000

77.318662	4.288000

77.321216	6.729000

77.323770	7.654000

77.326325	9.374000

77.328879	8.190000

77.331434	8.600000

77.333988	9.401000

77.336543	8.604000

77.339097	9.513000

77.341652	10.239000

77.344206	9.950000

77.346761	9.994000

77.349315	8.715000

77.351870	8.515000

77.354424	8.484000

77.356979	8.335000

77.359533	9.196000

77.362088	8.366000

77.364642	9.022000

77.367196	8.282000

77.369751	6.831000

77.372305	9.444000

77.374860	9.068000

77.377414	2.139000

77.379969	5.395000

77.382523	5.417000

77.385078	3.079000

77.387632	7.617000

77.390187	8.894000

77.392741	1.934000

77.395296	5.563000

77.397850	7.931000

77.400405	6.289000

77.402959	6.091000

77.405513	4.651000

77.408068	9.362000

77.410622	10.117000

77.413177	10.343000

77.415731	10.078000

77.418286	8.896000

77.420840	8.320000

77.423395	8.957000

77.425949	9.386000

77.428504	9.710000

77.431058	9.908000

77.433613	10.194000

77.436167	10.883000

77.438722	10.973000

77.441276	10.959000

77.443831	11.222000

77.446385	11.265000

77.448939	11.521000

77.451494	11.550000

77.454048	10.858000

77.456603	10.580000

77.459157	10.588000

77.461712	11.391000

77.464266	11.318000

77.466821	10.979000

77.469375	11.174000

77.471930	11.449000

77.474484	11.548000

77.477039	11.294000

77.479593	11.312000

77.482148	11.201000

77.484702	10.863000

77.487256	9.992000

77.489811	9.944000

77.492365	9.819000

77.494920	10.428000

77.497474	10.439000

77.500029	9.639000

77.502583	9.675000

77.505138	9.525000

77.507692	9.000000

77.510247	9.509000

77.512801	8.066000

77.515356	6.112000

77.517910	3.230000

77.520465	6.731000

77.523019	6.478000

77.525574	6.947000

77.528128	9.334000

77.530682	10.195000

77.533237	10.360000

77.535791	10.260000

77.538346	8.350000

77.540900	9.171000

77.543455	10.218000

77.546009	10.585000

77.548564	9.248000

77.551118	9.473000

77.553673	9.519000

77.556227	9.591000

77.558782	9.027000

77.561336	8.757000

77.563891	4.476000

77.566445	8.392000

77.568999	8.406000

77.571554	0.000000

77.574108	5.732000

77.576663	7.436000

77.579217	8.672000

77.581772	8.979000

77.584326	9.957000

77.586881	10.430000

77.589435	10.476000

77.591990	10.361000

77.594544	10.828000

77.597099	10.808000

77.599653	10.906000

77.602208	10.937000

77.604762	11.128000

77.607317	10.687000

77.609871	10.730000

77.612425	11.354000

77.614980	11.083000

77.617534	11.009000

77.620089	11.183000

77.622643	11.231000

77.625198	11.116000

77.627752	10.465000

77.630307	10.064000

77.632861	10.192000

77.635416	9.740000

77.637970	9.328000

77.640525	9.685000

77.643079	8.821000

77.645634	8.384000

77.648188	3.010000

77.650742	6.526000

77.653297	7.308000

77.655851	4.518000

77.658406	5.571000

77.660960	7.617000

77.663515	7.185000

77.666069	7.298000

77.668624	7.155000

77.671178	9.034000

77.673733	9.579000

77.676287	8.162000

77.678842	6.460000

77.681396	6.227000

77.683951	8.051000

77.686505	8.482000

77.689060	8.404000

77.691614	9.421000

77.694168	9.132000

77.696723	8.690000

77.699277	9.001000

77.701832	9.566000

77.704386	7.923000

77.706941	8.087000

77.709495	6.854000

77.712050	4.396000

77.714604	6.720000

77.717159	7.226000

77.719713	5.681000

77.722268	6.256000

77.724822	6.531000

77.727377	8.594000

77.729931	5.819000

77.732485	5.117000

77.735040	7.477000

77.737594	5.427000

77.740149	5.525000

77.742703	5.724000

77.745258	5.744000

77.747812	8.097000

77.750367	7.596000

77.752921	8.415000

77.755476	9.264000

77.758030	9.759000

77.760585	8.160000

77.763139	7.969000

77.765694	6.242000

77.768248	8.400000

77.770803	7.941000

77.773357	7.092000

77.775911	7.522000

77.778466	9.285000

77.781020	9.282000

77.783575	9.135000

77.786129	9.704000

77.788684	9.852000

77.791238	8.923000

77.793793	9.857000

77.796347	8.823000

77.798902	7.573000

77.801456	7.757000

77.804011	9.342000

77.806565	10.217000

77.809120	10.096000

77.811674	9.359000

77.814228	9.710000

77.816783	8.081000

77.819337	7.810000

77.821892	6.878000

77.824446	6.189000

77.827001	6.184000

77.829555	8.040000

77.832110	8.466000

77.834664	8.534000

77.837219	10.159000

77.839773	10.236000

77.842328	8.203000

77.844882	8.257000

77.847437	8.168000

77.849991	10.078000

77.852546	9.502000

77.855100	8.136000

77.857654	7.623000

77.860209	6.755000

77.862763	8.850000

77.865318	9.013000

77.867872	0.000000

77.870427	8.055000

77.872981	6.724000

77.875536	8.245000

77.878090	8.254000

77.880645	8.100000

77.883199	7.456000

77.885754	9.396000

77.888308	9.861000

77.890863	9.535000

77.893417	3.486000

77.895971	6.214000

77.898526	7.763000

77.901080	7.853000

77.903635	7.947000

77.906189	6.042000

77.908744	3.107000

77.911298	5.701000

77.913853	6.971000

77.916407	3.678000

77.918962	7.527000

77.921516	8.291000

77.924071	7.574000

77.926625	9.371000

77.929180	9.710000

77.931734	9.580000

77.934289	9.085000

77.936843	7.134000

77.939397	8.619000

77.941952	9.147000

77.944506	9.235000

77.947061	10.078000

77.949615	9.926000

77.952170	8.518000

77.954724	7.790000

77.957279	7.702000

77.959833	6.512000

77.962388	4.717000

77.964942	0.000000

77.967497	7.094000

77.970051	6.926000

77.972606	7.775000

77.975160	8.865000

77.977714	8.632000

77.980269	8.896000

77.982823	9.572000

77.985378	10.153000

77.987932	10.251000

77.990487	10.268000

77.993041	10.302000

77.995596	10.009000

77.998150	8.708000

78.000705	8.620000

78.003259	7.895000

78.005814	8.923000

78.008368	8.587000

78.010923	7.218000

78.013477	3.474000

78.016032	7.882000

78.018586	10.005000

78.021140	9.019000

78.023695	8.160000

78.026249	8.546000

78.028804	7.084000

78.031358	5.987000

78.033913	6.164000

78.036467	3.672000

78.039022	2.309000

78.041576	7.372000

78.044131	8.061000

78.046685	6.104000

78.049240	5.246000

78.051794	2.756000

78.054349	5.958000

78.056903	5.576000

78.059457	8.782000

78.062012	10.215000

78.064566	9.384000

78.067121	2.856000

78.069675	5.789000

78.072230	7.556000

78.074784	7.056000

78.077339	8.359000

78.079893	8.714000

78.082448	9.018000

78.085002	8.247000

78.087557	9.006000

78.090111	6.000000

78.092666	6.654000

78.095220	6.500000

78.097775	2.265000

78.100329	8.115000

78.102883	8.485000

78.105438	8.229000

78.107992	9.018000

78.110547	10.006000

78.113101	9.780000

78.115656	9.131000

78.118210	8.460000

78.120765	7.114000

78.123319	9.516000

78.125874	8.910000

78.128428	10.201000

78.130983	10.662000

78.133537	10.900000

78.136092	10.821000

78.138646	10.787000

78.141200	10.501000

78.143755	10.992000

78.146309	9.913000

78.148864	10.510000

78.151418	10.612000

78.153973	10.257000

78.156527	10.001000

78.159082	10.819000

78.161636	10.863000

78.164191	11.490000

78.166745	11.160000

78.169300	11.377000

78.171854	10.724000

78.174409	10.644000

78.176963	10.688000

78.179518	10.717000

78.182072	10.862000

78.184626	10.700000

78.187181	10.381000

78.189735	11.140000

78.192290	10.716000

78.194844	10.069000

78.197399	11.009000

78.199953	11.253000

78.202508	11.250000

78.205062	11.189000

78.207617	10.647000

78.210171	10.539000

78.212726	10.794000

78.215280	10.910000

78.217835	10.854000

78.220389	10.417000

78.222943	10.124000

78.225498	10.455000

78.228052	10.934000

78.230607	10.704000

78.233161	10.065000

78.235716	9.804000

78.238270	9.852000

78.240825	9.385000

78.243379	7.469000

78.245934	6.331000

78.248488	7.672000

78.251043	7.969000

78.253597	1.741000

78.256152	1.858000

78.258706	5.861000

78.261261	7.080000

78.263815	9.231000

78.266369	1.838000

78.268924	2.024000

78.271478	6.385000

78.274033	8.342000

78.276587	8.990000

78.279142	9.016000

78.281696	9.026000

78.284251	6.375000

78.286805	8.722000

78.289360	8.299000

78.291914	5.428000

78.294469	6.723000

78.297023	9.205000

78.299578	7.244000

78.302132	8.255000

78.304686	8.532000

78.307241	9.212000

78.309795	6.845000

78.312350	7.541000

78.314904	6.920000

78.317459	8.317000

78.320013	9.561000

78.322568	9.270000

78.325122	8.716000

78.327677	6.173000

78.330231	3.703000

78.332786	6.417000

78.335340	3.562000

78.337895	4.272000

78.340449	7.396000

78.343004	4.609000

78.345558	7.550000

78.348112	2.350000

78.350667	6.354000

78.353221	7.682000

78.355776	5.961000

78.358330	5.291000

78.360885	5.436000

78.363439	7.164000

78.365994	2.659000

78.368548	3.402000

78.371103	6.994000

78.373657	7.047000

78.376212	7.748000

78.378766	5.544000

78.381321	0.000000

78.383875	6.457000

78.386430	8.018000

78.388984	9.549000

78.391538	9.469000

78.394093	8.590000

78.396647	6.374000

78.399202	4.659000

78.401756	4.585000

78.404311	4.430000

78.406865	6.744000

78.409420	3.095000

78.411974	7.750000

78.414529	3.811000

78.417083	5.072000

78.419638	4.964000

78.422192	6.527000

78.424747	8.506000

78.427301	6.857000

78.429855	5.487000

78.432410	7.993000

78.434964	9.524000

78.437519	9.441000

78.440073	9.403000

78.442628	9.009000

78.445182	9.190000

78.447737	8.216000

78.450291	4.809000

78.452846	6.120000

78.455400	6.279000

78.457955	4.480000

78.460509	3.901000

78.463064	5.696000

78.465618	6.815000

78.468173	6.834000

78.470727	5.660000

78.473281	5.702000

78.475836	4.559000

78.478390	4.808000

78.480945	5.184000

78.483499	8.476000

78.486054	9.450000

78.488608	9.432000

78.491163	8.998000

78.493717	8.631000

78.496272	7.546000

78.498826	9.458000

78.501381	9.875000

78.503935	9.351000

78.506490	9.010000

78.509044	8.506000

78.511598	10.569000

78.514153	11.086000

78.516707	11.292000

78.519262	11.507000

78.521816	11.448000

78.524371	11.396000

78.526925	11.107000

78.529480	10.961000

78.532034	11.174000

78.534589	11.036000

78.537143	10.559000

78.539698	10.750000

78.542252	9.426000

78.544807	8.874000

78.547361	8.283000

78.549916	7.824000

78.552470	9.129000

78.555024	8.309000

78.557579	7.862000

78.560133	6.096000

78.562688	7.036000

78.565242	7.119000

78.567797	4.140000

78.570351	5.948000

78.572906	4.447000

78.575460	7.077000

78.578015	7.305000

78.580569	7.148000

78.583124	7.688000

78.585678	8.663000

78.588233	8.986000

78.590787	9.250000

78.593341	6.405000

78.595896	8.088000

78.598450	9.118000

78.601005	10.096000

78.603559	10.244000

78.606114	10.299000

78.608668	10.755000

78.611223	11.558000

78.613777	11.626000

78.616332	11.770000

78.618886	11.791000

78.621441	11.680000

78.623995	11.595000

78.626550	12.023000

78.629104	12.274000

78.631659	12.311000

78.634213	11.995000

78.636767	11.182000

78.639322	10.752000

78.641876	10.822000

78.644431	10.659000

78.646985	9.978000

78.649540	9.579000

78.652094	8.477000

78.654649	5.031000

78.657203	5.906000

78.659758	6.285000

78.662312	7.580000

78.664867	6.454000

78.667421	2.089000

78.669976	8.927000

78.672530	9.794000

78.675084	8.806000

78.677639	9.605000

78.680193	8.673000

78.682748	8.587000

78.685302	8.317000

78.687857	5.809000

78.690411	0.903000

78.692966	6.020000

78.695520	6.369000

78.698075	4.681000

78.700629	6.984000

78.703184	7.905000

78.705738	7.231000

78.708293	7.686000

78.710847	8.108000

78.713402	5.621000

78.715956	6.639000

78.718510	8.942000

78.721065	4.407000

78.723619	5.131000

78.726174	3.757000

78.728728	6.231000

78.731283	4.305000

78.733837	4.867000

78.736392	7.767000

78.738946	9.595000

78.741501	9.724000

78.744055	8.588000

78.746610	9.023000

78.749164	9.495000

78.751719	9.536000

78.754273	10.418000

78.756827	10.894000

78.759382	10.990000

78.761936	10.733000

78.764491	10.991000

78.767045	11.094000

78.769600	11.261000

78.772154	11.195000

78.774709	11.002000

78.777263	10.851000

78.779818	10.242000

78.782372	9.163000

78.784927	7.564000

78.787481	4.632000

78.790036	5.994000

78.792590	5.849000

78.795145	7.195000

78.797699	7.932000

78.800253	7.125000

78.802808	4.892000

78.805362	8.438000

78.807917	8.230000

78.810471	8.516000

78.813026	7.664000

78.815580	8.590000

78.818135	8.289000

78.820689	9.530000

78.823244	9.282000

78.825798	9.025000

78.828353	8.917000

78.830907	8.442000

78.833462	7.007000

78.836016	8.852000

78.838570	8.165000

78.841125	6.292000

78.843679	6.701000

78.846234	7.973000

78.848788	9.035000

78.851343	9.517000

78.853897	10.098000

78.856452	10.783000

78.859006	9.895000

78.861561	9.685000

78.864115	8.152000

78.866670	8.566000

78.869224	9.906000

78.871779	9.732000

78.874333	9.281000

78.876888	10.580000

78.879442	10.786000

78.881996	10.889000

78.884551	11.280000

78.887105	11.651000

78.889660	11.426000

78.892214	10.494000

78.894769	10.576000

78.897323	9.955000

78.899878	9.086000

78.902432	9.683000

78.904987	9.555000

78.907541	9.785000

78.910096	9.984000

78.912650	9.837000

78.915205	9.340000

78.917759	8.775000

78.920313	7.430000

78.922868	4.874000

78.925422	8.489000

78.927977	7.064000

78.930531	9.267000

78.933086	9.296000

78.935640	7.843000

78.938195	7.675000

78.940749	8.098000

78.943304	0.000000

78.945858	5.197000

78.948413	6.838000

78.950967	8.101000

78.953522	7.959000

78.956076	10.052000

78.958631	10.045000

78.961185	9.437000

78.963739	10.512000

78.966294	10.393000

78.968848	9.294000

78.971403	9.383000

78.973957	8.593000

78.976512	6.243000

78.979066	6.689000

78.981621	8.444000

78.984175	9.367000

78.986730	9.960000

78.989284	10.217000

78.991839	9.843000

78.994393	9.425000

78.996948	9.297000

78.999502	6.832000

79.002056	6.657000

79.004611	8.245000

79.007165	7.511000

79.009720	4.077000

79.012274	5.771000

79.014829	4.896000

79.017383	6.530000

79.019938	4.722000

79.022492	4.894000

79.025047	3.617000

79.027601	7.421000

79.030156	5.913000

79.032710	7.426000

79.035265	2.753000

79.037819	6.091000

79.040374	6.760000

79.042928	7.773000

79.045482	8.014000

79.048037	9.366000

79.050591	9.883000

79.053146	9.425000

79.055700	7.418000

79.058255	5.461000

79.060809	6.870000

79.063364	7.933000

79.065918	3.547000

79.068473	4.079000

79.071027	7.045000

79.073582	7.842000

79.076136	7.165000

79.078691	8.172000

79.081245	8.542000

79.083799	8.893000

79.086354	9.934000

79.088908	10.014000

79.091463	10.850000

79.094017	10.781000

79.096572	10.726000

79.099126	10.633000

79.101681	10.260000

79.104235	9.576000

79.106790	9.455000

79.109344	10.567000

79.111899	10.582000

79.114453	9.939000

79.117008	9.141000

79.119562	9.689000

79.122117	8.755000

79.124671	9.500000

79.127225	9.646000

79.129780	9.346000

79.132334	8.156000

79.134889	6.218000

79.137443	6.599000

79.139998	5.853000

79.142552	7.403000

79.145107	8.624000

79.147661	9.036000

79.150216	8.927000

79.152770	9.300000

79.155325	9.295000

79.157879	9.546000

79.160434	9.957000

79.162988	9.527000

79.165542	9.053000

79.168097	9.307000

79.170651	8.798000

79.173206	8.351000

79.175760	9.218000

79.178315	8.495000

79.180869	8.399000

79.183424	8.968000

79.185978	8.730000

79.188533	6.092000

79.191087	4.381000

79.193642	2.875000

79.196196	8.807000

79.198751	5.351000

79.201305	6.950000

79.203860	8.459000

79.206414	1.473000

79.208968	6.560000

79.211523	7.157000

79.214077	8.760000

79.216632	8.614000

79.219186	8.273000

79.221741	8.832000

79.224295	7.635000

79.226850	6.433000

79.229404	4.439000

79.231959	8.243000

79.234513	8.456000

79.237068	7.460000

79.239622	9.818000

79.242177	9.424000

79.244731	9.102000

79.247285	9.633000

79.249840	8.905000

79.252394	7.417000

79.254949	1.118000

79.257503	6.266000

79.260058	6.088000

79.262612	5.955000

79.265167	3.552000

79.267721	6.912000

79.270276	7.362000

79.272830	6.228000

79.275385	5.194000

79.277939	5.877000

79.280494	7.210000

79.283048	8.939000

79.285603	9.524000

79.288157	7.889000

79.290711	7.244000

79.293266	4.822000

79.295820	8.405000

79.298375	8.454000

79.300929	7.918000

79.303484	8.633000

79.306038	8.044000

79.308593	4.985000

79.311147	5.833000

79.313702	6.016000

79.316256	3.176000

79.318811	4.629000

79.321365	4.412000

79.323920	4.390000

79.326474	8.081000

79.329028	7.936000

79.331583	8.150000

79.334137	7.952000

79.336692	9.293000

79.339246	9.789000

79.341801	9.772000

79.344355	10.241000

79.346910	9.322000

79.349464	8.483000

79.352019	8.399000

79.354573	9.323000

79.357128	9.209000

79.359682	9.732000

79.362237	10.055000

79.364791	9.911000

79.367346	10.340000

79.369900	8.633000

79.372454	7.099000

79.375009	7.652000

79.377563	5.032000

79.380118	7.720000

79.382672	7.507000

79.385227	9.186000

79.387781	10.123000

79.390336	8.479000

79.392890	9.155000

79.395445	9.307000

79.397999	9.686000

79.400554	10.170000

79.403108	10.675000

79.405663	10.450000

79.408217	10.739000

79.410771	10.883000

79.413326	10.571000

79.415880	8.939000

79.418435	8.450000

79.420989	7.954000

79.423544	4.752000

79.426098	3.898000

79.428653	7.603000

79.431207	9.181000

79.433762	8.395000

79.436316	9.277000

79.438871	10.012000

79.441425	10.202000

79.443980	10.482000

79.446534	10.726000

79.449089	10.505000

79.451643	10.619000

79.454197	10.836000

79.456752	11.203000

79.459306	11.476000

79.461861	11.530000

79.464415	11.517000

79.466970	11.243000

79.469524	11.250000

79.472079	11.165000

79.474633	10.445000

79.477188	9.841000

79.479742	7.810000

79.482297	5.366000

79.484851	8.190000

79.487406	8.395000

79.489960	8.808000

79.492514	9.860000

79.495069	10.420000

79.497623	10.979000

79.500178	11.161000

79.502732	11.251000

79.505287	11.363000

79.507841	11.580000

79.510396	11.408000

79.512950	11.569000

79.515505	11.608000

79.518059	11.379000

79.520614	11.014000

79.523168	10.241000

79.525723	10.279000

79.528277	10.207000

79.530832	10.247000

79.533386	9.113000

79.535940	8.400000

79.538495	8.079000

79.541049	7.131000

79.543604	6.980000

79.546158	6.798000

79.548713	5.193000

79.551267	7.671000

79.553822	8.000000

79.556376	3.905000

79.558931	4.631000

79.561485	6.199000

79.564040	6.070000

79.566594	7.420000

79.569149	8.190000

79.571703	8.965000

79.574257	6.539000

79.576812	3.824000

79.579366	5.392000

79.581921	6.029000

79.584475	6.702000

79.587030	8.188000

79.589584	7.537000

79.592139	7.146000

79.594693	5.264000

79.597248	4.981000

79.599802	7.493000

79.602357	8.386000

79.604911	8.836000

79.607466	8.436000

79.610020	7.841000

79.612575	6.812000

79.615129	4.074000

79.617683	8.381000

79.620238	7.589000

79.622792	9.273000

79.625347	8.877000

79.627901	8.453000

79.630456	6.849000

79.633010	6.882000

79.635565	5.821000

79.638119	7.038000

79.640674	8.987000

79.643228	10.100000

79.645783	10.230000

79.648337	10.017000

79.650892	9.200000

79.653446	9.133000

79.656000	9.487000

79.658555	9.605000

79.661109	8.816000

79.663664	7.977000

79.666218	7.726000

79.668773	7.200000

79.671327	6.364000

79.673882	2.144000

79.676436	1.168000

79.678991	4.062000

79.681545	5.720000

79.684100	4.685000

79.686654	2.877000

79.689209	5.590000

79.691763	4.864000

79.694318	4.085000

79.696872	7.530000

79.699426	6.877000

79.701981	6.870000

79.704535	4.928000

79.707090	6.188000

79.709644	5.146000

79.712199	8.442000

79.714753	6.856000

79.717308	7.925000

79.719862	9.205000

79.722417	9.362000

79.724971	10.013000

79.727526	9.819000

79.730080	10.738000

79.732635	10.909000

79.735189	10.972000

79.737743	11.001000

79.740298	10.434000

79.742852	10.517000

79.745407	10.387000

79.747961	10.485000

79.750516	9.782000

79.753070	10.506000

79.755625	9.969000

79.758179	10.609000

79.760734	10.054000

79.763288	8.849000

79.765843	8.067000

79.768397	8.400000

79.770952	8.862000

79.773506	8.352000

79.776061	8.542000

79.778615	8.821000

79.781169	8.921000

79.783724	9.525000

79.786278	9.376000

79.788833	8.660000

79.791387	8.707000

79.793942	9.445000

79.796496	9.696000

79.799051	9.174000

79.801605	6.385000

79.804160	5.904000

79.806714	7.561000

79.809269	7.958000

79.811823	4.969000

79.814378	7.637000

79.816932	6.345000

79.819486	7.265000

79.822041	7.665000

79.824595	4.920000

79.827150	4.390000

79.829704	1.918000

79.832259	1.724000

79.834813	0.000000

79.837368	4.919000

79.839922	5.974000

79.842477	5.881000

79.845031	6.045000

79.847586	7.696000

79.850140	9.328000

79.852695	10.281000

79.855249	9.934000

79.857804	10.542000

79.860358	9.906000

79.862912	10.425000

79.865467	11.305000

79.868021	11.382000

79.870576	11.173000

79.873130	11.439000

79.875685	11.113000

79.878239	11.317000

79.880794	11.471000

79.883348	11.022000

79.885903	10.755000

79.888457	10.368000

79.891012	9.588000

79.893566	9.357000

79.896121	8.061000

79.898675	8.241000

79.901229	5.494000

79.903784	6.534000

79.906338	6.159000

79.908893	7.677000

79.911447	7.620000

79.914002	7.480000

79.916556	9.352000

79.919111	9.528000

79.921665	9.967000

79.924220	10.583000

79.926774	9.782000

79.929329	9.806000

79.931883	10.553000

79.934438	9.931000

79.936992	10.324000

79.939547	10.629000

79.942101	11.057000

79.944655	10.822000

79.947210	10.539000

79.949764	10.183000

79.952319	9.572000

79.954873	9.410000

79.957428	9.191000

79.959982	7.465000

79.962537	8.447000

79.965091	8.521000

79.967646	6.295000

79.970200	7.742000

79.972755	9.517000

79.975309	10.679000

79.977864	10.721000

79.980418	11.036000

79.982972	11.058000

79.985527	11.485000

79.988081	11.516000

79.990636	11.594000

79.993190	11.610000

79.995745	11.461000

79.998299	11.199000

80.000854	11.340000

80.003408	11.308000

80.005963	11.790000

80.008517	12.046000

80.011072	12.008000

80.013626	11.486000

80.016181	10.899000

80.018735	10.327000

80.021290	10.180000

80.023844	9.351000

80.026398	8.493000

80.028953	8.751000

80.031507	9.024000

80.034062	8.836000

80.036616	8.493000

80.039171	8.265000

80.041725	9.612000

80.044280	9.349000

80.046834	7.855000

80.049389	7.294000

80.051943	3.141000

80.054498	7.293000

80.057052	0.000000

80.059607	4.530000

80.062161	2.464000

80.064716	6.011000

80.067270	4.385000

80.069824	5.747000

80.072379	4.706000

80.074933	4.898000

80.077488	5.124000

80.080042	6.979000

80.082597	7.983000

80.085151	9.127000

80.087706	10.400000

80.090260	10.100000

80.092815	10.873000

80.095369	10.417000

80.097924	10.453000

80.100478	10.290000

80.103033	10.704000

80.105587	10.941000

80.108141	10.741000

80.110696	10.704000

80.113250	9.978000

80.115805	10.276000

80.118359	10.278000

80.120914	9.926000

80.123468	8.685000

80.126023	8.359000

80.128577	8.695000

80.131132	5.839000

80.133686	8.029000

80.136241	9.577000

80.138795	9.498000

80.141350	9.641000

80.143904	9.302000

80.146459	9.271000

80.149013	8.664000

80.151567	7.785000

80.154122	7.385000

80.156676	3.087000

80.159231	6.028000

80.161785	5.802000

80.164340	7.889000

80.166894	9.123000

80.169449	8.950000

80.172003	9.103000

80.174558	7.021000

80.177112	7.607000

80.179667	8.286000

80.182221	9.349000

80.184776	9.213000

80.187330	9.390000

80.189884	9.152000

80.192439	7.194000

80.194993	8.503000

80.197548	7.730000

80.200102	8.077000

80.202657	9.328000

80.205211	8.840000

80.207766	8.585000

80.210320	8.797000

80.212875	8.879000

80.215429	7.915000

80.217984	10.100000

80.220538	10.522000

80.223093	10.959000

80.225647	10.425000

80.228202	10.700000

80.230756	10.735000

80.233310	10.052000

80.235865	9.658000

80.238419	9.933000

80.240974	10.403000

80.243528	10.076000

80.246083	9.269000

80.248637	9.398000

80.251192	8.661000

80.253746	8.481000

80.256301	5.861000

80.258855	8.005000

80.261410	6.392000

80.263964	8.182000

80.266519	6.277000

80.269073	0.000000

80.271627	5.037000

80.274182	4.916000

80.276736	2.851000

80.279291	4.093000

80.281845	8.195000

80.284400	8.673000

80.286954	9.430000

80.289509	7.468000

80.292063	5.385000

80.294618	6.786000

80.297172	7.580000

80.299727	10.047000

80.302281	9.633000

80.304836	9.594000

80.307390	5.356000

80.309945	8.329000

80.312499	8.875000

80.315053	9.740000

80.317608	10.298000

80.320162	10.703000

80.322717	10.838000

80.325271	11.209000

80.327826	11.225000

80.330380	11.642000

80.332935	11.409000

80.335489	10.502000

80.338044	10.341000

80.340598	10.144000

80.343153	7.699000

80.345707	4.534000

80.348262	6.741000

80.350816	8.926000

80.353370	10.070000

80.355925	9.671000

80.358479	7.707000

80.361034	3.734000

80.363588	2.011000

80.366143	7.453000

80.368697	5.288000

80.371252	6.544000

80.373806	8.086000

80.376361	7.699000

80.378915	9.535000

80.381470	9.361000

80.384024	8.662000

80.386579	9.392000

80.389133	9.891000

80.391688	9.482000

80.394242	8.929000

80.396796	8.379000

80.399351	7.821000

80.401905	6.592000

80.404460	7.408000

80.407014	4.097000

80.409569	6.553000

80.412123	7.270000

80.414678	6.479000

80.417232	6.838000

80.419787	7.097000

80.422341	9.130000

80.424896	9.003000

80.427450	9.155000

80.430005	8.098000

80.432559	3.415000

80.435113	4.426000

80.437668	8.129000

80.440222	5.837000

80.442777	8.529000

80.445331	8.158000

80.447886	8.133000

80.450440	8.559000

80.452995	8.748000

80.455549	8.453000

80.458104	9.112000

80.460658	9.633000

80.463213	9.968000

80.465767	9.449000

80.468322	6.858000

80.470876	7.665000

80.473431	2.269000

80.475985	8.078000

80.478539	9.180000

80.481094	8.340000

80.483648	9.209000

80.486203	10.191000

80.488757	10.560000

80.491312	10.112000

80.493866	10.511000

80.496421	10.661000

80.498975	10.689000

80.501530	10.285000

80.504084	9.568000

80.506639	10.359000

80.509193	10.324000

80.511748	7.999000

80.514302	9.550000

80.516856	8.121000

80.519411	6.920000

80.521965	7.695000

80.524520	8.421000

80.527074	7.981000

80.529629	3.753000

80.532183	2.884000

80.534738	9.528000

80.537292	8.908000

80.539847	6.626000

80.542401	7.465000

80.544956	9.092000

80.547510	10.316000

80.550065	9.659000

80.552619	9.573000

80.555174	9.323000

80.557728	8.988000

80.560282	9.277000

80.562837	9.198000

80.565391	8.947000

80.567946	8.284000

80.570500	7.022000

80.573055	3.179000

80.575609	0.004000

80.578164	6.047000

80.580718	5.318000

80.583273	8.767000

80.585827	8.093000

80.588382	6.566000

80.590936	4.561000

80.593491	7.993000

80.596045	8.308000

80.598599	6.011000

80.601154	5.137000

80.603708	6.663000

80.606263	8.488000

80.608817	7.217000

80.611372	7.164000

80.613926	5.697000

80.616481	7.586000

80.619035	7.954000

80.621590	5.468000

80.624144	7.381000

80.626699	6.700000

80.629253	3.596000

80.631808	1.642000

80.634362	3.899000

80.636917	8.996000

80.639471	10.283000

80.642025	9.957000

80.644580	10.578000

80.647134	10.430000

80.649689	11.117000

80.652243	10.843000

80.654798	10.767000

80.657352	10.641000

80.659907	10.475000

80.662461	10.122000

80.665016	10.944000

80.667570	10.415000

80.670125	10.226000

80.672679	10.312000

80.675234	11.302000

80.677788	11.257000

80.680342	11.027000

80.682897	10.049000

80.685451	9.653000

80.688006	9.789000

80.690560	9.760000

80.693115	8.416000

80.695669	8.876000

80.698224	9.418000

80.700778	9.817000

80.703333	8.491000

80.705887	8.464000

80.708442	4.442000

80.710996	6.323000

80.713551	6.890000

80.716105	7.550000

80.718660	9.627000

80.721214	8.792000

80.723768	8.494000

80.726323	7.621000

80.728877	9.129000

80.731432	10.161000

80.733986	10.045000

80.736541	9.697000

80.739095	9.903000

80.741650	9.855000

80.744204	9.360000

80.746759	9.231000

80.749313	9.416000

80.751868	10.532000

80.754422	9.651000

80.756977	9.655000

80.759531	9.316000

80.762085	9.339000

80.764640	9.371000

80.767194	7.556000

80.769749	8.159000

80.772303	6.198000

80.774858	0.000000

80.777412	3.751000

80.779967	7.540000

80.782521	6.039000

80.785076	6.354000

80.787630	6.736000

80.790185	6.290000

80.792739	4.335000

80.795294	7.770000

80.797848	5.578000

80.800403	8.235000

80.802957	8.621000

80.805511	8.479000

80.808066	8.124000

80.810620	10.213000

80.813175	9.911000

80.815729	9.223000

80.818284	9.137000

80.820838	9.685000

80.823393	10.302000

80.825947	10.216000

80.828502	10.079000

80.831056	9.902000

80.833611	10.248000

80.836165	10.894000

80.838720	10.736000

80.841274	10.880000

80.843828	10.810000

80.846383	10.766000

80.848937	11.091000

80.851492	10.055000

80.854046	10.429000

80.856601	11.124000

80.859155	11.062000

80.861710	10.971000

80.864264	11.175000

80.866819	10.766000

80.869373	10.835000

80.871928	11.034000

80.874482	10.948000

80.877037	11.237000

80.879591	10.908000

80.882146	10.327000

80.884700	9.793000

80.887254	10.163000

80.889809	10.165000

80.892363	10.332000

80.894918	9.675000

80.897472	7.890000

80.900027	7.101000

80.902581	7.241000

80.905136	3.647000

80.907690	7.531000

80.910245	6.079000

80.912799	5.639000

80.915354	4.375000

80.917908	6.743000

80.920463	7.780000

80.923017	9.880000

80.925571	10.441000

80.928126	10.756000

80.930680	10.668000

80.933235	10.721000

80.935789	10.901000

80.938344	10.691000

80.940898	10.621000

80.943453	10.848000

80.946007	10.604000

80.948562	10.851000

80.951116	10.658000

80.953671	10.051000

80.956225	11.170000

80.958780	10.954000

80.961334	11.119000

80.963889	10.981000

80.966443	10.272000

80.968997	9.760000

80.971552	6.393000

80.974106	8.812000

80.976661	9.497000

80.979215	8.944000

80.981770	8.300000

80.984324	7.293000

80.986879	1.840000

80.989433	0.000000

80.991988	1.654000

80.994542	7.290000

80.997097	6.533000

80.999651	9.020000

81.002206	7.317000

81.004760	0.000000

81.007314	2.474000

81.009869	6.928000

81.012423	8.432000

81.014978	7.597000

81.017532	9.396000

81.020087	7.792000

81.022641	5.621000

81.025196	8.598000

81.027750	9.168000

81.030305	9.847000

81.032859	9.182000

81.035414	7.742000

81.037968	9.069000

81.040523	9.926000

81.043077	9.469000

81.045632	9.697000

81.048186	9.533000

81.050740	7.892000

81.053295	4.983000

81.055849	3.598000

81.058404	8.491000

81.060958	9.099000

81.063513	0.000000

81.066067	4.437000

81.068622	8.922000

81.071176	8.443000

81.073731	9.674000

81.076285	7.008000

81.078840	3.498000

81.081394	6.480000

81.083949	7.473000

81.086503	7.175000

81.089057	6.177000

81.091612	5.895000

81.094166	6.700000

81.096721	9.605000

81.099275	9.088000

81.101830	9.729000

81.104384	9.713000

81.106939	9.538000

81.109493	10.074000

81.112048	9.728000

81.114602	9.781000

81.117157	10.323000

81.119711	9.623000

81.122266	10.142000

81.124820	9.977000

81.127375	10.165000

81.129929	10.965000

81.132483	11.353000

81.135038	11.507000

81.137592	11.164000

81.140147	10.717000

81.142701	10.498000

81.145256	9.489000

81.147810	10.120000

81.150365	10.918000

81.152919	10.670000

81.155474	10.967000

81.158028	11.058000

81.160583	10.577000

81.163137	10.483000

81.165692	10.782000

81.168246	10.937000

81.170800	10.991000

81.173355	10.653000

81.175909	10.043000

81.178464	9.884000

81.181018	10.331000

81.183573	10.641000

81.186127	10.711000

81.188682	10.747000

81.191236	10.435000

81.193791	9.955000

81.196345	10.001000

81.198900	10.119000

81.201454	10.116000

81.204009	10.813000

81.206563	10.894000

81.209118	10.380000

81.211672	9.680000

81.214226	8.734000

81.216781	6.150000

81.219335	6.264000

81.221890	5.055000

81.224444	0.116000

81.226999	6.848000

81.229553	5.419000

81.232108	8.501000

81.234662	5.742000

81.237217	6.057000

81.239771	7.016000

81.242326	1.618000

81.244880	6.598000

81.247435	7.541000

81.249989	7.314000

81.252543	8.404000

81.255098	6.202000

81.257652	5.809000

81.260207	8.153000

81.262761	7.802000

81.265316	10.115000

81.267870	10.486000

81.270425	10.475000

81.272979	10.806000

81.275534	9.193000

81.278088	9.834000

81.280643	9.850000

81.283197	9.828000

81.285752	9.204000

81.288306	9.258000

81.290861	9.869000

81.293415	10.099000

81.295969	10.459000

81.298524	9.265000

81.301078	8.527000

81.303633	8.507000

81.306187	7.879000

81.308742	4.761000

81.311296	3.704000

81.313851	4.713000

81.316405	8.333000

81.318960	6.314000

81.321514	5.931000

81.324069	2.290000

81.326623	3.302000

81.329178	8.567000

81.331732	8.303000

81.334286	8.589000

81.336841	9.215000

81.339395	8.737000

81.341950	6.048000

81.344504	7.837000

81.347059	8.580000

81.349613	8.434000

81.352168	4.666000

81.354722	7.335000

81.357277	3.912000

81.359831	3.119000

81.362386	7.814000

81.364940	7.470000

81.367495	5.312000

81.370049	5.145000

81.372604	7.710000

81.375158	7.585000

81.377712	7.653000

81.380267	6.441000

81.382821	8.124000

81.385376	7.144000

81.387930	3.721000

81.390485	3.891000

81.393039	2.409000

81.395594	7.890000

81.398148	6.895000

81.400703	8.862000

81.403257	9.219000

81.405812	9.558000

81.408366	8.844000

81.410921	8.781000

81.413475	8.869000

81.416029	7.381000

81.418584	7.265000

81.421138	6.872000

81.423693	3.289000

81.426247	6.733000

81.428802	6.342000

81.431356	0.000000

81.433911	4.752000

81.436465	5.915000

81.439020	5.944000

81.441574	3.705000

81.444129	1.155000

81.446683	5.965000

81.449238	5.202000

81.451792	7.939000

81.454347	6.676000

81.456901	6.759000

81.459455	6.224000

81.462010	7.451000

81.464564	4.138000

81.467119	1.962000

81.469673	8.135000

81.472228	9.299000

81.474782	8.601000

81.477337	6.573000

81.479891	8.259000

81.482446	5.222000

81.485000	3.747000

81.487555	7.430000

81.490109	9.250000

81.492664	9.054000

81.495218	9.741000

81.497772	10.441000

81.500327	10.151000

81.502881	9.493000

81.505436	9.041000

81.507990	9.381000

81.510545	9.836000

81.513099	9.474000

81.515654	5.910000

81.518208	5.639000

81.520763	8.653000

81.523317	6.005000

81.525872	7.146000

81.528426	3.784000

81.530981	9.489000

81.533535	10.505000

81.536090	9.611000

81.538644	9.773000

81.541198	10.865000

81.543753	11.088000

81.546307	10.882000

81.548862	10.966000

81.551416	11.286000

81.553971	11.383000

81.556525	11.162000

81.559080	10.926000

81.561634	11.222000

81.564189	11.417000

81.566743	11.309000

81.569298	10.880000

81.571852	10.562000

81.574407	9.254000

81.576961	7.909000

81.579515	8.823000

81.582070	9.247000

81.584624	8.604000

81.587179	9.078000

81.589733	8.634000

81.592288	8.349000

81.594842	7.766000

81.597397	7.004000

81.599951	8.477000

81.602506	8.499000

81.605060	8.146000

81.607615	7.170000

81.610169	8.161000

81.612724	8.805000

81.615278	5.676000

81.617833	8.326000

81.620387	4.351000

81.622941	6.614000

81.625496	6.305000

81.628050	8.489000

81.630605	7.017000

81.633159	7.465000

81.635714	5.730000

81.638268	6.844000

81.640823	5.658000

81.643377	6.262000

81.645932	7.744000

81.648486	7.793000

81.651041	8.379000

81.653595	9.565000

81.656150	8.946000

81.658704	8.886000

81.661258	9.802000

81.663813	6.566000

81.666367	8.290000

81.668922	8.705000

81.671476	9.807000

81.674031	8.898000

81.676585	7.538000

81.679140	6.831000

81.681694	4.098000

81.684249	4.893000

81.686803	2.635000

81.689358	4.300000

81.691912	5.185000

81.694467	7.301000

81.697021	8.410000

81.699576	7.977000

81.702130	7.599000

81.704684	8.329000

81.707239	7.286000

81.709793	7.830000

81.712348	8.418000

81.714902	8.876000

81.717457	6.413000

81.720011	1.865000

81.722566	6.335000

81.725120	5.876000

81.727675	4.544000

81.730229	6.167000

81.732784	7.086000

81.735338	4.916000

81.737893	7.478000

81.740447	8.757000

81.743001	10.107000

81.745556	10.046000

81.748110	10.512000

81.750665	10.298000

81.753219	10.681000

81.755774	10.805000

81.758328	11.127000

81.760883	11.269000

81.763437	10.942000

81.765992	10.790000

81.768546	10.642000

81.771101	10.656000

81.773655	10.641000

81.776210	10.769000

81.778764	10.857000

81.781319	11.076000

81.783873	11.176000

81.786427	10.988000

81.788982	10.821000

81.791536	9.546000

81.794091	10.437000

81.796645	9.923000

81.799200	9.818000

81.801754	9.852000

81.804309	9.275000

81.806863	10.061000

81.809418	10.300000

81.811972	9.824000

81.814527	9.919000

81.817081	10.736000

81.819636	10.632000

81.822190	10.198000

81.824745	10.024000

81.827299	9.417000

81.829853	8.764000

81.832408	9.857000

81.834962	10.839000

81.837517	9.982000

81.840071	9.881000

81.842626	10.184000

81.845180	9.938000

81.847735	10.069000

81.850289	9.308000

81.852844	10.216000

81.855398	10.599000

81.857953	10.344000

81.860507	8.180000

81.863062	9.018000

81.865616	9.111000

81.868170	9.058000

81.870725	9.446000

81.873279	7.823000

81.875834	7.323000

81.878388	9.538000

81.880943	9.041000

81.883497	8.920000

81.886052	9.263000

81.888606	9.734000

81.891161	9.299000

81.893715	7.549000

81.896270	9.587000

81.898824	10.417000

81.901379	10.169000

81.903933	9.208000

81.906488	9.674000

81.909042	9.894000

81.911596	10.687000

81.914151	10.694000

81.916705	9.933000

81.919260	8.806000

81.921814	8.674000

81.924369	9.040000

81.926923	8.849000

81.929478	8.479000

81.932032	7.603000

81.934587	9.794000

81.937141	10.221000

81.939696	9.334000

81.942250	9.682000

81.944805	9.409000

81.947359	9.815000

81.949913	9.094000

81.952468	9.445000

81.955022	9.049000

81.957577	9.316000

81.960131	9.791000

81.962686	9.848000

81.965240	9.460000

81.967795	9.717000

81.970349	9.447000

81.972904	9.779000

81.975458	9.933000

81.978013	8.418000

81.980567	8.879000

81.983122	9.061000

81.985676	5.659000

81.988231	5.580000

81.990785	6.145000

81.993339	6.366000

81.995894	3.272000

81.998448	3.164000

82.001003	6.004000

82.003557	7.639000

82.006112	4.805000

82.008666	8.066000

82.011221	7.789000

82.013775	8.644000

82.016330	7.699000

82.018884	7.441000

82.021439	5.309000

82.023993	4.379000

82.026548	3.910000

82.029102	3.145000

82.031656	6.583000

82.034211	8.934000

82.036765	9.403000

82.039320	7.999000

82.041874	6.475000

82.044429	2.818000

82.046983	7.582000

82.049538	7.875000

82.052092	9.019000

82.054647	7.955000

82.057201	8.803000

82.059756	6.283000

82.062310	4.393000

82.064865	3.919000

82.067419	6.477000

82.069974	8.035000

82.072528	6.983000

82.075082	5.275000

82.077637	6.906000

82.080191	7.997000

82.082746	5.799000

82.085300	7.436000

82.087855	8.509000

82.090409	9.077000

82.092964	8.447000

82.095518	6.699000

82.098073	7.465000

82.100627	8.320000

82.103182	8.999000

82.105736	8.778000

82.108291	8.356000

82.110845	6.509000

82.113399	6.336000

82.115954	8.152000

82.118508	1.701000

82.121063	7.577000

82.123617	5.861000

82.126172	0.000000

82.128726	8.517000

82.131281	9.213000

82.133835	9.788000

82.136390	10.395000

82.138944	10.265000

82.141499	10.101000

82.144053	9.333000

82.146608	7.772000

82.149162	7.776000

82.151717	6.945000

82.154271	2.949000

82.156825	7.468000

82.159380	9.674000

82.161934	9.863000

82.164489	8.825000

82.167043	9.480000

82.169598	9.051000

82.172152	9.347000

82.174707	8.515000

82.177261	8.509000

82.179816	3.596000

82.182370	7.927000

82.184925	4.534000

82.187479	4.780000

82.190034	7.559000

82.192588	9.008000

82.195142	9.885000

82.197697	10.013000

82.200251	9.046000

82.202806	8.451000

82.205360	8.665000

82.207915	9.769000

82.210469	10.329000

82.213024	10.523000

82.215578	10.423000

82.218133	10.126000

82.220687	9.095000

82.223242	10.013000

82.225796	10.342000

82.228351	8.667000

82.230905	9.137000

82.233460	9.550000

82.236014	3.448000

82.238568	8.162000

82.241123	7.483000

82.243677	7.380000

82.246232	7.935000

82.248786	9.210000

82.251341	9.347000

82.253895	9.616000

82.256450	8.188000

82.259004	9.561000

82.261559	7.957000

82.264113	2.946000

82.266668	5.700000

82.269222	8.439000

82.271777	7.793000

82.274331	3.202000

82.276885	1.116000

82.279440	6.731000

82.281994	3.956000

82.284549	4.402000

82.287103	7.051000

82.289658	8.534000

82.292212	5.852000

82.294767	0.868000

82.297321	8.264000

82.299876	10.055000

82.302430	9.014000

82.304985	7.848000

82.307539	8.126000

82.310094	8.151000

82.312648	0.617000

82.315203	7.520000

82.317757	5.103000

82.320311	2.393000

82.322866	3.029000

82.325420	0.000000

82.327975	5.953000

82.330529	2.138000

82.333084	2.824000

82.335638	9.077000

82.338193	9.945000

82.340747	8.382000

82.343302	6.750000

82.345856	7.646000

82.348411	7.941000

82.350965	0.000000

82.353520	7.766000

82.356074	8.334000

82.358628	9.274000

82.361183	8.939000

82.363737	7.968000

82.366292	9.586000

82.368846	8.104000

82.371401	3.532000

82.373955	2.979000

82.376510	7.688000

82.379064	8.458000

82.381619	8.746000

82.384173	8.379000

82.386728	4.801000

82.389282	4.588000

82.391837	3.014000

82.394391	7.900000

82.396946	9.004000

82.399500	9.662000

82.402054	10.156000

82.404609	9.747000

82.407163	9.308000

82.409718	9.577000

82.412272	8.087000

82.414827	4.740000

82.417381	8.084000

82.419936	7.743000

82.422490	8.532000

82.425045	9.289000

82.427599	7.998000

82.430154	9.206000

82.432708	9.636000

82.435263	9.415000

82.437817	10.225000

82.440371	10.496000

82.442926	10.076000

82.445480	10.146000

82.448035	9.830000

82.450589	8.976000

82.453144	9.101000

82.455698	8.311000

82.458253	8.315000

82.460807	4.710000

82.463362	1.873000

82.465916	4.567000

82.468471	4.287000

82.471025	8.723000

82.473580	8.368000

82.476134	8.622000

82.478689	9.031000

82.481243	4.544000

82.483797	3.025000

82.486352	6.112000

82.488906	6.583000

82.491461	7.744000

82.494015	6.866000

82.496570	8.839000

82.499124	9.833000

82.501679	9.117000

82.504233	8.581000

82.506788	9.754000

82.509342	8.293000

82.511897	7.905000

82.514451	3.424000

82.517006	7.212000

82.519560	6.564000

82.522114	0.000000

82.524669	2.595000

82.527223	8.510000

82.529778	8.233000

82.532332	8.826000

82.534887	9.960000

82.537441	9.155000

82.539996	10.095000

82.542550	10.340000

82.545105	9.854000

82.547659	10.019000

82.550214	10.973000

82.552768	10.908000

82.555323	10.980000

82.557877	10.765000

82.560432	11.378000

82.562986	11.775000

82.565540	11.546000

82.568095	11.409000

82.570649	10.964000

82.573204	11.093000

82.575758	10.981000

82.578313	10.082000

82.580867	10.075000

82.583422	10.476000

82.585976	10.705000

82.588531	10.691000

82.591085	10.418000

82.593640	9.957000

82.596194	9.861000

82.598749	8.575000

82.601303	7.831000

82.603857	5.015000

82.606412	5.537000

82.608966	8.074000

82.611521	8.673000

82.614075	8.646000

82.616630	9.398000

82.619184	8.813000

82.621739	8.640000

82.624293	5.339000

82.626848	4.073000

82.629402	5.063000

82.631957	5.783000

82.634511	7.228000

82.637066	5.943000

82.639620	6.287000

82.642175	5.702000

82.644729	0.000000

82.647283	7.979000

82.649838	5.854000

82.652392	8.146000

82.654947	8.425000

82.657501	9.724000

82.660056	11.230000

82.662610	10.866000

82.665165	10.780000

82.667719	9.845000

82.670274	10.574000

82.672828	10.543000

82.675383	10.431000

82.677937	10.623000

82.680492	10.591000

82.683046	10.589000

82.685600	10.700000

82.688155	10.622000

82.690709	9.238000

82.693264	10.321000

82.695818	11.056000

82.698373	11.125000

82.700927	11.235000

82.703482	10.442000

82.706036	10.609000

82.708591	10.434000

82.711145	10.560000

82.713700	10.076000

82.716254	9.786000

82.718809	9.666000

82.721363	9.839000

82.723918	10.100000

82.726472	10.456000

82.729026	9.833000

82.731581	9.493000

82.734135	10.010000

82.736690	9.961000

82.739244	8.513000

82.741799	9.148000

82.744353	5.793000

82.746908	8.899000

82.749462	9.254000

82.752017	9.458000

82.754571	9.844000

82.757126	9.413000

82.759680	9.597000

82.762235	9.824000

82.764789	9.862000

82.767343	9.994000

82.769898	10.553000

82.772452	10.628000

82.775007	9.929000

82.777561	9.410000

82.780116	9.376000

82.782670	6.869000

82.785225	7.352000

82.787779	7.724000

82.790334	9.706000

82.792888	8.849000

82.795443	9.226000

82.797997	9.867000

82.800552	9.323000

82.803106	9.587000

82.805661	9.898000

82.808215	9.124000

82.810769	8.728000

82.813324	9.150000

82.815878	9.738000

82.818433	9.060000

82.820987	8.311000

82.823542	8.685000

82.826096	7.001000

82.828651	8.300000

82.831205	4.685000

82.833760	3.433000

82.836314	8.214000

82.838869	7.638000

82.841423	5.548000

82.843978	8.383000

82.846532	9.166000

82.849086	9.688000

82.851641	9.678000

82.854195	9.742000

82.856750	10.009000

82.859304	8.844000

82.861859	9.064000

82.864413	9.297000

82.866968	9.097000

82.869522	8.305000

82.872077	7.506000

82.874631	8.360000

82.877186	9.161000

82.879740	8.501000

82.882295	8.161000

82.884849	9.459000

82.887404	9.026000

82.889958	9.234000

82.892512	8.163000

82.895067	7.346000

82.897621	8.025000

82.900176	7.088000

82.902730	7.234000

82.905285	7.734000

82.907839	8.778000

82.910394	7.274000

82.912948	5.090000

82.915503	6.356000

82.918057	6.474000

82.920612	5.819000

82.923166	6.569000

82.925721	3.540000

82.928275	6.796000

82.930829	8.027000

82.933384	7.778000

82.935938	7.247000

82.938493	9.247000

82.941047	8.845000

82.943602	8.780000

82.946156	10.539000

82.948711	10.177000

82.951265	9.502000

82.953820	9.417000

82.956374	9.695000

82.958929	10.291000

82.961483	10.379000

82.964038	10.129000

82.966592	10.167000

82.969147	10.667000

82.971701	10.427000

82.974255	10.171000

82.976810	10.070000

82.979364	10.798000

82.981919	10.408000

82.984473	10.735000

82.987028	11.244000

82.989582	10.464000

82.992137	10.632000

82.994691	10.497000

82.997246	10.513000

82.999800	10.731000

83.002355	10.375000

83.004909	10.115000

83.007464	10.105000

83.010018	9.317000

83.012572	9.457000

83.015127	9.722000

83.017681	8.921000

83.020236	9.198000

83.022790	7.509000

83.025345	1.947000

83.027899	8.003000

83.030454	3.263000

83.033008	4.414000

83.035563	7.415000

83.038117	6.250000

83.040672	0.253000

83.043226	6.926000

83.045781	5.231000

83.048335	7.411000

83.050890	5.955000

83.053444	5.875000

83.055998	8.073000

83.058553	9.534000

83.061107	9.415000

83.063662	9.927000

83.066216	9.706000

83.068771	8.167000

83.071325	9.750000

83.073880	9.690000

83.076434	9.406000

83.078989	10.033000

83.081543	9.893000

83.084098	9.270000

83.086652	8.181000

83.089207	7.237000

83.091761	3.358000

83.094315	6.693000

83.096870	5.144000

83.099424	7.519000

83.101979	5.645000

83.104533	3.021000

83.107088	3.302000

83.109642	6.557000

83.112197	5.337000

83.114751	0.000000

83.117306	7.019000

83.119860	6.746000

83.122415	5.486000

83.124969	4.005000

83.127524	6.280000

83.130078	7.195000

83.132633	5.354000

83.135187	10.336000

83.137741	10.873000

83.140296	11.263000

83.142850	11.196000

83.145405	10.473000

83.147959	9.915000

83.150514	9.663000

83.153068	9.546000

83.155623	9.789000

83.158177	9.946000

83.160732	10.180000

83.163286	9.755000

83.165841	9.535000

83.168395	9.170000

83.170950	9.564000

83.173504	9.427000

83.176058	9.499000

83.178613	8.873000

83.181167	6.975000

83.183722	7.966000

83.186276	6.984000

83.188831	6.265000

83.191385	8.392000

83.193940	8.408000

83.196494	8.771000

83.199049	9.898000

83.201603	10.583000

83.204158	10.790000

83.206712	10.703000

83.209267	11.358000

83.211821	11.111000

83.214376	10.680000

83.216930	10.835000

83.219484	11.482000

83.222039	11.600000

83.224593	11.566000

83.227148	11.862000

83.229702	11.754000

83.232257	11.873000

83.234811	11.689000

83.237366	11.730000

83.239920	11.770000

83.242475	11.411000

83.245029	10.916000

83.247584	11.229000

83.250138	11.247000

83.252693	10.755000

83.255247	10.220000

83.257801	10.460000

83.260356	11.010000

83.262910	11.176000

83.265465	10.995000

83.268019	11.641000

83.270574	11.775000

83.273128	11.425000

83.275683	11.147000

83.278237	11.448000

83.280792	11.126000

83.283346	11.081000

83.285901	11.235000

83.288455	11.728000

83.291010	11.061000

83.293564	10.590000

83.296119	10.376000

83.298673	10.668000

83.301227	10.738000

83.303782	9.855000

83.306336	9.849000

83.308891	8.542000

83.311445	7.415000

83.314000	3.575000

83.316554	5.198000

83.319109	0.000000

83.321663	7.201000

83.324218	6.160000

83.326772	6.936000

83.329327	8.700000

83.331881	7.831000

83.334436	8.849000

83.336990	9.064000

83.339544	9.951000

83.342099	10.813000

83.344653	10.671000

83.347208	10.538000

83.349762	10.357000

83.352317	10.796000

83.354871	10.325000

83.357426	11.111000

83.359980	11.288000

83.362535	10.980000

83.365089	10.863000

83.367644	10.486000

83.370198	10.296000

83.372753	9.244000

83.375307	9.549000

83.377862	9.391000

83.380416	9.787000

83.382970	9.409000

83.385525	9.567000

83.388079	9.888000

83.390634	10.262000

83.393188	9.242000

83.395743	8.802000

83.398297	8.448000

83.400852	4.253000

83.403406	6.283000

83.405961	0.000000

83.408515	8.654000

83.411070	9.993000

83.413624	9.816000

83.416179	9.883000

83.418733	8.183000

83.421287	5.276000

83.423842	6.774000

83.426396	6.735000

83.428951	5.497000

83.431505	6.065000

83.434060	6.164000

83.436614	5.754000

83.439169	5.764000

83.441723	3.553000

83.444278	6.296000

83.446832	7.740000

83.449387	5.497000

83.451941	9.059000

83.454496	10.190000

83.457050	10.785000

83.459605	11.379000

83.462159	11.292000

83.464713	10.713000

83.467268	10.557000

83.469822	10.461000

83.472377	10.480000

83.474931	10.966000

83.477486	10.740000

83.480040	10.544000

83.482595	9.900000

83.485149	10.385000

83.487704	10.329000

83.490258	9.402000

83.492813	10.063000

83.495367	9.285000

83.497922	9.887000

83.500476	10.091000

83.503031	9.423000

83.505585	9.253000

83.508139	9.743000

83.510694	10.277000

83.513248	9.948000

83.515803	9.543000

83.518357	9.299000

83.520912	10.000000

83.523466	10.058000

83.526021	10.067000

83.528575	9.455000

83.531130	8.337000

83.533684	8.118000

83.536239	7.818000

83.538793	9.942000

83.541348	10.015000

83.543902	8.966000

83.546456	6.228000

83.549011	3.841000

83.551565	6.612000

83.554120	9.243000

83.556674	7.692000

83.559229	6.369000

83.561783	8.303000

83.564338	9.488000

83.566892	9.647000

83.569447	10.720000

83.572001	10.831000

83.574556	10.577000

83.577110	10.944000

83.579665	11.076000

83.582219	11.143000

83.584774	11.764000

83.587328	11.664000

83.589882	11.706000

83.592437	11.806000

83.594991	11.903000

83.597546	11.519000

83.600100	11.543000

83.602655	11.524000

83.605209	11.033000

83.607764	10.262000

83.610318	10.560000

83.612873	10.059000

83.615427	10.027000

83.617982	10.120000

83.620536	9.230000

83.623091	8.723000

83.625645	9.960000

83.628199	9.373000

83.630754	8.844000

83.633308	7.756000

83.635863	6.754000

83.638417	6.409000

83.640972	5.662000

83.643526	1.133000

83.646081	3.562000

83.648635	7.228000

83.651190	0.000000

83.653744	5.146000

83.656299	9.227000

83.658853	8.766000

83.661408	8.682000

83.663962	6.984000

83.666517	6.776000

83.669071	7.376000

83.671625	8.212000

83.674180	8.157000

83.676734	9.232000

83.679289	9.509000

83.681843	9.189000

83.684398	8.420000

83.686952	8.883000

83.689507	8.159000

83.692061	5.386000

83.694616	7.681000

83.697170	8.981000

83.699725	4.951000

83.702279	3.694000

83.704834	7.485000

83.707388	7.289000

83.709942	7.515000

83.712497	7.045000

83.715051	4.820000

83.717606	8.790000

83.720160	9.686000

83.722715	9.284000

83.725269	9.811000

83.727824	10.377000

83.730378	10.622000

83.732933	10.773000

83.735487	10.913000

83.738042	11.179000

83.740596	11.477000

83.743151	11.519000

83.745705	10.817000

83.748260	10.581000

83.750814	10.097000

83.753368	10.205000

83.755923	10.189000

83.758477	9.249000

83.761032	8.665000

83.763586	7.952000

83.766141	9.180000

83.768695	4.024000

83.771250	1.867000

83.773804	6.868000

83.776359	2.353000

83.778913	5.960000

83.781468	1.877000

83.784022	7.607000

83.786577	9.234000

83.789131	6.160000

83.791685	7.859000

83.794240	8.354000

83.796794	9.380000

83.799349	9.169000

83.801903	9.818000

83.804458	8.675000

83.807012	8.851000

83.809567	8.195000

83.812121	9.381000

83.814676	9.201000

83.817230	8.671000

83.819785	8.958000

83.822339	5.332000

83.824894	8.946000

83.827448	9.473000

83.830003	10.491000

83.832557	10.245000

83.835111	8.795000

83.837666	9.597000

83.840220	9.864000

83.842775	10.363000

83.845329	9.900000

83.847884	10.614000

83.850438	10.049000

83.852993	9.032000

83.855547	8.699000

83.858102	8.366000

83.860656	7.983000

83.863211	6.517000

83.865765	8.484000

83.868320	3.211000

83.870874	7.134000

83.873428	6.671000

83.875983	6.388000

83.878537	6.013000

83.881092	8.389000

83.883646	9.852000

83.886201	9.992000

83.888755	10.747000

83.891310	10.975000

83.893864	10.442000

83.896419	9.828000

83.898973	9.544000

83.901528	10.029000

83.904082	9.900000

83.906637	10.153000

83.909191	10.571000

83.911746	10.715000

83.914300	10.946000

83.916854	11.133000

83.919409	11.245000

83.921963	11.226000

83.924518	10.899000

83.927072	10.766000

83.929627	10.871000

83.932181	10.120000

83.934736	10.354000

83.937290	10.461000

83.939845	10.047000

83.942399	10.271000

83.944954	10.302000

83.947508	10.396000

83.950063	10.106000

83.952617	9.838000

83.955171	9.045000

83.957726	9.468000

83.960280	9.391000

83.962835	8.928000

83.965389	0.000000

83.967944	6.402000

83.970498	7.720000

83.973053	7.696000

83.975607	5.931000

83.978162	8.785000

83.980716	8.980000

83.983271	7.394000

83.985825	7.064000

83.988380	9.030000

83.990934	8.043000

83.993489	6.990000

83.996043	7.388000

83.998597	3.080000

84.001152	4.108000

84.003706	3.829000

84.006261	7.843000

84.008815	9.754000

84.011370	9.947000

84.013924	10.907000

84.016479	11.053000

84.019033	9.461000

84.021588	9.606000

84.024142	10.221000

84.026697	9.933000

84.029251	10.047000

84.031806	9.693000

84.034360	9.938000

84.036914	9.043000

84.039469	8.973000

84.042023	7.968000

84.044578	6.597000

84.047132	6.976000

84.049687	8.763000

84.052241	7.545000

84.054796	7.459000

84.057350	9.978000

84.059905	10.067000

84.062459	5.809000

84.065014	6.716000

84.067568	6.276000

84.070123	6.879000

84.072677	4.158000

84.075232	8.754000

84.077786	7.397000

84.080340	7.847000

84.082895	8.222000

84.085449	9.155000

84.088004	9.504000

84.090558	10.314000

84.093113	10.644000

84.095667	10.535000

84.098222	10.107000

84.100776	10.587000

84.103331	10.803000

84.105885	9.881000

84.108440	9.698000

84.110994	10.385000

84.113549	10.889000

84.116103	10.835000

84.118657	10.715000

84.121212	11.142000

84.123766	11.299000

84.126321	11.406000

84.128875	11.148000

84.131430	11.318000

84.133984	11.166000

84.136539	11.314000

84.139093	11.087000

84.141648	11.436000

84.144202	11.476000

84.146757	11.312000

84.149311	11.848000

84.151866	12.031000

84.154420	12.106000

84.156975	11.879000

84.159529	11.778000

84.162083	11.224000

84.164638	10.369000

84.167192	10.913000

84.169747	10.486000

84.172301	10.860000

84.174856	10.332000

84.177410	10.648000

84.179965	10.823000

84.182519	10.070000

84.185074	9.549000

84.187628	8.760000

84.190183	9.344000

84.192737	7.562000

84.195292	6.362000

84.197846	6.842000

84.200400	2.789000

84.202955	6.691000

84.205509	7.327000

84.208064	8.598000

84.210618	4.513000

84.213173	5.748000

84.215727	9.071000

84.218282	7.936000

84.220836	8.586000

84.223391	10.017000

84.225945	8.924000

84.228500	8.255000

84.231054	8.604000

84.233609	8.993000

84.236163	8.475000

84.238718	8.388000

84.241272	9.739000

84.243826	9.645000

84.246381	9.942000

84.248935	10.201000

84.251490	10.354000

84.254044	10.351000

84.256599	10.263000

84.259153	9.421000

84.261708	9.391000

84.264262	9.554000

84.266817	8.375000

84.269371	8.715000

84.271926	7.626000

84.274480	0.000000

84.277035	4.794000

84.279589	5.708000

84.282143	8.029000

84.284698	7.866000

84.287252	4.367000

84.289807	6.469000

84.292361	7.737000

84.294916	7.369000

84.297470	6.647000

84.300025	6.317000

84.302579	5.542000

84.305134	0.000000

84.307688	3.141000

84.310243	8.156000

84.312797	8.025000

84.315352	9.048000

84.317906	8.892000

84.320461	7.925000

84.323015	6.398000

84.325569	8.014000

84.328124	8.091000

84.330678	8.213000

84.333233	8.010000

84.335787	8.539000

84.338342	8.172000

84.340896	6.248000

84.343451	2.170000

84.346005	4.372000

84.348560	5.594000

84.351114	7.452000

84.353669	6.494000

84.356223	8.303000

84.358778	5.687000

84.361332	9.260000

84.363886	9.787000

84.366441	10.250000

84.368995	9.867000

84.371550	8.692000

84.374104	9.894000

84.376659	8.354000

84.379213	6.620000

84.381768	6.728000

84.384322	7.148000

84.386877	8.123000

84.389431	3.091000

84.391986	5.319000

84.394540	7.946000

84.397095	8.925000

84.399649	9.740000

84.402204	9.283000

84.404758	9.653000

84.407312	10.206000

84.409867	10.569000

84.412421	10.579000

84.414976	10.384000

84.417530	10.346000

84.420085	9.048000

84.422639	7.845000

84.425194	7.757000

84.427748	5.474000

84.430303	6.588000

84.432857	7.093000

84.435412	5.336000

84.437966	7.628000

84.440521	9.365000

84.443075	9.526000

84.445629	10.050000

84.448184	9.115000

84.450738	10.584000

84.453293	10.470000

84.455847	10.433000

84.458402	10.652000

84.460956	10.834000

84.463511	10.729000

84.466065	10.512000

84.468620	10.170000

84.471174	10.062000

84.473729	9.977000

84.476283	9.265000

84.478838	9.725000

84.481392	8.756000

84.483947	5.126000

84.486501	7.099000

84.489055	5.084000

84.491610	6.896000

84.494164	4.615000

84.496719	6.882000

84.499273	2.585000

84.501828	6.640000

84.504382	8.146000

84.506937	8.574000

84.509491	6.087000

84.512046	2.713000

84.514600	6.597000

84.517155	5.320000

84.519709	5.997000

84.522264	5.624000

84.524818	4.985000

84.527372	3.863000

84.529927	5.861000

84.532481	5.620000

84.535036	2.218000

84.537590	7.786000

84.540145	8.603000

84.542699	8.121000

84.545254	8.641000

84.547808	10.065000

84.550363	10.073000

84.552917	10.719000

84.555472	10.932000

84.558026	10.737000

84.560581	11.516000

84.563135	11.727000

84.565690	11.987000

84.568244	11.785000

84.570798	11.494000

84.573353	11.708000

84.575907	11.895000

84.578462	11.741000

84.581016	11.471000

84.583571	11.417000

84.586125	11.518000

84.588680	11.233000

84.591234	10.482000

84.593789	10.131000

84.596343	10.091000

84.598898	10.079000

84.601452	10.952000

84.604007	10.628000

84.606561	10.514000

84.609115	8.863000

84.611670	9.585000

84.614224	9.119000

84.616779	8.287000

84.619333	8.088000

84.621888	9.379000

84.624442	9.910000

84.626997	9.849000

84.629551	9.485000

84.632106	10.081000

84.634660	10.489000

84.637215	10.509000

84.639769	10.812000

84.642324	10.345000

84.644878	10.373000

84.647433	9.398000

84.649987	8.455000

84.652541	8.566000

84.655096	9.423000

84.657650	10.206000

84.660205	10.003000

84.662759	10.682000

84.665314	10.141000

84.667868	9.874000

84.670423	9.037000

84.672977	7.980000

84.675532	6.596000

84.678086	6.416000

84.680641	0.762000

84.683195	6.570000

84.685750	7.563000

84.688304	6.118000

84.690858	8.129000

84.693413	2.614000

84.695967	4.175000

84.698522	6.121000

84.701076	5.942000

84.703631	7.956000

84.706185	5.239000

84.708740	8.583000

84.711294	8.084000

84.713849	8.507000

84.716403	9.044000

84.718958	8.961000

84.721512	8.838000

84.724067	9.569000

84.726621	9.188000

84.729176	9.445000

84.731730	7.911000

84.734284	6.954000

84.736839	8.449000

84.739393	8.161000

84.741948	0.000000

84.744502	6.305000

84.747057	8.704000

84.749611	8.972000

84.752166	10.373000

84.754720	9.652000

84.757275	7.290000

84.759829	7.904000

84.762384	9.186000

84.764938	9.684000

84.767493	9.623000

84.770047	10.181000

84.772601	11.086000

84.775156	10.883000

84.777710	10.861000

84.780265	10.152000

84.782819	9.414000

84.785374	8.556000

84.787928	8.227000

84.790483	8.552000

84.793037	5.019000

84.795592	4.072000

84.798146	8.391000

84.800701	9.133000

84.803255	9.325000

84.805810	9.127000

84.808364	7.468000

84.810919	8.078000

84.813473	7.327000

84.816027	7.342000

84.818582	9.236000

84.821136	8.757000

84.823691	9.421000

84.826245	9.697000

84.828800	10.615000

84.831354	10.592000

84.833909	10.083000

84.836463	11.188000

84.839018	11.192000

84.841572	11.257000

84.844127	11.506000

84.846681	11.147000

84.849236	11.070000

84.851790	11.372000

84.854344	11.459000

84.856899	11.504000

84.859453	11.661000

84.862008	11.014000

84.864562	11.412000

84.867117	11.051000

84.869671	10.980000

84.872226	9.693000

84.874780	10.104000

84.877335	10.468000

84.879889	9.265000

84.882444	9.784000

84.884998	9.807000

84.887553	9.999000

84.890107	9.894000

84.892662	10.693000

84.895216	10.398000

84.897770	10.662000

84.900325	10.345000

84.902879	9.643000

84.905434	10.413000

84.907988	9.660000

84.910543	9.554000

84.913097	10.057000

84.915652	10.262000

84.918206	10.223000

84.920761	9.855000

84.923315	10.575000

84.925870	10.752000

84.928424	10.074000

84.930979	9.441000

84.933533	9.705000

84.936087	8.884000

84.938642	10.002000

84.941196	9.531000

84.943751	10.645000

84.946305	10.793000

84.948860	10.531000

84.951414	10.690000

84.953969	11.271000

84.956523	11.484000

84.959078	11.998000

84.961632	12.086000

84.964187	12.052000

84.966741	12.085000

84.969296	11.572000

84.971850	11.204000

84.974405	11.570000

84.976959	11.827000

84.979513	11.725000

84.982068	11.608000

84.984622	11.720000

84.987177	11.378000

84.989731	11.207000

84.992286	10.885000

84.994840	11.164000

84.997395	11.082000

84.999949	10.667000

85.002504	10.038000

85.005058	9.440000

85.007613	10.024000

85.010167	9.017000

85.012722	9.202000

85.015276	10.000000

85.017830	9.040000

85.020385	7.689000

85.022939	6.765000

85.025494	7.619000

85.028048	9.402000

85.030603	8.016000

85.033157	8.104000

85.035712	7.846000

85.038266	7.215000

85.040821	5.899000

85.043375	4.605000

85.045930	4.168000

85.048484	5.904000

85.051039	6.356000

85.053593	2.565000

85.056148	5.138000

85.058702	6.165000

85.061256	8.771000

85.063811	8.407000

85.066365	6.622000

85.068920	7.435000

85.071474	9.107000

85.074029	9.212000

85.076583	8.717000

85.079138	7.949000

85.081692	7.412000

85.084247	6.541000

85.086801	4.376000

85.089356	4.563000

85.091910	5.592000

85.094465	7.663000

85.097019	8.271000

85.099573	4.487000

85.102128	4.948000

85.104682	5.774000

85.107237	6.016000

85.109791	7.040000

85.112346	8.407000

85.114900	8.073000

85.117455	9.654000

85.120009	9.811000

85.122564	9.933000

85.125118	9.450000

85.127673	9.191000

85.130227	7.951000

85.132782	9.443000

85.135336	9.287000

85.137891	10.314000

85.140445	10.515000

85.142999	10.544000

85.145554	10.357000

85.148108	10.319000

85.150663	10.626000

85.153217	10.584000

85.155772	10.501000

85.158326	10.394000

85.160881	10.243000

85.163435	9.648000

85.165990	8.813000

85.168544	8.891000

85.171099	9.160000

85.173653	9.392000

85.176208	7.783000

85.178762	8.465000

85.181317	8.202000

85.183871	8.688000

85.186425	4.720000

85.188980	6.530000

85.191534	5.468000

85.194089	8.625000

85.196643	8.451000

85.199198	7.573000

85.201752	7.784000

85.204307	8.371000

85.206861	8.881000

85.209416	3.051000

85.211970	6.649000

85.214525	8.074000

85.217079	9.736000

85.219634	9.920000

85.222188	9.860000

85.224742	9.015000

85.227297	8.556000

85.229851	7.806000

85.232406	9.093000

85.234960	7.354000

85.237515	10.400000

85.240069	10.317000

85.242624	9.989000

85.245178	8.915000

85.247733	8.535000

85.250287	9.863000

85.252842	9.293000

85.255396	10.031000

85.257951	10.615000

85.260505	11.048000

85.263060	11.517000

85.265614	11.341000

85.268168	11.136000

85.270723	10.965000

85.273277	10.481000

85.275832	10.405000

85.278386	11.053000

85.280941	10.494000

85.283495	10.140000

85.286050	10.668000

85.288604	10.959000

85.291159	11.178000

85.293713	11.266000

85.296268	10.926000

85.298822	9.860000

85.301377	9.310000

85.303931	10.171000

85.306485	10.567000

85.309040	10.709000

85.311594	10.000000

85.314149	9.451000

85.316703	9.210000

85.319258	5.416000

85.321812	0.000000

85.324367	3.120000

85.326921	4.938000

85.329476	2.212000

85.332030	6.717000

85.334585	7.608000

85.337139	6.112000

85.339694	8.254000

85.342248	7.317000

85.344803	5.895000

85.347357	7.799000

85.349911	8.985000

85.352466	8.721000

85.355020	6.065000

85.357575	3.698000

85.360129	5.288000

85.362684	6.385000

85.365238	8.217000

85.367793	5.693000

85.370347	0.086000

85.372902	1.516000

85.375456	6.260000

85.378011	3.590000

85.380565	6.576000

85.383120	9.764000

85.385674	9.875000

85.388228	9.572000

85.390783	9.765000

85.393337	10.265000

85.395892	10.483000

85.398446	9.616000

85.401001	9.847000

85.403555	10.090000

85.406110	10.772000

85.408664	10.397000

85.411219	11.218000

85.413773	11.488000

85.416328	11.264000

85.418882	11.046000

85.421437	10.456000

85.423991	10.206000

85.426546	9.970000

85.429100	10.400000

85.431654	9.784000

85.434209	10.409000

85.436763	8.996000

85.439318	8.922000

85.441872	9.578000

85.444427	9.927000

85.446981	8.921000

85.449536	9.275000

85.452090	9.431000

85.454645	8.855000

85.457199	9.367000

85.459754	9.610000

85.462308	8.678000

85.464863	9.050000

85.467417	9.722000

85.469971	9.654000

85.472526	9.285000

85.475080	10.611000

85.477635	10.486000

85.480189	10.977000

85.482744	11.009000

85.485298	10.638000

85.487853	10.764000

85.490407	11.206000

85.492962	10.759000

85.495516	10.521000

85.498071	10.157000

85.500625	9.409000

85.503180	9.019000

85.505734	9.763000

85.508289	10.637000

85.510843	11.094000

85.513397	10.736000

85.515952	10.487000

85.518506	10.005000

85.521061	4.934000

85.523615	7.659000

85.526170	6.097000

85.528724	1.903000

85.531279	8.313000

85.533833	9.371000

85.536388	9.634000

85.538942	9.347000

85.541497	9.614000

85.544051	9.936000

85.546606	9.727000

85.549160	9.249000

85.551714	9.123000

85.554269	9.192000

85.556823	8.360000

85.559378	1.532000

85.561932	3.184000

85.564487	9.685000

85.567041	10.002000

85.569596	9.603000

85.572150	10.122000

85.574705	10.212000

85.577259	10.382000

85.579814	10.392000

85.582368	10.023000

85.584923	10.277000

85.587477	10.390000

85.590032	10.229000

85.592586	9.952000

85.595140	9.386000

85.597695	8.481000

85.600249	6.903000

85.602804	3.010000

85.605358	5.396000

85.607913	8.579000

85.610467	8.672000

85.613022	9.160000

85.615576	9.607000

85.618131	9.730000

85.620685	10.625000

85.623240	10.342000

85.625794	10.210000

85.628349	10.284000

85.630903	9.445000

85.633457	8.218000

85.636012	7.924000

85.638566	7.924000

85.641121	7.850000

85.643675	8.510000

85.646230	8.092000

85.648784	7.939000

85.651339	2.499000

85.653893	4.756000

85.656448	7.212000

85.659002	8.398000

85.661557	8.005000

85.664111	7.027000

85.666666	9.236000

85.669220	7.940000

85.671775	6.611000

85.674329	7.620000

85.676883	9.074000

85.679438	8.978000

85.681992	8.484000

85.684547	8.950000

85.687101	6.324000

85.689656	8.145000

85.692210	8.304000

85.694765	6.905000

85.697319	7.035000

85.699874	8.072000

85.702428	9.454000

85.704983	9.128000

85.707537	8.523000

85.710092	9.225000

85.712646	8.168000

85.715200	6.939000

85.717755	5.937000

85.720309	4.572000

85.722864	4.779000

85.725418	7.169000

85.727973	7.018000

85.730527	8.528000

85.733082	6.605000

85.735636	3.653000

85.738191	6.240000

85.740745	9.311000

85.743300	9.909000

85.745854	10.753000

85.748409	10.328000

85.750963	9.689000

85.753518	9.863000

85.756072	9.009000

85.758626	9.308000

85.761181	9.354000

85.763735	9.229000

85.766290	9.119000

85.768844	7.075000

85.771399	8.047000

85.773953	9.408000

85.776508	9.674000

85.779062	9.984000

85.781617	9.613000

85.784171	9.364000

85.786726	8.843000

85.789280	3.076000

85.791835	3.847000

85.794389	6.334000

85.796943	8.213000

85.799498	5.326000

85.802052	6.429000

85.804607	7.551000

85.807161	0.018000

85.809716	7.188000

85.812270	9.562000

85.814825	6.892000

85.817379	8.656000

85.819934	8.223000

85.822488	9.138000

85.825043	9.288000

85.827597	9.375000

85.830152	8.798000

85.832706	8.806000

85.835261	8.286000

85.837815	8.094000

85.840369	7.817000

85.842924	7.792000

85.845478	8.083000

85.848033	7.526000

85.850587	9.448000

85.853142	10.089000

85.855696	10.541000

85.858251	9.650000

85.860805	8.562000

85.863360	8.483000

85.865914	8.923000

85.868469	7.040000

85.871023	7.886000

85.873578	9.108000

85.876132	8.393000

85.878686	9.319000

85.881241	9.638000

85.883795	9.691000

85.886350	10.158000

85.888904	9.779000

85.891459	9.964000

85.894013	9.735000

85.896568	8.976000

85.899122	9.207000

85.901677	9.668000

85.904231	9.598000

85.906786	9.757000

85.909340	9.362000

85.911895	7.855000

85.914449	1.071000

85.917004	3.133000

85.919558	7.705000

85.922112	9.039000

85.924667	9.459000

85.927221	10.096000

85.929776	10.568000

85.932330	10.122000

85.934885	9.494000

85.937439	10.258000

85.939994	9.574000

85.942548	9.596000

85.945103	9.044000

85.947657	6.900000

85.950212	6.739000

85.952766	8.694000

85.955321	2.928000

85.957875	6.468000

85.960429	7.484000

85.962984	9.662000

85.965538	9.940000

85.968093	9.827000

85.970647	10.841000

85.973202	10.845000

85.975756	10.289000

85.978311	10.494000

85.980865	10.622000

85.983420	10.509000

85.985974	10.239000

85.988529	9.768000

85.991083	9.064000

85.993638	9.323000

85.996192	9.575000

85.998747	9.025000

86.001301	8.916000

86.003855	9.458000

86.006410	9.771000

86.008964	10.032000

86.011519	10.504000

86.014073	9.733000

86.016628	10.400000

86.019182	11.189000

86.021737	11.202000

86.024291	11.566000

86.026846	11.355000

86.029400	11.809000

86.031955	11.738000

86.034509	11.538000

86.037064	11.407000

86.039618	11.518000

86.042172	11.806000

86.044727	12.030000

86.047281	11.649000

86.049836	11.680000

86.052390	11.620000

86.054945	11.535000

86.057499	11.596000

86.060054	11.358000

86.062608	10.789000

86.065163	10.138000

86.067717	9.841000

86.070272	9.556000

86.072826	6.915000

86.075381	6.203000

86.077935	8.360000

86.080490	7.575000

86.083044	7.978000

86.085598	3.513000

86.088153	5.473000

86.090707	7.838000

86.093262	9.489000

86.095816	10.113000

86.098371	10.708000

86.100925	10.990000

86.103480	10.461000

86.106034	10.021000

86.108589	10.213000

86.111143	9.855000

86.113698	9.612000

86.116252	9.343000

86.118807	9.442000

86.121361	10.093000

86.123915	8.684000

86.126470	9.050000

86.129024	8.021000

86.131579	7.524000

86.134133	5.794000

86.136688	8.125000

86.139242	7.995000

86.141797	2.123000

86.144351	8.773000

86.146906	8.400000

86.149460	9.749000

86.152015	10.518000

86.154569	10.219000

86.157124	9.974000

86.159678	10.871000

86.162233	11.400000

86.164787	11.284000

86.167341	10.833000

86.169896	10.671000

86.172450	10.430000

86.175005	10.343000

86.177559	10.758000

86.180114	11.571000

86.182668	11.755000

86.185223	11.580000

86.187777	11.392000

86.190332	11.263000

86.192886	10.304000

86.195441	9.468000

86.197995	8.804000

86.200550	7.240000

86.203104	7.476000

86.205658	8.497000

86.208213	8.440000

86.210767	8.285000

86.213322	0.000000

86.215876	9.347000

86.218431	9.774000

86.220985	10.419000

86.223540	11.056000

86.226094	11.080000

86.228649	11.332000

86.231203	11.315000

86.233758	10.778000

86.236312	10.676000

86.238867	10.921000

86.241421	10.459000

86.243976	9.021000

86.246530	7.909000

86.249084	9.311000

86.251639	8.689000

86.254193	6.954000

86.256748	7.792000

86.259302	3.920000

86.261857	4.954000

86.264411	8.037000

86.266966	8.216000

86.269520	4.877000

86.272075	6.799000

86.274629	4.526000

86.277184	5.151000

86.279738	6.195000

86.282293	8.272000

86.284847	9.371000

86.287401	8.422000

86.289956	6.804000

86.292510	9.479000

86.295065	9.485000

86.297619	8.148000

86.300174	4.095000

86.302728	5.616000

86.305283	8.079000

86.307837	7.438000

86.310392	7.756000

86.312946	9.099000

86.315501	7.207000

86.318055	7.015000

86.320610	6.217000

86.323164	6.548000

86.325719	7.735000

86.328273	4.521000

86.330827	5.658000

86.333382	5.857000

86.335936	7.763000

86.338491	8.323000

86.341045	7.526000

86.343600	5.994000

86.346154	5.355000

86.348709	5.615000

86.351263	6.765000

86.353818	8.142000

86.356372	8.528000

86.358927	2.583000

86.361481	6.460000

86.364036	8.810000

86.366590	8.792000

86.369144	10.225000

86.371699	9.525000

86.374253	7.875000

86.376808	8.331000

86.379362	9.492000

86.381917	9.692000

86.384471	9.211000

86.387026	7.671000

86.389580	9.289000

86.392135	10.038000

86.394689	9.824000

86.397244	9.426000

86.399798	9.679000

86.402353	9.846000

86.404907	9.049000

86.407462	8.341000

86.410016	6.556000

86.412570	6.145000

86.415125	7.761000

86.417679	0.917000

86.420234	5.298000

86.422788	8.491000

86.425343	8.888000

86.427897	6.985000

86.430452	4.386000

86.433006	6.335000

86.435561	5.416000

86.438115	6.062000

86.440670	8.793000

86.443224	7.289000

86.445779	5.862000

86.448333	5.179000

86.450887	6.254000

86.453442	8.199000

86.455996	9.219000

86.458551	9.473000

86.461105	10.382000

86.463660	9.518000

86.466214	9.803000

86.468769	9.517000

86.471323	9.718000

86.473878	10.234000

86.476432	10.049000

86.478987	10.109000

86.481541	10.016000

86.484096	11.076000

86.486650	10.485000

86.489205	10.505000

86.491759	10.488000

86.494313	9.767000

86.496868	9.317000

86.499422	8.897000

86.501977	9.193000

86.504531	9.920000

86.507086	10.304000

86.509640	10.775000

86.512195	10.286000

86.514749	9.550000

86.517304	4.296000

86.519858	6.743000

86.522413	8.080000

86.524967	5.377000

86.527522	6.197000

86.530076	7.955000

86.532630	9.083000

86.535185	9.613000

86.537739	8.645000

86.540294	8.074000

86.542848	9.325000

86.545403	9.933000

86.547957	10.649000

86.550512	10.412000

86.553066	10.792000

86.555621	9.742000

86.558175	9.598000

86.560730	8.575000

86.563284	7.510000

86.565839	7.170000

86.568393	7.811000

86.570948	6.783000

86.573502	3.738000

86.576056	5.289000

86.578611	6.828000

86.581165	8.443000

86.583720	9.231000

86.586274	10.624000

86.588829	10.614000

86.591383	11.287000

86.593938	10.750000

86.596492	10.823000

86.599047	10.467000

86.601601	10.918000

86.604156	11.521000

86.606710	11.433000

86.609265	11.694000

86.611819	11.705000

86.614373	11.022000

86.616928	10.866000

86.619482	11.014000

86.622037	10.582000

86.624591	10.520000

86.627146	10.362000

86.629700	9.222000

86.632255	9.400000

86.634809	9.625000

86.637364	10.133000

86.639918	9.752000

86.642473	9.425000

86.645027	7.376000

86.647582	4.556000

86.650136	4.135000

86.652691	4.717000

86.655245	6.134000

86.657799	5.996000

86.660354	4.532000

86.662908	8.563000

86.665463	8.833000

86.668017	7.785000

86.670572	7.465000

86.673126	0.000000

86.675681	4.552000

86.678235	5.705000

86.680790	4.807000

86.683344	5.413000

86.685899	5.034000

86.688453	8.840000

86.691008	9.063000

86.693562	8.916000

86.696116	7.212000

86.698671	8.162000

86.701225	9.142000

86.703780	7.478000

86.706334	3.380000

86.708889	6.244000

86.711443	6.788000

86.713998	9.498000

86.716552	8.156000

86.719107	8.274000

86.721661	7.364000

86.724216	6.089000

86.726770	6.851000

86.729325	9.134000

86.731879	7.178000

86.734434	4.438000

86.736988	8.144000

86.739542	9.369000

86.742097	8.968000

86.744651	7.585000

86.747206	9.664000

86.749760	9.657000

86.752315	9.472000

86.754869	9.925000

86.757424	9.834000

86.759978	10.229000

86.762533	9.866000

86.765087	9.999000

86.767642	10.258000

86.770196	10.650000

86.772751	10.582000

86.775305	10.510000

86.777859	9.847000

86.780414	9.695000

86.782968	9.689000

86.785523	10.089000

86.788077	10.719000

86.790632	10.714000

86.793186	10.498000

86.795741	9.914000

86.798295	8.864000

86.800850	8.672000

86.803404	8.895000

86.805959	8.062000

86.808513	6.208000

86.811068	5.846000

86.813622	9.313000

86.816177	10.148000

86.818731	9.636000

86.821285	9.550000

86.823840	10.064000

86.826394	9.913000

86.828949	10.381000

86.831503	10.183000

86.834058	11.326000

86.836612	11.151000

86.839167	10.853000

86.841721	11.030000

86.844276	11.056000

86.846830	11.210000

86.849385	10.565000

86.851939	9.060000

86.854494	7.585000

86.857048	2.696000

86.859602	5.610000

86.862157	7.870000

86.864711	6.599000

86.867266	6.072000

86.869820	8.815000

86.872375	7.458000

86.874929	8.859000

86.877484	4.516000

86.880038	5.500000

86.882593	7.976000

86.885147	3.809000

86.887702	7.129000

86.890256	7.377000

86.892811	5.889000

86.895365	9.166000

86.897920	8.997000

86.900474	9.384000

86.903028	7.967000

86.905583	5.507000

86.908137	8.342000

86.910692	6.452000

86.913246	4.125000

86.915801	8.251000

86.918355	5.353000

86.920910	7.329000

86.923464	4.642000

86.926019	7.706000

86.928573	5.900000

86.931128	8.474000

86.933682	8.863000

86.936237	8.801000

86.938791	9.777000

86.941346	9.652000

86.943900	9.730000

86.946454	9.264000

86.949009	8.519000

86.951563	9.512000

86.954118	9.034000

86.956672	9.317000

86.959227	9.141000

86.961781	8.263000

86.964336	7.678000

86.966890	6.424000

86.969445	7.673000

86.971999	7.221000

86.974554	6.238000

86.977108	4.786000

86.979663	2.174000

86.982217	8.634000

86.984771	9.364000

86.987326	9.298000

86.989880	10.020000

86.992435	9.903000

86.994989	8.835000

86.997544	9.978000

87.000098	10.189000

87.002653	10.010000

87.005207	10.077000

87.007762	9.968000

87.010316	10.423000

87.012871	10.312000

87.015425	9.368000

87.017980	8.225000

87.020534	8.370000

87.023089	9.781000

87.025643	8.406000

87.028197	8.314000

87.030752	8.228000

87.033306	6.662000

87.035861	6.670000

87.038415	8.213000

87.040970	7.101000

87.043524	7.420000

87.046079	4.753000

87.048633	0.069000

87.051188	1.230000

87.053742	3.256000

87.056297	0.000000

87.058851	6.001000

87.061406	8.759000

87.063960	8.577000

87.066514	5.515000

87.069069	5.026000

87.071623	7.463000

87.074178	8.818000

87.076732	9.360000

87.079287	9.845000

87.081841	9.602000

87.084396	9.871000

87.086950	9.604000

87.089505	9.435000

87.092059	9.256000

87.094614	9.974000

87.097168	9.685000

87.099723	9.615000

87.102277	8.703000

87.104832	7.807000

87.107386	8.009000

87.109940	4.918000

87.112495	7.569000

87.115049	7.230000

87.117604	8.327000

87.120158	8.548000

87.122713	8.737000

87.125267	9.074000

87.127822	9.267000

87.130376	8.620000

87.132931	9.430000

87.135485	9.036000

87.138040	9.626000

87.140594	9.494000

87.143149	10.075000

87.145703	9.502000

87.148257	8.271000

87.150812	8.417000

87.153366	9.375000

87.155921	5.869000

87.158475	6.177000

87.161030	4.851000

87.163584	8.525000

87.166139	7.975000

87.168693	9.602000

87.171248	10.355000

87.173802	10.546000

87.176357	10.699000

87.178911	10.770000

87.181466	11.362000

87.184020	11.669000

87.186575	11.795000

87.189129	12.055000

87.191683	11.830000

87.194238	11.695000

87.196792	11.889000

87.199347	11.890000

87.201901	11.780000

87.204456	11.170000

87.207010	10.450000

87.209565	10.249000

87.212119	9.666000

87.214674	9.753000

87.217228	9.167000

87.219783	9.610000

87.222337	9.020000

87.224892	8.105000

87.227446	5.229000

87.230000	7.721000

87.232555	6.052000

87.235109	2.474000

87.237664	4.852000

87.240218	2.706000

87.242773	1.949000

87.245327	6.821000

87.247882	8.531000

87.250436	8.596000

87.252991	9.995000

87.255545	10.482000

87.258100	10.348000

87.260654	10.528000

87.263209	10.351000

87.265763	10.030000

87.268318	8.708000

87.270872	8.735000

87.273426	5.919000

87.275981	7.765000

87.278535	8.837000

87.281090	7.950000

87.283644	9.020000

87.286199	9.029000

87.288753	8.248000

87.291308	7.301000

87.293862	6.416000

87.296417	6.871000

87.298971	7.682000

87.301526	3.662000

87.304080	8.257000

87.306635	7.038000

87.309189	8.311000

87.311743	9.236000

87.314298	9.492000

87.316852	9.772000

87.319407	10.232000

87.321961	8.874000

87.324516	9.683000

87.327070	9.848000

87.329625	8.575000

87.332179	7.035000

87.334734	8.078000

87.337288	9.547000

87.339843	9.439000

87.342397	9.442000

87.344952	8.337000

87.347506	7.266000

87.350061	8.672000

87.352615	7.859000

87.355169	7.943000

87.357724	8.209000

87.360278	8.106000

87.362833	7.655000

87.365387	9.361000

87.367942	9.192000

87.370496	7.572000

87.373051	8.797000

87.375605	9.885000

87.378160	9.674000

87.380714	8.946000

87.383269	9.367000

87.385823	8.308000

87.388378	6.824000

87.390932	5.033000

87.393486	6.671000

87.396041	7.038000

87.398595	8.051000

87.401150	8.220000

87.403704	7.742000

87.406259	7.844000

87.408813	9.811000

87.411368	9.492000

87.413922	9.568000

87.416477	9.644000

87.419031	9.678000

87.421586	9.170000

87.424140	1.331000

87.426695	6.305000

87.429249	7.381000

87.431804	8.504000

87.434358	8.666000

87.436912	8.274000

87.439467	6.652000

87.442021	0.000000

87.444576	2.262000

87.447130	7.117000

87.449685	7.638000

87.452239	7.904000

87.454794	6.666000

87.457348	8.019000

87.459903	8.059000

87.462457	7.108000

87.465012	6.415000

87.467566	5.208000

87.470121	5.654000

87.472675	7.053000

87.475229	2.527000

87.477784	6.681000

87.480338	8.751000

87.482893	9.426000

87.485447	8.736000

87.488002	8.397000

87.490556	8.735000

87.493111	8.305000

87.495665	4.053000

87.498220	2.036000

87.500774	5.432000

87.503329	6.271000

87.505883	8.684000

87.508438	7.985000

87.510992	9.059000

87.513547	9.314000

87.516101	9.883000

87.518655	9.859000

87.521210	9.160000

87.523764	8.575000

87.526319	8.456000

87.528873	8.321000

87.531428	9.567000

87.533982	8.654000

87.536537	9.146000

87.539091	9.576000

87.541646	10.159000

87.544200	10.889000

87.546755	10.651000

87.549309	9.229000

87.551864	7.953000

87.554418	1.148000

87.556972	5.727000

87.559527	5.406000

87.562081	5.509000

87.564636	6.547000

87.567190	8.624000

87.569745	9.239000

87.572299	9.085000

87.574854	9.496000

87.577408	7.316000

87.579963	8.376000

87.582517	9.043000

87.585072	8.652000

87.587626	8.241000

87.590181	9.561000

87.592735	6.955000

87.595290	7.464000

87.597844	8.652000

87.600398	9.520000

87.602953	9.593000

87.605507	9.260000

87.608062	9.246000

87.610616	9.172000

87.613171	9.501000

87.615725	9.539000

87.618280	9.345000

87.620834	9.252000

87.623389	7.523000

87.625943	7.017000

87.628498	3.350000

87.631052	6.072000

87.633607	6.578000

87.636161	2.102000

87.638715	0.000000

87.641270	7.453000

87.643824	8.745000

87.646379	7.231000

87.648933	7.151000

87.651488	5.401000

87.654042	7.371000

87.656597	5.466000

87.659151	5.885000

87.661706	8.318000

87.664260	6.531000

87.666815	8.803000

87.669369	9.607000

87.671924	8.451000

87.674478	6.261000

87.677033	0.678000

87.679587	5.077000

87.682141	4.240000

87.684696	4.320000

87.687250	4.172000

87.689805	5.507000

87.692359	3.093000

87.694914	4.508000

87.697468	4.528000

87.700023	7.462000

87.702577	8.483000

87.705132	8.885000

87.707686	8.394000

87.710241	3.191000

87.712795	5.924000

87.715350	4.930000

87.717904	6.878000

87.720458	9.027000

87.723013	9.028000

87.725567	9.520000

87.728122	9.870000

87.730676	9.205000

87.733231	9.691000

87.735785	10.448000

87.738340	10.912000

87.740894	11.103000

87.743449	11.082000

87.746003	11.296000

87.748558	11.299000

87.751112	11.511000

87.753667	11.440000

87.756221	11.512000

87.758776	11.604000

87.761330	11.380000

87.763884	10.550000

87.766439	10.543000

87.768993	9.904000

87.771548	9.912000

87.774102	10.459000

87.776657	10.358000

87.779211	10.655000

87.781766	10.101000

87.784320	10.250000

87.786875	9.222000

87.789429	7.415000

87.791984	8.732000

87.794538	9.177000

87.797093	7.999000

87.799647	7.912000

87.802201	7.837000

87.804756	4.421000

87.807310	6.820000

87.809865	6.995000

87.812419	8.922000

87.814974	8.583000

87.817528	6.953000

87.820083	7.990000

87.822637	6.268000

87.825192	8.317000

87.827746	7.874000

87.830301	5.059000

87.832855	7.779000

87.835410	9.947000

87.837964	10.642000

87.840519	10.035000

87.843073	9.929000

87.845627	10.118000

87.848182	10.219000

87.850736	9.900000

87.853291	9.648000

87.855845	9.900000

87.858400	10.234000

87.860954	9.787000

87.863509	9.977000

87.866063	8.169000

87.868618	5.934000

87.871172	8.839000

87.873727	8.038000

87.876281	4.711000

87.878836	6.573000

87.881390	7.950000

87.883944	5.807000

87.886499	4.353000

87.889053	4.827000

87.891608	6.311000

87.894162	8.158000

87.896717	7.894000

87.899271	9.764000

87.901826	8.627000

87.904380	8.749000

87.906935	9.678000

87.909489	10.628000

87.912044	10.102000

87.914598	10.476000

87.917153	10.691000

87.919707	10.368000

87.922262	10.086000

87.924816	9.702000

87.927370	9.439000

87.929925	8.852000

87.932479	9.032000

87.935034	7.863000

87.937588	8.487000

87.940143	7.949000

87.942697	6.866000

87.945252	8.949000

87.947806	7.893000

87.950361	8.075000

87.952915	8.773000

87.955470	9.913000

87.958024	7.802000

87.960579	7.283000

87.963133	8.707000

87.965687	9.186000

87.968242	9.513000

87.970796	9.356000

87.973351	9.875000

87.975905	9.954000

87.978460	9.948000

87.981014	9.570000

87.983569	9.989000

87.986123	9.146000

87.988678	8.528000

87.991232	9.970000

87.993787	9.685000

87.996341	10.044000

87.998896	9.958000

88.001450	10.600000

88.004005	10.179000

88.006559	9.795000

88.009113	9.592000

88.011668	9.775000

88.014222	9.718000

88.016777	8.581000

88.019331	6.913000

88.021886	6.167000

88.024440	8.349000

88.026995	5.136000

88.029549	5.137000

88.032104	0.000000

88.034658	5.669000

88.037213	3.237000

88.039767	0.000000

88.042322	5.886000

88.044876	5.367000

88.047430	7.902000

88.049985	8.692000

88.052539	8.556000

88.055094	8.936000

88.057648	9.433000

88.060203	9.796000

88.062757	9.331000

88.065312	9.698000

88.067866	9.538000

88.070421	10.616000

88.072975	10.423000

88.075530	10.124000

88.078084	10.454000

88.080639	9.301000

88.083193	7.558000

88.085748	6.996000

88.088302	8.727000

88.090856	9.529000

88.093411	9.853000

88.095965	9.315000

88.098520	9.734000

88.101074	9.165000

88.103629	7.826000

88.106183	7.881000

88.108738	8.687000

88.111292	10.019000

88.113847	10.630000

88.116401	10.036000

88.118956	8.140000

88.121510	9.104000

88.124065	8.535000

88.126619	8.163000

88.129173	3.752000

88.131728	6.927000

88.134282	6.170000

88.136837	8.687000

88.139391	8.177000

88.141946	7.887000

88.144500	7.407000

88.147055	7.871000

88.149609	10.005000

88.152164	10.124000

88.154718	10.178000

88.157273	10.565000

88.159827	10.821000

88.162382	9.868000

88.164936	9.760000

88.167491	10.151000

88.170045	10.288000

88.172599	10.501000

88.175154	10.099000

88.177708	10.865000

88.180263	10.720000

88.182817	10.510000

88.185372	10.361000

88.187926	10.101000

88.190481	9.445000

88.193035	8.656000

88.195590	9.343000

88.198144	10.190000

88.200699	10.639000

88.203253	10.761000

88.205808	10.621000

88.208362	10.736000

88.210916	10.506000

88.213471	10.423000

88.216025	9.789000

88.218580	10.071000

88.221134	9.824000

88.223689	9.680000

88.226243	8.321000

88.228798	9.001000

88.231352	9.421000

88.233907	9.433000

88.236461	8.957000

88.239016	8.694000

88.241570	8.355000

88.244125	8.002000

88.246679	7.775000

88.249234	8.988000

88.251788	9.213000

88.254342	7.926000

88.256897	9.022000

88.259451	10.072000

88.262006	10.762000

88.264560	10.986000

88.267115	11.008000

88.269669	11.730000

88.272224	11.571000

88.274778	11.091000

88.277333	11.240000

88.279887	11.402000

88.282442	11.537000

88.284996	11.344000

88.287551	10.732000

88.290105	10.567000

88.292659	10.904000

88.295214	10.778000

88.297768	11.248000

88.300323	11.207000

88.302877	10.591000

88.305432	9.700000

88.307986	8.550000

88.310541	7.693000

88.313095	6.911000

88.315650	3.141000

88.318204	4.482000

88.320759	0.000000

88.323313	7.273000

88.325868	7.343000

88.328422	7.157000

88.330977	7.793000

88.333531	4.924000

88.336085	8.954000

88.338640	9.017000

88.341194	9.502000

88.343749	9.267000

88.346303	8.534000

88.348858	7.871000

88.351412	7.786000

88.353967	8.875000

88.356521	9.264000

88.359076	6.159000

88.361630	5.231000

88.364185	8.176000

88.366739	7.463000

88.369294	5.843000

88.371848	6.471000

88.374402	6.733000

88.376957	8.295000

88.379511	8.567000

88.382066	10.196000

88.384620	10.914000

88.387175	11.025000

88.389729	11.011000

88.392284	10.543000

88.394838	10.739000

88.397393	10.697000

88.399947	10.720000

88.402502	10.831000

88.405056	10.804000

88.407611	9.805000

88.410165	8.579000

88.412720	6.414000

88.415274	6.259000

88.417828	0.544000

88.420383	4.424000

88.422937	7.589000

88.425492	7.979000

88.428046	9.773000

88.430601	10.562000

88.433155	10.542000

88.435710	9.378000

88.438264	10.236000

88.440819	9.919000

88.443373	9.513000

88.445928	9.623000

88.448482	10.063000

88.451037	9.988000

88.453591	9.974000

88.456145	9.047000

88.458700	8.791000

88.461254	6.682000

88.463809	7.266000

88.466363	8.462000

88.468918	7.862000

88.471472	8.074000

88.474027	8.282000

88.476581	7.802000

88.479136	8.404000

88.481690	7.311000

88.484245	2.167000

88.486799	2.282000

88.489354	7.506000

88.491908	8.598000

88.494463	7.621000

88.497017	3.170000

88.499571	5.232000

88.502126	5.664000

88.504680	7.768000

88.507235	0.000000

88.509789	7.801000

88.512344	3.487000

88.514898	7.527000

88.517453	7.586000

88.520007	6.451000

88.522562	9.109000

88.525116	8.908000

88.527671	8.573000

88.530225	9.250000

88.532780	8.318000

88.535334	5.956000

88.537888	0.803000

88.540443	7.521000

88.542997	3.407000

88.545552	8.416000

88.548106	7.267000

88.550661	9.352000

88.553215	10.281000

88.555770	9.746000

88.558324	10.018000

88.560879	10.348000

88.563433	9.644000

88.565988	8.060000

88.568542	5.295000

88.571097	4.635000

88.573651	6.902000

88.576206	5.761000

88.578760	4.719000

88.581314	9.452000

88.583869	9.700000

88.586423	10.376000

88.588978	9.585000

88.591532	9.623000

88.594087	9.774000

88.596641	8.751000

88.599196	8.480000

88.601750	5.996000

88.604305	5.887000

88.606859	5.064000

88.609414	6.023000

88.611968	7.672000

88.614523	8.328000

88.617077	8.898000

88.619632	7.801000

88.622186	5.221000

88.624740	5.888000

88.627295	4.864000

88.629849	7.650000

88.632404	7.699000

88.634958	8.679000

88.637513	8.522000

88.640067	7.467000

88.642622	8.569000

88.645176	3.097000

88.647731	8.900000

88.650285	6.864000

88.652840	5.583000

88.655394	7.286000

88.657949	6.837000

88.660503	0.000000

88.663057	5.347000

88.665612	8.566000

88.668166	5.497000

88.670721	7.615000

88.673275	7.973000

88.675830	9.045000

88.678384	8.995000

88.680939	9.989000

88.683493	10.157000

88.686048	10.268000

88.688602	10.837000

88.691157	9.365000

88.693711	10.049000

88.696266	9.457000

88.698820	8.813000

88.701375	10.874000

88.703929	10.519000

88.706483	11.052000

88.709038	11.014000

88.711592	10.615000

88.714147	9.889000

88.716701	8.443000

88.719256	5.374000

88.721810	6.908000

88.724365	9.115000

88.726919	8.034000

88.729474	9.547000

88.732028	8.075000

88.734583	7.425000

88.737137	8.424000

88.739692	6.528000

88.742246	3.229000

88.744800	6.491000

88.747355	8.201000

88.749909	7.808000

88.752464	7.851000

88.755018	6.142000

88.757573	6.598000

88.760127	8.450000

88.762682	9.727000

88.765236	9.671000

88.767791	9.840000

88.770345	8.218000

88.772900	9.543000

88.775454	9.341000

88.778009	9.202000

88.780563	9.227000

88.783118	8.364000

88.785672	7.468000

88.788226	4.259000

88.790781	6.799000

88.793335	4.861000

88.795890	5.639000

88.798444	7.168000

88.800999	8.110000

88.803553	8.849000

88.806108	8.869000

88.808662	9.635000

88.811217	8.668000

88.813771	4.291000

88.816326	5.928000

88.818880	8.911000

88.821435	8.611000

88.823989	8.272000

88.826543	7.418000

88.829098	7.914000

88.831652	7.290000

88.834207	5.585000

88.836761	7.570000

88.839316	7.933000

88.841870	9.433000

88.844425	8.528000

88.846979	8.404000

88.849534	8.038000

88.852088	4.202000

88.854643	6.101000

88.857197	6.489000

88.859752	7.360000

88.862306	6.354000

88.864861	8.674000

88.867415	7.275000

88.869969	7.826000

88.872524	8.017000

88.875078	8.924000

88.877633	7.852000

88.880187	9.402000

88.882742	9.758000

88.885296	10.710000

88.887851	10.849000

88.890405	10.738000

88.892960	10.615000

88.895514	10.337000

88.898069	11.055000

88.900623	10.946000

88.903178	10.984000

88.905732	10.621000

88.908286	9.968000

88.910841	10.288000

88.913395	10.024000

88.915950	9.829000

88.918504	8.399000

88.921059	8.502000

88.923613	6.813000

88.926168	7.702000

88.928722	7.538000

88.931277	7.227000

88.933831	8.955000

88.936386	9.325000

88.938940	9.018000

88.941495	6.990000

88.944049	3.276000

88.946604	6.705000

88.949158	8.304000

88.951712	7.961000

88.954267	8.857000

88.956821	9.424000

88.959376	9.199000

88.961930	9.566000

88.964485	10.105000

88.967039	10.236000

88.969594	10.564000

88.972148	10.344000

88.974703	10.422000

88.977257	11.000000

88.979812	11.782000

88.982366	11.920000

88.984921	11.691000

88.987475	11.580000

88.990029	11.163000

88.992584	10.684000

88.995138	11.110000

88.997693	11.141000

89.000247	11.049000

89.002802	11.010000

89.005356	11.003000

89.007911	10.565000

89.010465	10.687000

89.013020	10.459000

89.015574	10.915000

89.018129	10.126000

89.020683	7.420000

89.023238	8.548000

89.025792	8.016000

89.028347	7.914000

89.030901	7.095000

89.033455	6.685000

89.036010	3.028000

89.038564	6.720000

89.041119	3.522000

89.043673	0.244000

89.046228	8.502000

89.048782	9.281000

89.051337	9.290000

89.053891	8.637000

89.056446	8.593000

89.059000	7.135000

89.061555	7.510000

89.064109	9.356000

89.066664	7.239000

89.069218	7.625000

89.071772	8.993000

89.074327	9.461000

89.076881	9.755000

89.079436	9.406000

89.081990	7.986000

89.084545	8.698000

89.087099	8.286000

89.089654	8.054000

89.092208	7.807000

89.094763	5.366000

89.097317	7.810000

89.099872	6.486000

89.102426	7.793000

89.104981	5.999000

89.107535	3.944000

89.110090	9.053000

89.112644	6.134000

89.115198	6.866000

89.117753	5.568000

89.120307	0.557000

89.122862	7.455000

89.125416	7.126000

89.127971	6.485000

89.130525	6.623000

89.133080	8.423000

89.135634	9.363000

89.138189	9.054000

89.140743	9.154000

89.143298	8.662000

89.145852	10.385000

89.148407	9.875000

89.150961	9.193000

89.153515	7.958000

89.156070	5.994000

89.158624	5.221000

89.161179	6.526000

89.163733	7.281000

89.166288	6.200000

89.168842	4.375000

89.171397	9.558000

89.173951	8.486000

89.176506	8.209000

89.179060	8.112000

89.181615	0.640000

89.184169	0.000000

89.186724	7.791000

89.189278	4.719000

89.191833	5.907000

89.194387	8.939000

89.196941	10.676000

89.199496	10.832000

89.202050	10.687000

89.204605	10.581000

89.207159	9.938000

89.209714	10.029000

89.212268	10.015000

89.214823	9.332000

89.217377	10.599000

89.219932	10.004000

89.222486	9.358000

89.225041	9.165000

89.227595	9.163000

89.230150	7.640000

89.232704	6.026000

89.235258	4.808000

89.237813	4.931000

89.240367	7.253000

89.242922	7.050000

89.245476	7.972000

89.248031	7.306000

89.250585	8.610000

89.253140	8.473000

89.255694	9.150000

89.258249	7.157000

89.260803	5.104000

89.263358	8.722000

89.265912	8.988000

89.268467	9.450000

89.271021	9.516000

89.273576	10.048000

89.276130	10.186000

89.278684	10.382000

89.281239	9.545000

89.283793	9.822000

89.286348	9.719000

89.288902	8.526000

89.291457	8.962000

89.294011	8.328000

89.296566	9.711000

89.299120	9.271000

89.301675	9.483000

89.304229	7.943000

89.306784	2.586000

89.309338	5.821000

89.311893	4.844000

89.314447	5.301000

89.317001	7.988000

89.319556	6.891000

89.322110	9.448000

89.324665	9.005000

89.327219	9.269000

89.329774	8.947000

89.332328	9.871000

89.334883	10.461000

89.337437	10.191000

89.339992	10.411000

89.342546	10.598000

89.345101	10.770000

89.347655	10.511000

89.350210	10.077000

89.352764	9.964000

89.355319	8.471000

89.357873	8.779000

89.360427	9.019000

89.362982	8.874000

89.365536	8.259000

89.368091	5.725000

89.370645	5.665000

89.373200	6.866000

89.375754	2.897000

89.378309	7.820000

89.380863	4.562000

89.383418	7.164000

89.385972	7.808000

89.388527	8.031000

89.391081	7.053000

89.393636	0.636000

89.396190	6.290000

89.398744	8.879000

89.401299	8.846000

89.403853	2.830000

89.406408	8.022000

89.408962	5.957000

89.411517	6.514000

89.414071	3.639000

89.416626	5.973000

89.419180	5.583000

89.421735	4.544000

89.424289	7.717000

89.426844	8.973000

89.429398	8.392000

89.431953	7.838000

89.434507	7.276000

89.437062	7.383000

89.439616	7.782000

89.442170	7.357000

89.444725	8.012000

89.447279	10.377000

89.449834	10.402000

89.452388	10.508000

89.454943	10.823000

89.457497	10.664000

89.460052	10.835000

89.462606	10.281000

89.465161	10.550000

89.467715	10.326000

89.470270	9.779000

89.472824	9.310000

89.475379	8.966000

89.477933	8.637000

89.480487	8.259000

89.483042	0.000000

89.485596	7.088000

89.488151	8.408000

89.490705	10.050000

89.493260	10.473000

89.495814	10.807000

89.498369	10.814000

89.500923	10.285000

89.503478	10.568000

89.506032	10.243000

89.508587	9.907000

89.511141	10.751000

89.513696	10.893000

89.516250	10.790000

89.518805	10.772000

89.521359	10.224000

89.523913	9.799000

89.526468	9.550000

89.529022	8.705000

89.531577	8.829000

89.534131	7.271000

89.536686	9.284000

89.539240	8.331000

89.541795	9.008000

89.544349	8.806000

89.546904	6.252000

89.549458	7.261000

89.552013	8.311000

89.554567	7.901000

89.557122	2.810000

89.559676	4.724000

89.562230	4.973000

89.564785	7.916000

89.567339	6.354000

89.569894	6.666000

89.572448	7.233000

89.575003	6.387000

89.577557	8.866000

89.580112	6.379000

89.582666	8.019000

89.585221	6.117000

89.587775	8.381000

89.590330	6.966000

89.592884	9.485000

89.595439	10.382000

89.597993	10.588000

89.600548	9.891000

89.603102	10.278000

89.605656	9.067000

89.608211	7.157000

89.610765	6.915000

89.613320	1.954000

89.615874	7.251000

89.618429	6.631000

89.620983	7.125000

89.623538	8.626000

89.626092	8.718000

89.628647	9.018000

89.631201	7.494000

89.633756	7.426000

89.636310	6.013000

89.638865	7.179000

89.641419	6.526000

89.643973	4.942000

89.646528	7.597000

89.649082	5.555000

89.651637	3.477000

89.654191	0.000000

89.656746	7.799000

89.659300	8.523000

89.661855	9.210000

89.664409	6.806000

89.666964	9.154000

89.669518	10.059000

89.672073	10.525000

89.674627	10.081000

89.677182	8.482000

89.679736	2.831000

89.682291	7.655000

89.684845	1.007000

89.687399	8.504000

89.689954	8.404000

89.692508	7.490000

89.695063	7.408000

89.697617	5.877000

89.700172	6.789000

89.702726	5.314000

89.705281	7.603000

89.707835	7.219000

89.710390	6.851000

89.712944	7.842000

89.715499	8.491000

89.718053	8.472000

89.720608	6.833000

89.723162	4.555000

89.725716	7.290000

89.728271	5.055000

89.730825	7.132000

89.733380	7.687000

89.735934	5.321000

89.738489	5.422000

89.741043	6.419000

89.743598	7.806000

89.746152	8.040000

89.748707	5.508000

89.751261	3.407000

89.753816	9.140000

89.756370	9.885000

89.758925	9.458000

89.761479	9.892000

89.764034	10.039000

89.766588	10.460000

89.769142	10.333000

89.771697	10.098000

89.774251	9.889000

89.776806	9.221000

89.779360	9.636000

89.781915	9.368000

89.784469	7.508000

89.787024	8.694000

89.789578	7.827000

89.792133	9.891000

89.794687	10.318000

89.797242	10.490000

89.799796	9.579000

89.802351	9.597000

89.804905	9.763000

89.807459	9.450000

89.810014	9.602000

89.812568	9.959000

89.815123	10.020000

89.817677	8.794000

89.820232	10.009000

89.822786	8.553000

89.825341	8.298000

89.827895	8.100000

89.830450	1.530000

89.833004	8.822000

89.835559	7.198000

89.838113	4.493000

89.840668	8.044000

89.843222	8.792000

89.845777	8.809000

89.848331	8.812000

89.850885	9.674000

89.853440	10.080000

89.855994	9.785000

89.858549	10.454000

89.861103	10.048000

89.863658	10.245000

89.866212	10.035000

89.868767	9.993000

89.871321	9.526000

89.873876	10.108000

89.876430	10.733000

89.878985	10.333000

89.881539	10.138000

89.884094	10.241000

89.886648	8.678000

89.889202	9.660000

89.891757	10.028000

89.894311	9.260000

89.896866	7.864000

89.899420	8.125000

89.901975	7.429000

89.904529	7.138000

89.907084	8.884000

89.909638	8.719000

89.912193	9.507000

89.914747	8.211000

89.917302	6.222000

89.919856	7.866000

89.922411	9.369000

89.924965	8.838000

89.927520	8.557000

89.930074	8.027000

89.932628	2.256000

89.935183	5.902000

89.937737	6.212000

89.940292	0.248000

89.942846	5.883000

89.945401	7.394000

89.947955	8.460000

89.950510	9.864000

89.953064	10.185000

89.955619	10.674000

89.958173	10.825000

89.960728	10.886000

89.963282	10.672000

89.965837	10.877000

89.968391	10.452000

89.970945	10.601000

89.973500	10.066000

89.976054	10.086000

89.978609	10.860000

89.981163	9.926000

89.983718	10.312000

89.986272	11.010000

89.988827	11.157000

89.991381	11.476000

89.993936	11.107000

89.996490	11.377000

89.999045	11.594000

90.001599	10.688000

90.004154	10.261000

90.006708	10.203000

90.009263	10.627000

90.011817	10.725000

90.014371	11.004000

90.016926	10.945000

90.019480	10.849000

90.022035	10.620000

90.024589	10.444000

90.027144	10.055000

90.029698	9.397000

90.032253	9.360000

90.034807	8.705000

90.037362	9.656000

90.039916	9.684000

90.042471	9.543000

90.045025	9.508000

90.047580	9.751000

90.050134	9.697000

90.052688	9.544000

90.055243	9.060000

90.057797	7.286000

90.060352	3.657000

90.062906	4.679000

90.065461	7.449000

90.068015	8.224000

90.070570	7.253000

90.073124	8.265000

90.075679	10.157000

90.078233	10.720000

90.080788	10.840000

90.083342	11.281000

90.085897	11.595000

90.088451	11.455000

90.091006	11.365000

90.093560	11.032000

90.096114	11.440000

90.098669	11.371000

90.101223	11.312000

90.103778	10.940000

90.106332	10.898000

90.108887	11.147000

90.111441	10.477000

90.113996	11.000000

90.116550	11.195000

90.119105	10.619000

90.121659	9.657000

90.124214	9.755000

90.126768	9.901000

90.129323	9.152000

90.131877	8.979000

90.134431	6.190000

90.136986	6.874000

90.139540	1.151000

90.142095	7.450000

90.144649	8.773000

90.147204	6.660000

90.149758	7.163000

90.152313	8.330000

90.154867	7.626000

90.157422	9.076000

90.159976	10.473000

90.162531	11.117000

90.165085	10.579000

90.167640	10.886000

90.170194	10.929000

90.172749	11.033000

90.175303	11.064000

90.177857	10.384000

90.180412	10.659000

90.182966	10.067000

90.185521	9.354000

90.188075	8.351000

90.190630	9.934000

90.193184	9.510000

90.195739	9.476000

90.198293	8.020000

90.200848	8.783000

90.203402	7.919000

90.205957	7.646000

90.208511	7.419000

90.211066	10.060000

90.213620	9.085000

90.216174	10.100000

90.218729	9.553000

90.221283	8.676000

90.223838	9.454000

90.226392	7.870000

90.228947	8.397000

90.231501	8.958000

90.234056	9.258000

90.236610	8.756000

90.239165	7.629000

90.241719	7.942000

90.244274	0.000000

90.246828	3.096000

90.249383	5.285000

90.251937	0.000000

90.254492	7.378000

90.257046	8.031000

90.259600	3.416000

90.262155	6.229000

90.264709	7.922000

90.267264	5.776000

90.269818	9.271000

90.272373	9.224000

90.274927	8.993000

90.277482	8.988000

90.280036	8.564000

90.282591	8.198000

90.285145	4.928000

90.287700	7.553000

90.290254	3.055000

90.292809	5.242000

90.295363	7.271000

90.297918	8.644000

90.300472	8.977000

90.303026	9.288000

90.305581	8.149000

90.308135	8.360000

90.310690	8.926000

90.313244	10.213000

90.315799	10.466000

90.318353	11.065000

90.320908	11.269000

90.323462	11.295000

90.326017	10.940000

90.328571	9.980000

90.331126	7.933000

90.333680	7.681000

90.336235	8.640000

90.338789	6.425000

90.341343	6.236000

90.343898	9.264000

90.346452	7.418000

90.349007	8.931000

90.351561	9.667000

90.354116	8.310000

90.356670	8.386000

90.359225	8.134000

90.361779	7.046000

90.364334	6.082000

90.366888	0.958000

90.369443	1.253000

90.371997	8.467000

90.374552	6.471000

90.377106	6.619000

90.379661	6.977000

90.382215	1.117000

90.384769	6.514000

90.387324	8.446000

90.389878	8.220000

90.392433	9.159000

90.394987	10.352000

90.397542	9.236000

90.400096	10.814000

90.402651	10.627000

90.405205	10.709000

90.407760	10.068000

90.410314	10.398000

90.412869	10.150000

90.415423	9.793000

90.417978	10.147000

90.420532	10.044000

90.423086	10.492000

90.425641	10.057000

90.428195	10.763000

90.430750	9.491000

90.433304	8.178000

90.435859	8.038000

90.438413	8.251000

90.440968	7.742000

90.443522	9.671000

90.446077	9.188000

90.448631	9.872000

90.451186	8.568000

90.453740	7.031000

90.456295	4.925000

90.458849	9.841000

90.461404	10.497000

90.463958	11.030000

90.466512	11.130000

90.469067	10.973000

90.471621	11.016000

90.474176	10.766000

90.476730	10.505000

90.479285	10.964000

90.481839	9.042000

90.484394	8.536000

90.486948	8.308000

90.489503	7.689000

90.492057	4.126000

90.494612	6.394000

90.497166	7.446000

90.499721	4.500000

90.502275	8.107000

90.504829	8.941000

90.507384	9.655000

90.509938	9.717000

90.512493	9.599000

90.515047	10.310000

90.517602	10.453000

90.520156	10.398000

90.522711	9.634000

90.525265	9.023000

90.527820	9.537000

90.530374	8.065000

90.532929	0.775000

90.535483	5.834000

90.538038	8.009000

90.540592	8.492000

90.543147	8.326000

90.545701	8.511000

90.548255	8.684000

90.550810	9.579000

90.553364	10.043000

90.555919	10.468000

90.558473	11.276000

90.561028	11.139000

90.563582	10.575000

90.566137	10.075000

90.568691	10.573000

90.571246	10.641000

90.573800	9.623000

90.576355	10.128000

90.578909	10.707000

90.581464	10.387000

90.584018	10.628000

90.586572	10.515000

90.589127	10.722000

90.591681	10.443000

90.594236	10.022000

90.596790	9.367000

90.599345	8.579000

90.601899	6.613000

90.604454	2.755000

90.607008	6.155000

90.609563	7.672000

90.612117	8.495000

90.614672	8.772000

90.617226	9.511000

90.619781	8.169000

90.622335	3.867000

90.624890	8.503000

90.627444	9.626000

90.629998	7.556000

90.632553	8.960000

90.635107	9.445000

90.637662	9.352000

90.640216	8.677000

90.642771	7.598000

90.645325	7.264000

90.647880	7.551000

90.650434	8.362000

90.652989	2.416000

90.655543	8.329000

90.658098	8.469000

90.660652	8.494000

90.663207	7.852000

90.665761	6.790000

90.668315	8.122000

90.670870	8.688000

90.673424	8.301000

90.675979	9.626000

90.678533	10.310000

90.681088	10.029000

90.683642	9.788000

90.686197	9.319000

90.688751	9.701000

90.691306	9.728000

90.693860	9.553000

90.696415	9.586000

90.698969	10.053000

90.701524	9.916000

90.704078	10.250000

90.706633	10.201000

90.709187	8.359000

90.711741	9.270000

90.714296	9.752000

90.716850	9.039000

90.719405	8.100000

90.721959	8.042000

90.724514	7.457000

90.727068	1.491000

90.729623	6.127000

90.732177	6.132000

90.734732	8.950000

90.737286	8.818000

90.739841	8.364000

90.742395	9.340000

90.744950	9.883000

90.747504	10.360000

90.750058	10.762000

90.752613	10.548000

90.755167	11.308000

90.757722	11.421000

90.760276	11.093000

90.762831	11.196000

90.765385	11.290000

90.767940	11.182000

90.770494	10.751000

90.773049	9.912000

90.775603	8.548000

90.778158	8.099000

90.780712	8.096000

90.783267	9.770000

90.785821	9.000000

90.788376	8.309000

90.790930	8.398000

90.793484	8.327000

90.796039	0.000000

90.798593	5.509000

90.801148	6.581000

90.803702	7.636000

90.806257	6.024000

90.808811	5.985000

90.811366	6.620000

90.813920	4.929000

90.816475	5.615000

90.819029	9.143000

90.821584	9.323000

90.824138	9.958000

90.826693	9.237000

90.829247	9.500000

90.831801	8.463000

90.834356	6.368000

90.836910	1.621000

90.839465	6.164000

90.842019	8.215000

90.844574	8.772000

90.847128	8.407000

90.849683	5.738000

90.852237	3.837000

90.854792	6.366000

90.857346	8.977000

90.859901	9.828000

90.862455	10.700000

90.865010	10.851000

90.867564	11.140000

90.870119	10.986000

90.872673	10.443000

90.875227	10.298000

90.877782	10.268000

90.880336	10.358000

90.882891	9.978000

90.885445	10.059000

90.888000	10.265000

90.890554	9.890000

90.893109	9.340000

90.895663	9.575000

90.898218	9.458000

90.900772	4.713000

90.903327	9.222000

90.905881	10.288000

90.908436	10.036000

90.910990	9.965000

90.913544	10.002000

90.916099	9.701000

90.918653	10.129000

90.921208	10.839000

90.923762	11.242000

90.926317	10.955000

90.928871	10.828000

90.931426	10.390000

90.933980	10.721000

90.936535	10.993000

90.939089	11.201000

90.941644	11.095000

90.944198	10.385000

90.946753	9.188000

90.949307	8.397000

90.951862	9.091000

90.954416	9.648000

90.956970	7.984000

90.959525	6.974000

90.962079	6.941000

90.964634	3.654000

90.967188	3.676000

90.969743	7.004000

90.972297	6.133000

90.974852	4.792000

90.977406	7.860000

90.979961	8.896000

90.982515	8.320000

90.985070	8.733000

90.987624	9.517000

90.990179	9.669000

90.992733	10.337000

90.995287	9.929000

90.997842	9.559000

91.000396	7.148000

91.002951	7.679000

91.005505	8.548000

91.008060	7.867000

91.010614	8.976000

91.013169	7.456000

91.015723	5.638000

91.018278	7.689000

91.020832	6.155000

91.023387	6.639000

91.025941	4.137000

91.028496	7.530000

91.031050	9.435000

91.033605	9.289000

91.036159	10.611000

91.038713	9.574000

91.041268	7.606000

91.043822	0.535000

91.046377	7.167000

91.048931	9.466000

91.051486	10.178000

91.054040	10.623000

91.056595	10.578000

91.059149	9.912000

91.061704	9.785000

91.064258	9.046000

91.066813	9.193000

91.069367	9.497000

91.071922	9.763000

91.074476	9.552000

91.077030	9.541000

91.079585	7.954000

91.082139	8.640000

91.084694	8.150000

91.087248	6.699000

91.089803	5.141000

91.092357	8.527000

91.094912	9.304000

91.097466	9.568000

91.100021	9.222000

91.102575	9.314000

91.105130	6.919000

91.107684	0.000000

91.110239	7.696000

91.112793	5.976000

91.115348	5.619000

91.117902	4.728000

91.120456	6.809000

91.123011	7.827000

91.125565	9.551000

91.128120	10.149000

91.130674	9.955000

91.133229	9.761000

91.135783	9.968000

91.138338	9.171000

91.140892	7.338000

91.143447	6.177000

91.146001	7.840000

91.148556	7.626000

91.151110	8.191000

91.153665	3.458000

91.156219	4.655000

91.158773	7.242000

91.161328	5.967000

91.163882	6.727000

91.166437	5.785000

91.168991	9.428000

91.171546	8.616000

91.174100	8.344000

91.176655	7.910000

91.179209	8.590000

91.181764	7.705000

91.184318	6.247000

91.186873	6.239000

91.189427	2.417000

91.191982	8.128000

91.194536	9.422000

91.197091	8.763000

91.199645	7.339000

91.202199	9.860000

91.204754	8.463000

91.207308	4.311000

91.209863	2.542000

91.212417	3.005000

91.214972	7.078000

91.217526	5.980000

91.220081	7.749000

91.222635	9.763000

91.225190	8.802000

91.227744	9.495000

91.230299	9.964000

91.232853	8.617000

91.235408	9.931000

91.237962	9.958000

91.240516	9.387000

91.243071	7.779000

91.245625	7.555000

91.248180	3.110000

91.250734	2.343000

91.253289	3.546000

91.255843	5.085000

91.258398	8.426000

91.260952	6.600000

91.263507	6.287000

91.266061	8.628000

91.268616	6.617000

91.271170	4.771000

91.273725	6.247000

91.276279	4.791000

91.278834	2.502000

91.281388	8.195000

91.283942	6.244000

91.286497	8.395000

91.289051	10.122000

91.291606	10.003000

91.294160	10.267000

91.296715	10.290000

91.299269	10.604000

91.301824	10.014000

91.304378	10.219000

91.306933	10.152000

91.309487	10.331000

91.312042	9.797000

91.314596	9.039000

91.317151	8.924000

91.319705	6.620000

91.322259	5.929000

91.324814	1.325000

91.327368	7.823000

91.329923	4.331000

91.332477	7.221000

91.335032	1.791000

91.337586	5.077000

91.340141	3.894000

91.342695	7.334000

91.345250	7.009000

91.347804	7.801000

91.350359	8.279000

91.352913	8.264000

91.355468	1.664000

91.358022	4.477000

91.360577	6.718000

91.363131	0.000000

91.365685	6.155000

91.368240	8.068000

91.370794	7.958000

91.373349	5.265000

91.375903	3.905000

91.378458	3.498000

91.381012	7.588000

91.383567	4.727000

91.386121	0.230000

91.388676	4.687000

91.391230	3.977000

91.393785	3.174000

91.396339	6.350000

91.398894	4.669000

91.401448	6.482000

91.404002	8.904000

91.406557	7.558000

91.409111	7.773000

91.411666	7.743000

91.414220	6.290000

91.416775	7.862000

91.419329	7.183000

91.421884	2.640000

91.424438	8.890000

91.426993	6.986000

91.429547	5.814000

91.432102	2.993000

91.434656	5.879000

91.437211	8.636000

91.439765	8.452000

91.442320	7.957000

91.444874	8.880000

91.447428	6.062000

91.449983	3.949000

91.452537	5.918000

91.455092	5.463000

91.457646	7.941000

91.460201	7.468000

91.462755	9.368000

91.465310	9.946000

91.467864	8.498000

91.470419	9.147000

91.472973	9.163000

91.475528	8.505000

91.478082	9.589000

91.480637	7.176000

91.483191	0.641000

91.485745	0.000000

91.488300	4.521000

91.490854	9.027000

91.493409	9.764000

91.495963	10.031000

91.498518	10.075000

91.501072	10.392000

91.503627	10.539000

91.506181	9.429000

91.508736	8.936000

91.511290	8.405000

91.513845	7.958000

91.516399	7.277000

91.518954	8.461000

91.521508	3.388000

91.524063	5.395000

91.526617	7.267000

91.529171	7.059000

91.531726	4.091000

91.534280	8.182000

91.536835	8.929000

91.539389	10.048000

91.541944	9.693000

91.544498	10.178000

91.547053	10.024000

91.549607	9.644000

91.552162	9.820000

91.554716	9.020000

91.557271	8.193000

91.559825	0.000000

91.562380	6.001000

91.564934	8.878000

91.567488	8.232000

91.570043	8.098000

91.572597	9.103000

91.575152	10.293000

91.577706	10.943000

91.580261	10.888000

91.582815	11.176000

91.585370	11.002000

91.587924	11.183000

91.590479	10.809000

91.593033	9.540000

91.595588	8.783000

91.598142	6.358000

91.600697	5.114000

91.603251	8.460000

91.605806	9.720000

91.608360	10.511000

91.610914	10.528000

91.613469	10.810000

91.616023	11.445000

91.618578	11.889000

91.621132	12.042000

91.623687	12.209000

91.626241	12.338000

91.628796	12.107000

91.631350	12.548000

91.633905	12.702000

91.636459	12.247000

91.639014	11.643000

91.641568	11.215000

91.644123	10.697000

91.646677	11.081000

91.649231	10.709000

91.651786	10.416000

91.654340	9.275000

91.656895	9.238000

91.659449	7.667000

91.662004	5.105000

91.664558	3.889000

91.667113	5.023000

91.669667	7.328000

91.672222	6.101000

91.674776	8.213000

91.677331	9.091000

91.679885	8.816000

91.682440	8.198000

91.684994	7.768000

91.687549	6.621000

91.690103	9.326000

91.692657	9.023000

91.695212	8.609000

91.697766	2.189000

91.700321	8.196000

91.702875	8.000000

91.705430	0.086000

91.707984	5.566000

91.710539	8.629000

91.713093	8.866000

91.715648	6.558000

91.718202	6.985000

91.720757	8.361000

91.723311	9.051000

91.725866	5.906000

91.728420	8.320000

91.730974	8.884000

91.733529	9.632000

91.736083	10.045000

91.738638	10.009000

91.741192	10.183000

91.743747	10.613000

91.746301	10.291000

91.748856	10.489000

91.751410	10.797000

91.753965	9.807000

91.756519	9.538000

91.759074	9.821000

91.761628	9.764000

91.764183	9.555000

91.766737	9.299000

91.769292	9.835000

91.771846	9.928000

91.774400	8.847000

91.776955	8.247000

91.779509	7.435000

91.782064	9.142000

91.784618	9.361000

91.787173	7.706000

91.789727	8.765000

91.792282	8.552000

91.794836	7.602000

91.797391	7.199000

91.799945	7.958000

91.802500	2.273000

91.805054	7.836000

91.807609	8.173000

91.810163	8.207000

91.812717	8.413000

91.815272	3.971000

91.817826	7.310000

91.820381	3.609000

91.822935	4.672000

91.825490	5.527000

91.828044	5.516000

91.830599	5.008000

91.833153	6.125000

91.835708	4.255000

91.838262	6.461000

91.840817	6.378000

91.843371	7.437000

91.845926	9.126000

91.848480	7.355000

91.851035	6.942000

91.853589	7.241000

91.856143	5.118000

91.858698	7.738000

91.861252	5.910000

91.863807	5.224000

91.866361	6.982000

91.868916	8.422000

91.871470	9.254000

91.874025	9.346000

91.876579	9.055000

91.879134	9.237000

91.881688	8.213000

91.884243	9.809000

91.886797	9.458000

91.889352	9.363000

91.891906	8.187000

91.894460	8.320000

91.897015	7.044000

91.899569	8.540000

91.902124	9.906000

91.904678	10.187000

91.907233	10.982000

91.909787	11.185000

91.912342	10.894000

91.914896	10.238000

91.917451	9.713000

91.920005	8.765000

91.922560	9.910000

91.925114	10.694000

91.927669	10.953000

91.930223	10.851000

91.932778	11.119000

91.935332	11.320000

91.937886	10.768000

91.940441	10.387000

91.942995	9.913000

91.945550	8.899000

91.948104	9.181000

91.950659	8.547000

91.953213	5.929000

91.955768	6.422000

91.958322	3.757000

91.960877	6.906000

91.963431	6.905000

91.965986	5.993000

91.968540	7.482000

91.971095	9.709000

91.973649	10.220000

91.976203	9.262000

91.978758	8.507000

91.981312	7.272000

91.983867	7.833000

91.986421	7.929000

91.988976	6.391000

91.991530	5.302000

91.994085	7.652000

91.996639	4.969000

91.999194	6.825000

92.001748	9.068000

92.004303	8.729000

92.006857	5.196000

92.009412	8.771000

92.011966	9.607000

92.014521	8.271000

92.017075	2.879000

92.019629	8.901000

92.022184	8.328000

92.024738	8.733000

92.027293	9.900000

92.029847	9.260000

92.032402	9.265000

92.034956	7.606000

92.037511	8.159000

92.040065	6.857000

92.042620	8.216000

92.045174	9.547000

92.047729	10.153000

92.050283	9.858000

92.052838	9.374000

92.055392	9.101000

92.057947	8.918000

92.060501	0.000000

92.063055	6.385000

92.065610	3.393000

92.068164	4.516000

92.070719	8.411000

92.073273	9.504000

92.075828	9.944000

92.078382	6.366000

92.080937	7.144000

92.083491	8.340000

92.086046	9.271000

92.088600	9.882000

92.091155	10.379000

92.093709	10.589000

92.096264	10.022000

92.098818	10.138000

92.101372	10.586000

92.103927	10.226000

92.106481	9.934000

92.109036	9.770000

92.111590	9.425000

92.114145	10.668000

92.116699	11.101000

92.119254	11.344000

92.121808	10.737000

92.124363	10.696000

92.126917	10.241000

92.129472	8.844000

92.132026	6.523000

92.134581	1.422000

92.137135	7.488000

92.139690	7.494000

92.142244	7.384000

92.144798	7.994000

92.147353	8.699000

92.149907	7.194000

92.152462	8.011000

92.155016	6.344000

92.157571	5.425000

92.160125	1.532000

92.162680	3.266000

92.165234	8.051000

92.167789	6.816000

92.170343	7.560000

92.172898	8.546000

92.175452	5.089000

92.178007	7.859000

92.180561	6.848000

92.183115	4.463000

92.185670	6.471000

92.188224	4.247000

92.190779	8.983000

92.193333	9.402000

92.195888	8.959000

92.198442	8.917000

92.200997	9.524000

92.203551	9.968000

92.206106	9.789000

92.208660	10.892000

92.211215	10.693000

92.213769	10.567000

92.216324	11.079000

92.218878	10.291000

92.221433	10.693000

92.223987	9.539000

92.226541	9.629000

92.229096	10.646000

92.231650	9.479000

92.234205	6.675000

92.236759	0.407000

92.239314	7.563000

92.241868	7.904000

92.244423	2.470000

92.246977	5.158000

92.249532	4.938000

92.252086	6.119000

92.254641	5.002000

92.257195	7.354000

92.259750	9.007000

92.262304	7.504000

92.264858	7.852000

92.267413	9.263000

92.269967	9.119000

92.272522	9.527000

92.275076	8.360000

92.277631	7.789000

92.280185	6.590000

92.282740	6.686000

92.285294	7.402000

92.287849	8.957000

92.290403	6.351000

92.292958	6.079000

92.295512	5.360000

92.298067	6.536000

92.300621	2.926000

92.303176	6.021000

92.305730	6.957000

92.308284	7.171000

92.310839	3.159000

92.313393	4.738000

92.315948	4.594000

92.318502	7.495000

92.321057	7.394000

92.323611	8.803000

92.326166	9.751000

92.328720	10.156000

92.331275	9.806000

92.333829	9.827000

92.336384	9.800000

92.338938	10.144000

92.341493	9.395000

92.344047	8.645000

92.346601	9.403000

92.349156	10.169000

92.351710	10.403000

92.354265	9.470000

92.356819	9.185000

92.359374	7.779000

92.361928	6.001000

92.364483	5.475000

92.367037	5.523000

92.369592	7.962000

92.372146	9.161000

92.374701	9.682000

92.377255	10.143000

92.379810	9.990000

92.382364	10.456000

92.384919	10.117000

92.387473	9.689000

92.390027	10.139000

92.392582	10.731000

92.395136	10.887000

92.397691	10.649000

92.400245	9.962000

92.402800	10.023000

92.405354	9.691000

92.407909	9.722000

92.410463	7.619000

92.413018	4.159000

92.415572	4.414000

92.418127	0.000000

92.420681	8.151000

92.423236	8.461000

92.425790	9.251000

92.428344	9.331000

92.430899	9.373000

92.433453	9.414000

92.436008	9.451000

92.438562	9.672000

92.441117	10.034000

92.443671	10.090000

92.446226	9.343000

92.448780	8.575000

92.451335	9.369000

92.453889	10.235000

92.456444	9.869000

92.458998	9.981000

92.461553	9.538000

92.464107	7.172000

92.466662	7.920000

92.469216	8.025000

92.471770	6.606000

92.474325	7.842000

92.476879	4.276000

92.479434	6.823000

92.481988	9.308000

92.484543	9.118000

92.487097	9.282000

92.489652	9.912000

92.492206	9.737000

92.494761	10.042000

92.497315	9.468000

92.499870	8.032000

92.502424	6.325000

92.504979	5.232000

92.507533	0.000000

92.510087	7.880000

92.512642	7.839000

92.515196	3.129000

92.517751	7.129000

92.520305	7.389000

92.522860	9.598000

92.525414	10.607000

92.527969	10.022000

92.530523	9.015000

92.533078	9.399000

92.535632	9.030000

92.538187	5.332000

92.540741	7.784000

92.543296	6.940000

92.545850	6.028000

92.548405	8.124000

92.550959	8.434000

92.553513	1.889000

92.556068	4.488000

92.558622	5.573000

92.561177	8.205000

92.563731	7.433000

92.566286	8.109000

92.568840	8.228000

92.571395	8.048000

92.573949	8.888000

92.576504	8.642000

92.579058	7.904000

92.581613	10.048000

92.584167	9.366000

92.586722	8.815000

92.589276	8.463000

92.591830	8.983000

92.594385	8.352000

92.596939	0.000000

92.599494	6.525000

92.602048	6.967000

92.604603	9.290000

92.607157	9.509000

92.609712	10.305000

92.612266	10.757000

92.614821	10.874000

92.617375	10.350000

92.619930	10.118000

92.622484	9.922000

92.625039	10.624000

92.627593	10.961000

92.630148	10.857000

92.632702	11.053000

92.635256	10.513000

92.637811	9.282000

92.640365	7.985000

92.642920	8.443000

92.645474	7.967000

92.648029	7.319000

92.650583	5.667000

92.653138	6.257000

92.655692	7.987000

92.658247	9.010000

92.660801	7.864000

92.663356	7.542000

92.665910	8.745000

92.668465	8.045000

92.671019	8.192000

92.673573	8.316000

92.676128	8.976000

92.678682	6.200000

92.681237	6.732000

92.683791	3.953000

92.686346	0.000000

92.688900	3.792000

92.691455	5.250000

92.694009	9.475000

92.696564	9.833000

92.699118	10.257000

92.701673	9.767000

92.704227	9.698000

92.706782	10.220000

92.709336	10.568000

92.711891	10.908000

92.714445	10.658000

92.716999	10.556000

92.719554	10.525000

92.722108	10.594000

92.724663	10.958000

92.727217	10.856000

92.729772	9.973000

92.732326	9.768000

92.734881	10.182000

92.737435	10.087000

92.739990	9.368000

92.742544	9.235000

92.745099	9.864000

92.747653	10.264000

92.750208	8.911000

92.752762	8.860000

92.755316	7.305000

92.757871	9.031000

92.760425	9.214000

92.762980	9.307000

92.765534	8.153000

92.768089	6.932000

92.770643	7.946000

92.773198	9.104000

92.775752	9.980000

92.778307	9.812000

92.780861	9.600000

92.783416	9.852000

92.785970	9.606000

92.788525	9.798000

92.791079	6.614000

92.793634	7.608000

92.796188	8.457000

92.798742	8.557000

92.801297	8.814000

92.803851	8.976000

92.806406	9.125000

92.808960	9.106000

92.811515	8.677000

92.814069	7.994000

92.816624	5.400000

92.819178	7.414000

92.821733	6.820000

92.824287	7.550000

92.826842	8.165000

92.829396	8.919000

92.831951	9.790000

92.834505	9.960000

92.837059	10.381000

92.839614	9.555000

92.842168	9.562000

92.844723	8.468000

92.847277	7.779000

92.849832	8.579000

92.852386	8.454000

92.854941	8.692000

92.857495	9.385000

92.860050	9.797000

92.862604	9.780000

92.865159	9.826000

92.867713	8.838000

92.870268	9.619000

92.872822	9.797000

92.875377	8.661000

92.877931	8.579000

92.880485	8.819000

92.883040	8.696000

92.885594	6.820000

92.888149	6.929000

92.890703	5.814000

92.893258	0.313000

92.895812	7.325000

92.898367	9.072000

92.900921	8.939000

92.903476	8.801000

92.906030	8.565000

92.908585	9.428000

92.911139	9.653000

92.913694	5.608000

92.916248	5.069000

92.918802	5.261000

92.921357	8.129000

92.923911	4.270000

92.926466	4.318000

92.929020	4.218000

92.931575	1.062000

92.934129	7.132000

92.936684	6.057000

92.939238	4.580000

92.941793	1.364000

92.944347	5.521000

92.946902	4.330000

92.949456	7.929000

92.952011	8.870000

92.954565	9.290000

92.957120	9.119000

92.959674	8.816000

92.962228	9.805000

92.964783	9.864000

92.967337	9.811000

92.969892	8.562000

92.972446	7.639000

92.975001	9.007000

92.977555	9.554000

92.980110	10.350000

92.982664	10.691000

92.985219	10.743000

92.987773	11.391000

92.990328	11.502000

92.992882	11.507000

92.995437	11.696000

92.997991	11.532000

93.000545	11.302000

93.003100	11.193000

93.005654	10.925000

93.008209	10.388000

93.010763	10.370000

93.013318	10.813000

93.015872	10.941000

93.018427	9.906000

93.020981	9.339000

93.023536	4.242000

93.026090	7.980000

93.028645	8.813000

93.031199	9.506000

93.033754	8.640000

93.036308	8.919000

93.038863	8.142000

93.041417	8.195000

93.043971	8.966000

93.046526	8.051000

93.049080	4.027000

93.051635	0.000000

93.054189	0.411000

93.056744	6.334000

93.059298	4.741000

93.061853	8.086000

93.064407	7.226000

93.066962	8.883000

93.069516	9.659000

93.072071	9.998000

93.074625	9.005000

93.077180	7.715000

93.079734	6.800000

93.082288	7.612000

93.084843	8.792000

93.087397	7.890000

93.089952	8.049000

93.092506	8.654000

93.095061	6.589000

93.097615	6.025000

93.100170	8.219000

93.102724	8.687000

93.105279	9.366000

93.107833	8.772000

93.110388	7.808000

93.112942	7.682000

93.115497	7.011000

93.118051	7.166000

93.120606	8.979000

93.123160	9.169000

93.125714	10.360000

93.128269	9.496000

93.130823	10.109000

93.133378	10.032000

93.135932	10.021000

93.138487	10.523000

93.141041	10.027000

93.143596	9.685000

93.146150	8.895000

93.148705	9.310000

93.151259	10.019000

93.153814	9.422000

93.156368	9.476000

93.158923	8.853000

93.161477	8.741000

93.164031	7.216000

93.166586	3.988000

93.169140	7.974000

93.171695	8.646000

93.174249	9.312000

93.176804	9.520000

93.179358	9.294000

93.181913	10.391000

93.184467	8.848000

93.187022	8.373000

93.189576	7.749000

93.192131	9.318000

93.194685	10.501000

93.197240	9.244000

93.199794	9.428000

93.202349	9.725000

93.204903	9.850000

93.207457	9.764000

93.210012	9.989000

93.212566	9.779000

93.215121	9.149000

93.217675	9.686000

93.220230	8.162000

93.222784	8.728000

93.225339	8.498000

93.227893	9.164000

93.230448	9.373000

93.233002	9.423000

93.235557	8.960000

93.238111	6.424000

93.240666	4.215000

93.243220	5.870000

93.245774	8.373000

93.248329	7.114000

93.250883	5.542000

93.253438	3.651000

93.255992	0.658000

93.258547	5.919000

93.261101	8.468000

93.263656	4.292000

93.266210	2.519000

93.268765	8.034000

93.271319	8.767000

93.273874	7.334000

93.276428	5.697000

93.278983	4.757000

93.281537	8.400000

93.284092	9.404000

93.286646	9.175000

93.289200	9.288000

93.291755	9.289000

93.294309	9.024000

93.296864	8.417000

93.299418	4.432000

93.301973	5.787000

93.304527	6.283000

93.307082	7.463000

93.309636	7.749000

93.312191	7.055000

93.314745	6.885000

93.317300	7.322000

93.319854	4.642000

93.322409	8.079000

93.324963	7.125000

93.327517	7.993000

93.330072	8.524000

93.332626	7.784000

93.335181	8.139000

93.337735	8.164000

93.340290	8.627000

93.342844	7.757000

93.345399	6.476000

93.347953	3.056000

93.350508	3.499000

93.353062	4.943000

93.355617	4.945000

93.358171	4.115000

93.360726	7.906000

93.363280	8.009000

93.365835	4.480000

93.368389	8.637000

93.370943	7.407000

93.373498	7.698000

93.376052	8.916000

93.378607	8.228000

93.381161	4.931000

93.383716	7.760000

93.386270	8.838000

93.388825	6.344000

93.391379	3.006000

93.393934	1.830000

93.396488	7.902000

93.399043	8.311000

93.401597	9.785000

93.404152	9.073000

93.406706	8.881000

93.409260	9.014000

93.411815	7.943000

93.414369	4.718000

93.416924	0.000000

93.419478	9.032000

93.422033	8.249000

93.424587	8.064000

93.427142	1.938000

93.429696	5.479000

93.432251	8.697000

93.434805	9.265000

93.437360	8.905000

93.439914	10.048000

93.442469	10.581000

93.445023	10.953000

93.447578	10.080000

93.450132	9.060000

93.452686	9.478000

93.455241	9.837000

93.457795	8.538000

93.460350	10.381000

93.462904	9.367000

93.465459	8.837000

93.468013	4.127000

93.470568	4.808000

93.473122	7.324000

93.475677	9.451000

93.478231	9.451000

93.480786	9.482000

93.483340	8.995000

93.485895	8.160000

93.488449	4.811000

93.491003	4.284000

93.493558	8.254000

93.496112	5.970000

93.498667	7.290000

93.501221	4.863000

93.503776	8.251000

93.506330	8.697000

93.508885	6.892000

93.511439	4.505000

93.513994	4.298000

93.516548	7.583000

93.519103	8.771000

93.521657	9.404000

93.524212	9.698000

93.526766	8.382000

93.529321	2.645000

93.531875	8.782000

93.534429	9.207000

93.536984	8.872000

93.539538	8.088000

93.542093	8.476000

93.544647	9.473000

93.547202	9.726000

93.549756	8.931000

93.552311	8.045000

93.554865	8.514000

93.557420	6.291000

93.559974	6.524000

93.562529	2.550000

93.565083	3.938000

93.567638	6.595000

93.570192	4.911000

93.572746	5.588000

93.575301	8.177000

93.577855	8.607000

93.580410	7.376000

93.582964	8.760000

93.585519	9.040000

93.588073	8.474000

93.590628	8.324000

93.593182	5.730000

93.595737	9.176000

93.598291	8.905000

93.600846	8.953000

93.603400	9.266000

93.605955	9.940000

93.608509	11.328000

93.611064	11.391000

93.613618	11.270000

93.616172	10.952000

93.618727	10.868000

93.621281	10.249000

93.623836	9.300000

93.626390	9.432000

93.628945	9.757000

93.631499	8.432000

93.634054	5.414000

93.636608	6.805000

93.639163	8.705000

93.641717	9.732000

93.644272	9.327000

93.646826	9.766000

93.649381	9.310000

93.651935	10.323000

93.654489	10.480000

93.657044	10.200000

93.659598	10.463000

93.662153	9.207000

93.664707	8.743000

93.667262	7.396000

93.669816	6.056000

93.672371	6.228000

93.674925	3.758000

93.677480	8.683000

93.680034	8.459000

93.682589	8.080000

93.685143	9.731000

93.687698	9.383000

93.690252	9.121000

93.692807	5.351000

93.695361	2.249000

93.697915	6.296000

93.700470	5.810000

93.703024	5.161000

93.705579	7.410000

93.708133	8.424000

93.710688	7.114000

93.713242	7.792000

93.715797	3.692000

93.718351	7.585000

93.720906	9.026000

93.723460	9.421000

93.726015	10.170000

93.728569	9.565000

93.731124	10.083000

93.733678	10.620000

93.736233	11.549000

93.738787	10.958000

93.741341	11.391000

93.743896	10.762000

93.746450	10.835000

93.749005	10.709000

93.751559	10.949000

93.754114	10.839000

93.756668	11.230000

93.759223	10.776000

93.761777	10.781000

93.764332	10.262000

93.766886	10.087000

93.769441	9.483000

93.771995	9.059000

93.774550	7.664000

93.777104	8.205000

93.779658	8.889000

93.782213	9.571000

93.784767	10.340000

93.787322	10.800000

93.789876	10.887000

93.792431	10.297000

93.794985	10.017000

93.797540	10.305000

93.800094	9.929000

93.802649	10.049000

93.805203	8.395000

93.807758	6.143000

93.810312	3.942000

93.812867	0.746000

93.815421	5.540000

93.817976	5.026000

93.820530	1.158000

93.823084	8.636000

93.825639	8.192000

93.828193	9.798000

93.830748	9.435000

93.833302	7.669000

93.835857	6.302000

93.838411	4.941000

93.840966	7.066000

93.843520	8.278000

93.846075	7.786000

93.848629	8.193000

93.851184	8.606000

93.853738	8.605000

93.856293	7.728000

93.858847	8.637000

93.861401	8.081000

93.863956	8.652000

93.866510	7.521000

93.869065	8.117000

93.871619	1.747000

93.874174	5.806000

93.876728	9.215000

93.879283	9.050000

93.881837	9.603000

93.884392	9.336000

93.886946	9.907000

93.889501	10.722000

93.892055	10.494000

93.894610	10.053000

93.897164	10.300000

93.899719	10.026000

93.902273	9.399000

93.904827	9.480000

93.907382	9.246000

93.909936	9.549000

93.912491	9.314000

93.915045	10.015000

93.917600	9.970000

93.920154	9.128000

93.922709	8.969000

93.925263	6.608000

93.927818	7.793000

93.930372	4.149000

93.932927	8.717000

93.935481	8.167000

93.938036	7.993000

93.940590	9.607000

93.943144	8.067000

93.945699	8.347000

93.948253	6.539000

93.950808	5.888000

93.953362	7.546000

93.955917	6.373000

93.958471	0.971000

93.961026	4.728000

93.963580	1.930000

93.966135	5.297000

93.968689	4.170000

93.971244	6.872000

93.973798	8.453000

93.976353	5.449000

93.978907	7.756000

93.981462	7.490000

93.984016	5.819000

93.986570	7.507000

93.989125	8.325000

93.991679	9.153000

93.994234	9.229000

93.996788	9.005000

93.999343	9.236000

94.001897	8.816000

94.004452	9.220000

94.007006	9.601000

94.009561	8.587000

94.012115	6.837000

94.014670	3.767000

94.017224	7.899000

94.019779	5.036000

94.022333	3.225000

94.024887	4.503000

94.027442	5.724000

94.029996	8.201000

94.032551	3.252000

94.035105	5.906000

94.037660	3.289000

94.040214	3.662000

94.042769	6.846000

94.045323	8.989000

94.047878	7.543000

94.050432	7.026000

94.052987	7.318000

94.055541	6.775000

94.058096	4.881000

94.060650	0.000000

94.063205	8.966000

94.065759	8.685000

94.068313	9.134000

94.070868	10.214000

94.073422	10.899000

94.075977	10.528000

94.078531	10.339000

94.081086	10.806000

94.083640	10.448000

94.086195	10.678000

94.088749	10.481000

94.091304	9.778000

94.093858	9.861000

94.096413	10.202000

94.098967	9.641000

94.101522	9.599000

94.104076	9.452000

94.106630	8.636000

94.109185	7.385000

94.111739	5.876000

94.114294	6.176000

94.116848	7.413000

94.119403	7.857000

94.121957	5.798000

94.124512	7.031000

94.127066	8.162000

94.129621	6.704000

94.132175	3.338000

94.134730	5.673000

94.137284	7.498000

94.139839	9.242000

94.142393	9.608000

94.144948	9.317000

94.147502	8.976000

94.150056	9.132000

94.152611	9.256000

94.155165	8.142000

94.157720	9.670000

94.160274	10.066000

94.162829	10.462000

94.165383	11.491000

94.167938	11.889000

94.170492	11.466000

94.173047	11.216000

94.175601	10.800000

94.178156	10.149000

94.180710	10.376000

94.183265	10.315000

94.185819	9.622000

94.188373	10.016000

94.190928	10.304000

94.193482	10.094000

94.196037	9.785000

94.198591	10.012000

94.201146	10.027000

94.203700	10.071000

94.206255	10.169000

94.208809	8.027000

94.211364	6.416000

94.213918	2.468000

94.216473	6.436000

94.219027	8.234000

94.221582	9.554000

94.224136	8.384000

94.226691	7.393000

94.229245	7.988000

94.231799	7.406000

94.234354	6.855000

94.236908	6.267000

94.239463	5.021000

94.242017	5.545000

94.244572	6.263000

94.247126	7.275000

94.249681	7.044000

94.252235	0.330000

94.254790	9.033000

94.257344	8.369000

94.259899	7.666000

94.262453	8.530000

94.265008	8.918000

94.267562	8.015000

94.270116	6.422000

94.272671	6.932000

94.275225	7.173000

94.277780	6.699000

94.280334	6.963000

94.282889	3.954000

94.285443	5.310000

94.287998	7.674000

94.290552	5.797000

94.293107	7.592000

94.295661	7.840000

94.298216	2.796000

94.300770	4.560000

94.303325	0.672000

94.305879	2.480000

94.308434	7.780000

94.310988	4.186000

94.313542	5.906000

94.316097	8.533000

94.318651	7.579000

94.321206	6.106000

94.323760	0.000000

94.326315	6.191000

94.328869	8.734000

94.331424	10.269000

94.333978	9.640000

94.336533	8.962000

94.339087	7.669000

94.341642	8.016000

94.344196	7.951000

94.346751	8.362000

94.349305	9.114000

94.351859	8.760000

94.354414	8.596000

94.356968	8.648000

94.359523	8.223000

94.362077	7.402000

94.364632	6.771000

94.367186	5.920000

94.369741	4.933000

94.372295	1.036000

94.374850	7.875000

94.377404	7.176000

94.379959	7.860000

94.382513	2.270000

94.385068	0.000000

94.387622	7.213000

94.390177	6.349000

94.392731	6.496000

94.395285	3.861000

94.397840	0.596000

94.400394	0.000000

94.402949	6.769000

94.405503	8.468000

94.408058	9.004000

94.410612	9.104000

94.413167	3.050000

94.415721	7.915000

94.418276	9.156000

94.420830	9.270000

94.423385	10.061000

94.425939	10.272000

94.428494	10.735000

94.431048	11.002000

94.433602	10.956000

94.436157	11.611000

94.438711	11.990000

94.441266	12.122000

94.443820	12.143000

94.446375	12.329000

94.448929	11.918000

94.451484	12.148000

94.454038	12.192000

94.456593	12.151000

94.459147	12.159000

94.461702	11.906000

94.464256	11.639000

94.466811	10.941000

94.469365	10.845000

94.471920	10.115000

94.474474	10.211000

94.477028	10.160000

94.479583	8.746000

94.482137	4.033000

94.484692	8.534000

94.487246	9.548000

94.489801	9.519000

94.492355	9.515000

94.494910	10.503000

94.497464	10.750000

94.500019	10.056000

94.502573	10.686000

94.505128	10.652000

94.507682	10.542000

94.510237	10.568000

94.512791	10.088000

94.515345	10.231000

94.517900	10.517000

94.520454	10.874000

94.523009	10.499000

94.525563	9.353000

94.528118	8.471000

94.530672	1.968000

94.533227	8.784000

94.535781	8.330000

94.538336	8.239000

94.540890	6.785000

94.543445	0.637000

94.545999	5.663000

94.548554	7.413000

94.551108	7.736000

94.553663	5.694000

94.556217	5.456000

94.558771	8.695000

94.561326	9.532000

94.563880	10.402000

94.566435	10.383000

94.568989	10.152000

94.571544	9.846000

94.574098	8.578000

94.576653	8.974000

94.579207	9.879000

94.581762	9.849000

94.584316	9.635000

94.586871	9.500000

94.589425	9.794000

94.591980	9.517000

94.594534	9.471000

94.597088	9.720000

94.599643	8.867000

94.602197	4.616000

94.604752	4.836000

94.607306	7.272000

94.609861	9.131000

94.612415	9.284000

94.614970	7.927000

94.617524	4.573000

94.620079	5.880000

94.622633	7.117000

94.625188	8.384000

94.627742	8.625000

94.630297	9.094000

94.632851	9.878000

94.635406	8.040000

94.637960	7.585000

94.640514	7.510000

94.643069	9.205000

94.645623	10.395000

94.648178	10.067000

94.650732	10.291000

94.653287	10.248000

94.655841	9.284000

94.658396	7.806000

94.660950	8.638000

94.663505	8.455000

94.666059	9.348000

94.668614	9.203000

94.671168	9.718000

94.673723	10.152000

94.676277	11.087000

94.678831	10.608000

94.681386	10.026000

94.683940	8.904000

94.686495	9.175000

94.689049	10.297000

94.691604	9.884000

94.694158	9.883000

94.696713	10.301000

94.699267	10.641000

94.701822	10.308000

94.704376	8.709000

94.706931	6.730000

94.709485	7.224000

94.712040	8.225000

94.714594	1.713000

94.717149	6.812000

94.719703	8.821000

94.722257	9.378000

94.724812	8.619000

94.727366	7.286000

94.729921	2.705000

94.732475	7.304000

94.735030	8.904000

94.737584	7.435000

94.740139	8.586000

94.742693	8.745000

94.745248	8.645000

94.747802	8.595000

94.750357	3.138000

94.752911	7.243000

94.755466	8.581000

94.758020	6.475000

94.760574	5.524000

94.763129	7.063000

94.765683	7.661000

94.768238	7.955000

94.770792	7.281000

94.773347	4.833000

94.775901	7.772000

94.778456	6.323000

94.781010	7.579000

94.783565	6.300000

94.786119	6.899000

94.788674	8.367000

94.791228	5.513000

94.793783	6.761000

94.796337	6.111000

94.798892	8.066000

94.801446	9.661000

94.804000	10.164000

94.806555	9.884000

94.809109	10.640000

94.811664	10.145000

94.814218	10.223000

94.816773	10.749000

94.819327	11.279000

94.821882	11.652000

94.824436	11.264000

94.826991	10.825000

94.829545	10.832000

94.832100	11.263000

94.834654	10.330000

94.837209	8.176000

94.839763	9.369000

94.842317	8.899000

94.844872	8.633000

94.847426	7.726000

94.849981	6.129000

94.852535	7.237000

94.855090	8.241000

94.857644	7.678000

94.860199	6.565000

94.862753	7.786000

94.865308	8.555000

94.867862	7.560000

94.870417	6.929000

94.872971	8.739000

94.875526	9.739000

94.878080	6.650000

94.880635	7.432000

94.883189	6.417000

94.885743	6.578000

94.888298	8.950000

94.890852	8.033000

94.893407	6.770000

94.895961	3.228000

94.898516	1.308000

94.901070	5.539000

94.903625	6.766000

94.906179	4.950000

94.908734	3.176000

94.911288	7.850000

94.913843	8.367000

94.916397	8.962000

94.918952	7.632000

94.921506	7.166000

94.924060	7.858000

94.926615	7.804000

94.929169	9.295000

94.931724	6.800000

94.934278	6.458000

94.936833	7.850000

94.939387	8.579000

94.941942	1.236000

94.944496	0.185000

94.947051	3.504000

94.949605	3.538000

94.952160	8.009000

94.954714	5.347000

94.957269	6.949000

94.959823	8.453000

94.962378	9.502000

94.964932	6.032000

94.967486	6.249000

94.970041	2.496000

94.972595	7.230000

94.975150	0.629000

94.977704	7.714000

94.980259	0.000000

94.982813	5.291000

94.985368	7.212000

94.987922	8.908000

94.990477	8.019000

94.993031	0.000000

94.995586	0.371000

94.998140	4.845000

95.000695	6.714000

95.003249	5.785000

95.005803	7.382000

95.008358	7.184000

95.010912	7.818000

95.013467	7.419000

95.016021	5.186000

95.018576	8.437000

95.021130	9.932000

95.023685	9.746000

95.026239	10.152000

95.028794	8.574000

95.031348	8.604000

95.033903	8.481000

95.036457	9.844000

95.039012	10.180000

95.041566	11.180000

95.044121	11.212000

95.046675	11.039000

95.049229	11.319000

95.051784	11.471000

95.054338	11.334000

95.056893	11.687000

95.059447	11.055000

95.062002	11.091000

95.064556	10.748000

95.067111	10.780000

95.069665	10.431000

95.072220	9.931000

95.074774	6.912000

95.077329	9.188000

95.079883	9.963000

95.082438	10.041000

95.084992	9.638000

95.087546	9.310000

95.090101	8.809000

95.092655	8.170000

95.095210	8.467000

95.097764	9.063000

95.100319	7.112000

95.102873	9.374000

95.105428	9.129000

95.107982	10.138000

95.110537	10.234000

95.113091	9.370000

95.115646	9.510000

95.118200	10.422000

95.120755	9.052000

95.123309	9.130000

95.125864	8.942000

95.128418	7.919000

95.130972	7.176000

95.133527	6.485000

95.136081	4.990000

95.138636	2.084000

95.141190	8.427000

95.143745	7.276000

95.146299	8.204000

95.148854	7.992000

95.151408	9.303000

95.153963	10.420000

95.156517	10.120000

95.159072	9.606000

95.161626	10.057000

95.164181	9.869000

95.166735	10.434000

95.169289	10.197000

95.171844	10.243000

95.174398	10.193000

95.176953	10.798000

95.179507	10.689000

95.182062	11.100000

95.184616	10.728000

95.187171	10.569000

95.189725	10.365000

95.192280	10.737000

95.194834	10.552000

95.197389	9.828000

95.199943	9.266000

95.202498	9.543000

95.205052	8.984000

95.207607	5.048000

95.210161	6.244000

95.212715	8.874000

95.215270	9.181000

95.217824	10.128000

95.220379	10.114000

95.222933	9.705000

95.225488	3.711000

95.228042	6.615000

95.230597	6.478000

95.233151	0.453000

95.235706	4.569000

95.238260	6.351000

95.240815	8.103000

95.243369	7.953000

95.245924	8.465000

95.248478	8.568000

95.251032	9.605000

95.253587	9.221000

95.256141	6.733000

95.258696	4.451000

95.261250	8.127000

95.263805	10.329000

95.266359	9.474000

95.268914	8.650000

95.271468	9.591000

95.274023	9.634000

95.276577	9.520000

95.279132	10.080000

95.281686	9.311000

95.284241	9.932000

95.286795	9.564000

95.289350	10.469000

95.291904	10.754000

95.294458	10.573000

95.297013	10.371000

95.299567	10.048000

95.302122	10.106000

95.304676	10.958000

95.307231	9.673000

95.309785	10.715000

95.312340	10.734000

95.314894	10.302000

95.317449	10.236000

95.320003	9.561000

95.322558	8.546000

95.325112	9.738000

95.327667	10.646000

95.330221	11.188000

95.332775	10.733000

95.335330	10.755000

95.337884	11.197000

95.340439	11.488000

95.342993	11.311000

95.345548	11.053000

95.348102	10.167000

95.350657	11.127000

95.353211	11.457000

95.355766	11.583000

95.358320	11.100000

95.360875	10.869000

95.363429	11.520000

95.365984	12.075000

95.368538	11.585000

95.371093	11.079000

95.373647	11.200000

95.376201	11.604000

95.378756	11.259000

95.381310	10.660000

95.383865	10.632000

95.386419	10.771000

95.388974	10.001000

95.391528	9.678000

95.394083	8.956000

95.396637	7.308000

95.399192	5.712000

95.401746	0.851000

95.404301	4.873000

95.406855	7.335000

95.409410	9.504000

95.411964	8.268000

95.414519	9.249000

95.417073	9.466000

95.419627	9.758000

95.422182	9.218000

95.424736	8.240000

95.427291	9.769000

95.429845	10.151000

95.432400	8.667000

95.434954	0.000000

95.437509	7.024000

95.440063	8.943000

95.442618	6.462000

95.445172	4.248000

95.447727	6.935000

95.450281	6.660000

95.452836	9.235000

95.455390	9.494000

95.457944	10.021000

95.460499	9.986000

95.463053	9.649000

95.465608	9.131000

95.468162	9.027000

95.470717	9.590000

95.473271	9.751000

95.475826	8.451000

95.478380	7.574000

95.480935	9.147000

95.483489	9.122000

95.486044	8.892000

95.488598	9.509000

95.491153	9.164000

95.493707	10.642000

95.496262	10.024000

95.498816	9.890000

95.501370	9.940000

95.503925	9.809000

95.506479	9.924000

95.509034	10.147000

95.511588	9.955000

95.514143	10.705000

95.516697	11.218000

95.519252	11.541000

95.521806	10.992000

95.524361	10.130000

95.526915	10.789000

95.529470	10.716000

95.532024	10.531000

95.534579	10.194000

95.537133	9.778000

95.539687	9.576000

95.542242	9.699000

95.544796	8.930000

95.547351	4.427000

95.549905	1.928000

95.552460	3.296000

95.555014	7.898000

95.557569	8.257000

95.560123	0.000000

95.562678	5.859000

95.565232	6.048000

95.567787	8.490000

95.570341	7.510000

95.572896	8.139000

95.575450	9.543000

95.578005	9.948000

95.580559	8.129000

95.583113	9.580000

95.585668	9.459000

95.588222	9.172000

95.590777	9.844000

95.593331	8.986000

95.595886	9.277000

95.598440	8.503000

95.600995	3.804000

95.603549	8.094000

95.606104	5.025000

95.608658	7.934000

95.611213	8.522000

95.613767	6.991000

95.616322	7.138000

95.618876	6.506000

95.621430	4.909000

95.623985	5.036000

95.626539	5.661000

95.629094	7.851000

95.631648	8.085000

95.634203	7.964000

95.636757	4.815000

95.639312	4.719000

95.641866	2.693000

95.644421	3.647000

95.646975	1.587000

95.649530	4.217000

95.652084	5.467000

95.654639	5.296000

95.657193	5.973000

95.659748	6.456000

95.662302	7.906000

95.664856	8.623000

95.667411	8.602000

95.669965	9.141000

95.672520	6.190000

95.675074	8.125000

95.677629	9.143000

95.680183	9.630000

95.682738	9.520000

95.685292	9.752000

95.687847	9.399000

95.690401	8.290000

95.692956	7.387000

95.695510	7.814000

95.698065	4.998000

95.700619	5.353000

95.703173	5.262000

95.705728	7.392000

95.708282	8.004000

95.710837	9.113000

95.713391	9.529000

95.715946	10.179000

95.718500	10.849000

95.721055	11.301000

95.723609	11.588000

95.726164	11.665000

95.728718	11.790000

95.731273	11.429000

95.733827	11.338000

95.736382	10.951000

95.738936	10.515000

95.741491	10.108000

95.744045	9.602000

95.746599	9.706000

95.749154	8.755000

95.751708	6.816000

95.754263	1.289000

95.756817	7.192000

95.759372	8.135000

95.761926	9.004000

95.764481	10.427000

95.767035	10.638000

95.769590	10.052000

95.772144	9.405000

95.774699	8.852000

95.777253	9.912000

95.779808	8.561000

95.782362	8.077000

95.784916	7.923000

95.787471	8.394000

95.790025	8.869000

95.792580	8.984000

95.795134	7.812000

95.797689	8.566000

95.800243	9.548000

95.802798	9.654000

95.805352	9.208000

95.807907	8.061000

95.810461	7.932000

95.813016	8.909000

95.815570	9.746000

95.818125	9.185000

95.820679	8.012000

95.823234	9.686000

95.825788	9.640000

95.828342	8.589000

95.830897	3.101000

95.833451	3.683000

95.836006	6.061000

95.838560	1.877000

95.841115	6.413000

95.843669	5.965000

95.846224	4.957000

95.848778	2.862000

95.851333	7.107000

95.853887	9.188000

95.856442	5.454000

95.858996	8.030000

95.861551	6.755000

95.864105	7.916000

95.866659	8.083000

95.869214	2.909000

95.871768	3.844000

95.874323	6.329000

95.876877	5.345000

95.879432	7.501000

95.881986	5.319000

95.884541	6.165000

95.887095	7.778000

95.889650	8.441000

95.892204	8.439000

95.894759	9.079000

95.897313	3.184000

95.899868	7.867000

95.902422	5.598000

95.904977	7.844000

95.907531	8.408000

95.910085	9.133000

95.912640	5.130000

95.915194	6.495000

95.917749	9.093000

95.920303	8.706000

95.922858	9.796000

95.925412	9.859000

95.927967	9.280000

95.930521	8.385000

95.933076	8.155000

95.935630	7.803000

95.938185	9.524000

95.940739	8.486000

95.943294	7.379000

95.945848	5.836000

95.948402	4.658000

95.950957	8.682000

95.953511	9.907000

95.956066	9.867000

95.958620	9.373000

95.961175	6.679000

95.963729	8.078000

95.966284	7.394000

95.968838	8.434000

95.971393	7.513000

95.973947	8.103000

95.976502	9.805000

95.979056	9.369000

95.981611	9.652000

95.984165	9.282000

95.986720	10.013000

95.989274	10.710000

95.991828	10.601000

95.994383	9.939000

95.996937	6.311000

95.999492	7.125000

96.002046	8.414000

96.004601	5.835000

96.007155	5.766000

96.009710	4.768000

96.012264	8.315000

96.014819	7.634000

96.017373	7.962000

96.019928	8.607000

96.022482	8.674000

96.025037	8.490000

96.027591	5.810000

96.030145	5.355000

96.032700	6.980000

96.035254	1.737000

96.037809	6.423000

96.040363	5.758000

96.042918	7.871000

96.045472	8.261000

96.048027	8.533000

96.050581	8.098000

96.053136	9.604000

96.055690	9.355000

96.058245	10.007000

96.060799	9.845000

96.063354	8.389000

96.065908	9.188000

96.068463	9.303000

96.071017	8.811000

96.073571	8.465000

96.076126	8.761000

96.078680	8.441000

96.081235	8.071000

96.083789	8.822000

96.086344	9.479000

96.088898	10.031000

96.091453	10.014000

96.094007	9.660000

96.096562	7.930000

96.099116	9.013000

96.101671	8.313000

96.104225	9.360000

96.106780	10.624000

96.109334	10.437000

96.111888	10.165000

96.114443	10.633000

96.116997	10.261000

96.119552	10.218000

96.122106	9.581000

96.124661	10.002000

96.127215	9.896000

96.129770	10.106000

96.132324	9.911000

96.134879	9.378000

96.137433	9.892000

96.139988	10.615000

96.142542	10.905000

96.145097	10.989000

96.147651	11.103000

96.150206	11.000000

96.152760	11.006000

96.155314	10.961000

96.157869	10.429000

96.160423	10.835000

96.162978	10.499000

96.165532	10.493000

96.168087	10.734000

96.170641	11.100000

96.173196	11.281000

96.175750	11.438000

96.178305	11.531000

96.180859	11.747000

96.183414	11.303000

96.185968	11.277000

96.188523	11.251000

96.191077	10.737000

96.193631	10.465000

96.196186	9.865000

96.198740	10.382000

96.201295	10.436000

96.203849	10.467000

96.206404	10.784000

96.208958	11.224000

96.211513	11.048000

96.214067	10.756000

96.216622	10.134000

96.219176	9.151000

96.221731	9.106000

96.224285	7.164000

96.226840	4.773000

96.229394	2.972000

96.231949	0.000000

96.234503	4.908000

96.237057	2.428000

96.239612	7.227000

96.242166	9.004000

96.244721	9.740000

96.247275	10.826000

96.249830	10.922000

96.252384	11.191000

96.254939	11.214000

96.257493	11.516000

96.260048	11.539000

96.262602	11.380000

96.265157	11.560000

96.267711	11.622000

96.270266	11.653000

96.272820	11.754000

96.275374	11.728000

96.277929	11.932000

96.280483	11.726000

96.283038	11.468000

96.285592	10.538000

96.288147	9.783000

96.290701	3.776000

96.293256	0.000000

96.295810	7.106000

96.298365	9.406000

96.300919	9.212000

96.303474	9.039000

96.306028	8.192000

96.308583	7.776000

96.311137	4.143000

96.313692	7.465000

96.316246	4.789000

96.318800	3.295000

96.321355	7.299000

96.323909	5.048000

96.326464	6.888000

96.329018	6.124000

96.331573	7.214000

96.334127	6.328000

96.336682	7.980000

96.339236	7.564000

96.341791	0.000000

96.344345	5.622000

96.346900	3.898000

96.349454	2.772000

96.352009	6.612000

96.354563	2.875000

96.357117	4.405000

96.359672	6.260000

96.362226	3.448000

96.364781	0.000000

96.367335	6.677000

96.369890	0.000000

96.372444	3.764000

96.374999	5.471000

96.377553	3.188000

96.380108	8.441000

96.382662	8.994000

96.385217	9.096000

96.387771	8.823000

96.390326	8.399000

96.392880	3.208000

96.395435	6.558000

96.397989	4.232000

96.400543	6.674000

96.403098	7.376000

96.405652	4.797000

96.408207	8.008000

96.410761	8.577000

96.413316	9.282000

96.415870	9.003000

96.418425	8.515000

96.420979	8.406000

96.423534	9.455000

96.426088	8.849000

96.428643	9.762000

96.431197	9.396000

96.433752	9.942000

96.436306	7.558000

96.438860	8.244000

96.441415	8.672000

96.443969	9.254000

96.446524	8.949000

96.449078	9.040000

96.451633	8.533000

96.454187	8.806000

96.456742	6.577000

96.459296	8.847000

96.461851	8.415000

96.464405	7.694000

96.466960	9.268000

96.469514	8.881000

96.472069	7.336000

96.474623	6.391000

96.477178	7.725000

96.479732	8.057000

96.482286	8.450000

96.484841	7.822000

96.487395	9.231000

96.489950	9.707000

96.492504	10.457000

96.495059	10.980000

96.497613	10.935000

96.500168	10.694000

96.502722	11.165000

96.505277	10.982000

96.507831	10.958000

96.510386	11.211000

96.512940	10.979000

96.515495	11.117000

96.518049	11.305000

96.520603	11.294000

96.523158	10.755000

96.525712	10.713000

96.528267	10.842000

96.530821	10.809000

96.533376	10.474000

96.535930	10.720000

96.538485	10.550000

96.541039	11.274000

96.543594	10.875000

96.546148	10.174000

96.548703	9.506000

96.551257	8.480000

96.553812	8.962000

96.556366	8.848000

96.558921	8.202000

96.561475	5.058000

96.564029	8.546000

96.566584	7.843000

96.569138	7.032000

96.571693	3.225000

96.574247	7.789000

96.576802	8.832000

96.579356	8.524000

96.581911	8.968000

96.584465	10.586000

96.587020	10.230000

96.589574	8.395000

96.592129	7.928000

96.594683	8.022000

96.597238	8.291000

96.599792	7.515000

96.602346	6.429000

96.604901	5.751000

96.607455	5.936000

96.610010	3.969000

96.612564	4.541000

96.615119	2.686000

96.617673	9.330000

96.620228	9.923000

96.622782	9.002000

96.625337	8.997000

96.627891	9.518000

96.630446	9.177000

96.633000	7.968000

96.635555	8.702000

96.638109	9.279000

96.640664	9.674000

96.643218	10.689000

96.645772	10.591000

96.648327	10.908000

96.650881	10.624000

96.653436	11.293000

96.655990	11.077000

96.658545	10.302000

96.661099	9.492000

96.663654	9.741000

96.666208	9.073000

96.668763	9.743000

96.671317	10.185000

96.673872	10.405000

96.676426	10.894000

96.678981	11.042000

96.681535	10.978000

96.684089	10.621000

96.686644	9.285000

96.689198	9.625000

96.691753	9.508000

96.694307	9.509000

96.696862	9.409000

96.699416	10.261000

96.701971	10.613000

96.704525	10.158000

96.707080	10.225000

96.709634	10.308000

96.712189	10.365000

96.714743	9.523000

96.717298	7.905000

96.719852	7.234000

96.722407	7.557000

96.724961	8.634000

96.727515	8.986000

96.730070	8.864000

96.732624	9.622000

96.735179	9.908000

96.737733	10.115000

96.740288	10.729000

96.742842	10.649000

96.745397	10.366000

96.747951	10.739000

96.750506	11.024000

96.753060	11.127000

96.755615	11.470000

96.758169	11.353000

96.760724	10.413000

96.763278	9.137000

96.765832	8.420000

96.768387	5.852000

96.770941	8.149000

96.773496	8.929000

96.776050	9.686000

96.778605	8.832000

96.781159	9.849000

96.783714	10.277000

96.786268	8.545000

96.788823	5.798000

96.791377	8.415000

96.793932	8.096000

96.796486	9.888000

96.799041	9.306000

96.801595	10.613000

96.804150	10.713000

96.806704	10.475000

96.809258	9.996000

96.811813	9.329000

96.814367	9.798000

96.816922	9.409000

96.819476	9.521000

96.822031	9.484000

96.824585	9.713000

96.827140	10.358000

96.829694	10.743000

96.832249	10.809000

96.834803	10.135000

96.837358	10.545000

96.839912	9.278000

96.842467	8.528000

96.845021	0.440000

96.847575	7.704000

96.850130	8.706000

96.852684	9.209000

96.855239	10.030000

96.857793	10.620000

96.860348	11.000000

96.862902	11.007000

96.865457	10.108000

96.868011	10.467000

96.870566	10.921000

96.873120	10.940000

96.875675	10.754000

96.878229	10.534000

96.880784	10.909000

96.883338	10.687000

96.885893	10.061000

96.888447	9.797000

96.891001	9.791000

96.893556	8.116000

96.896110	6.730000

96.898665	3.399000

96.901219	3.649000

96.903774	4.190000

96.906328	5.785000

96.908883	8.908000

96.911437	9.864000

96.913992	10.510000

96.916546	10.271000

96.919101	10.622000

96.921655	10.543000

96.924210	10.102000

96.926764	9.474000

96.929318	9.525000

96.931873	10.124000

96.934427	10.431000

96.936982	11.390000

96.939536	11.278000

96.942091	10.977000

96.944645	10.435000

96.947200	9.668000

96.949754	9.095000

96.952309	1.825000

96.954863	2.359000

96.957418	6.784000

96.959972	6.721000

96.962527	6.733000

96.965081	5.451000

96.967636	3.348000

96.970190	6.665000

96.972744	7.482000

96.975299	2.885000

96.977853	6.256000

96.980408	8.020000

96.982962	6.374000

96.985517	8.224000

96.988071	3.163000

96.990626	0.000000

96.993180	1.962000

96.995735	5.330000

96.998289	4.708000

97.000844	7.002000

97.003398	6.982000

97.005953	8.179000

97.008507	9.453000

97.011061	9.180000

97.013616	8.423000

97.016170	9.036000

97.018725	7.555000

97.021279	9.090000

97.023834	9.221000

97.026388	9.082000

97.028943	8.546000

97.031497	9.415000

97.034052	9.563000

97.036606	9.054000

97.039161	7.192000

97.041715	8.232000

97.044270	8.302000

97.046824	7.059000

97.049379	8.357000

97.051933	5.525000

97.054487	5.499000

97.057042	5.571000

97.059596	4.510000

97.062151	4.399000

97.064705	5.698000

97.067260	5.057000

97.069814	2.922000

97.072369	7.163000

97.074923	9.901000

97.077478	10.340000

97.080032	10.231000

97.082587	10.262000

97.085141	9.951000

97.087696	9.120000

97.090250	9.102000

97.092805	9.443000

97.095359	9.526000

97.097913	7.646000

97.100468	7.152000

97.103022	7.883000

97.105577	7.189000

97.108131	8.739000

97.110686	9.296000

97.113240	9.247000

97.115795	10.098000

97.118349	8.809000

97.120904	9.273000

97.123458	9.919000

97.126013	9.522000

97.128567	10.275000

97.131122	10.960000

97.133676	10.389000

97.136230	10.675000

97.138785	10.380000

97.141339	10.768000

97.143894	11.588000

97.146448	11.167000

97.149003	11.123000

97.151557	10.701000

97.154112	10.652000

97.156666	10.616000

97.159221	10.335000

97.161775	10.452000

97.164330	10.179000

97.166884	8.713000

97.169439	9.308000

97.171993	9.445000

97.174548	9.926000

97.177102	10.319000

97.179656	10.432000

97.182211	10.733000

97.184765	11.299000

97.187320	10.147000

97.189874	9.882000

97.192429	8.342000

97.194983	9.325000

97.197538	8.954000

97.200092	9.263000

97.202647	9.976000

97.205201	9.604000

97.207756	8.951000

97.210310	8.959000

97.212865	8.392000

97.215419	6.577000

97.217973	5.340000

97.220528	1.348000

97.223082	4.419000

97.225637	6.657000

97.228191	6.807000

97.230746	2.441000

97.233300	6.750000

97.235855	3.351000

97.238409	3.661000

97.240964	7.606000

97.243518	0.000000

97.246073	8.790000

97.248627	9.276000

97.251182	9.938000

97.253736	9.114000

97.256291	9.184000

97.258845	8.898000

97.261399	9.573000

97.263954	10.037000

97.266508	10.658000

97.269063	10.588000

97.271617	10.776000

97.274172	10.992000

97.276726	10.214000

97.279281	10.060000

97.281835	9.945000

97.284390	10.101000

97.286944	9.611000

97.289499	8.006000

97.292053	5.882000

97.294608	8.582000

97.297162	3.286000

97.299716	5.640000

97.302271	6.975000

97.304825	6.940000

97.307380	7.430000

97.309934	9.056000

97.312489	8.888000

97.315043	8.400000

97.317598	8.944000

97.320152	8.890000

97.322707	8.453000

97.325261	8.947000

97.327816	6.953000

97.330370	5.140000

97.332925	9.022000

97.335479	8.976000

97.338034	9.595000

97.340588	9.014000

97.343142	8.998000

97.345697	10.174000

97.348251	10.234000

97.350806	9.793000

97.353360	10.495000

97.355915	10.977000

97.358469	11.362000

97.361024	10.984000

97.363578	11.170000

97.366133	10.602000

97.368687	11.576000

97.371242	11.208000

97.373796	11.296000

97.376351	11.051000

97.378905	10.875000

97.381459	11.069000

97.384014	10.885000

97.386568	11.058000

97.389123	10.596000

97.391677	10.509000

97.394232	10.676000

97.396786	10.339000

97.399341	9.445000

97.401895	7.117000

97.404450	8.012000

97.407004	6.352000

97.409559	6.525000

97.412113	8.599000

97.414668	9.246000

97.417222	10.846000

97.419777	11.216000

97.422331	10.957000

97.424885	10.924000

97.427440	10.866000

97.429994	10.652000

97.432549	11.015000

97.435103	10.503000

97.437658	9.863000

97.440212	9.452000

97.442767	9.876000

97.445321	9.631000

97.447876	10.279000

97.450430	9.128000

97.452985	8.580000

97.455539	7.400000

97.458094	4.539000

97.460648	8.535000

97.463202	9.738000

97.465757	9.902000

97.468311	9.421000

97.470866	8.609000

97.473420	8.042000

97.475975	7.334000

97.478529	6.370000

97.481084	8.209000

97.483638	8.195000

97.486193	8.617000

97.488747	8.022000

97.491302	7.777000

97.493856	2.743000

97.496411	6.933000

97.498965	0.000000

97.501520	6.430000

97.504074	7.076000

97.506628	6.981000

97.509183	3.202000

97.511737	1.565000

97.514292	7.599000

97.516846	7.253000

97.519401	9.157000

97.521955	8.654000

97.524510	6.795000

97.527064	0.335000

97.529619	8.871000

97.532173	9.058000

97.534728	8.848000

97.537282	10.383000

97.539837	10.057000

97.542391	8.694000

97.544945	9.248000

97.547500	8.863000

97.550054	9.294000

97.552609	9.798000

97.555163	9.977000

97.557718	9.192000

97.560272	9.790000

97.562827	9.406000

97.565381	10.073000

97.567936	9.494000

97.570490	10.271000

97.573045	9.934000

97.575599	9.723000

97.578154	9.883000

97.580708	9.381000

97.583263	9.674000

97.585817	10.496000

97.588371	10.252000

97.590926	9.466000

97.593480	9.168000

97.596035	9.114000

97.598589	9.168000

97.601144	10.008000

97.603698	10.581000

97.606253	10.891000

97.608807	10.302000

97.611362	10.587000

97.613916	10.230000

97.616471	8.954000

97.619025	8.678000

97.621580	8.268000

97.624134	7.041000

97.626688	8.901000

97.629243	9.480000

97.631797	9.090000

97.634352	9.242000

97.636906	8.250000

97.639461	7.795000

97.642015	8.165000

97.644570	7.378000

97.647124	4.297000

97.649679	6.400000

97.652233	5.257000

97.654788	5.280000

97.657342	8.113000

97.659897	9.598000

97.662451	9.647000

97.665006	9.729000

97.667560	8.882000

97.670114	8.326000

97.672669	4.880000

97.675223	3.487000

97.677778	6.426000

97.680332	4.427000

97.682887	7.379000

97.685441	8.495000

97.687996	8.058000

97.690550	3.467000

97.693105	4.807000

97.695659	2.483000

97.698214	6.534000

97.700768	4.201000

97.703323	1.921000

97.705877	5.571000

97.708431	8.251000

97.710986	7.427000

97.713540	7.534000

97.716095	1.411000

97.718649	5.364000

97.721204	2.403000

97.723758	5.048000

97.726313	6.834000

97.728867	8.919000

97.731422	8.584000

97.733976	5.121000

97.736531	6.948000

97.739085	7.726000

97.741640	5.098000

97.744194	5.681000

97.746749	7.610000

97.749303	6.094000

97.751857	5.549000

97.754412	6.645000

97.756966	8.296000

97.759521	8.953000

97.762075	8.622000

97.764630	8.912000

97.767184	8.397000

97.769739	9.200000

97.772293	9.523000

97.774848	8.594000

97.777402	9.185000

97.779957	7.813000

97.782511	4.083000

97.785066	5.882000

97.787620	8.363000

97.790174	8.036000

97.792729	8.763000

97.795283	8.291000

97.797838	8.101000

97.800392	7.867000

97.802947	3.967000

97.805501	4.743000

97.808056	4.382000

97.810610	5.287000

97.813165	7.253000

97.815719	6.931000

97.818274	0.000000

97.820828	5.790000

97.823383	6.195000

97.825937	5.779000

97.828492	5.324000

97.831046	7.500000

97.833600	8.790000

97.836155	8.941000

97.838709	9.338000

97.841264	8.507000

97.843818	9.491000

97.846373	9.379000

97.848927	9.724000

97.851482	8.969000

97.854036	2.214000

97.856591	5.406000

97.859145	7.218000

97.861700	4.474000

97.864254	0.856000

97.866809	6.419000

97.869363	8.033000

97.871917	9.674000

97.874472	9.809000

97.877026	9.389000

97.879581	9.322000

97.882135	9.978000

97.884690	7.581000

97.887244	7.484000

97.889799	8.196000

97.892353	9.902000

97.894908	9.365000

97.897462	8.247000

97.900017	9.415000

97.902571	9.845000

97.905126	10.496000

97.907680	9.881000

97.910235	10.152000

97.912789	10.563000

97.915343	10.402000

97.917898	10.386000

97.920452	11.184000

97.923007	11.183000

97.925561	11.134000

97.928116	10.912000

97.930670	11.289000

97.933225	11.716000

97.935779	11.759000

97.938334	11.722000

97.940888	11.304000

97.943443	11.005000

97.945997	10.333000

97.948552	7.945000

97.951106	8.877000

97.953660	6.770000

97.956215	4.601000

97.958769	8.030000

97.961324	6.895000

97.963878	8.716000

97.966433	8.995000

97.968987	9.448000

97.971542	6.794000

97.974096	6.942000

97.976651	8.046000

97.979205	9.536000

97.981760	8.681000

97.984314	8.860000

97.986869	8.868000

97.989423	7.475000

97.991978	5.136000

97.994532	5.347000

97.997086	7.186000

97.999641	6.144000

98.002195	7.892000

98.004750	7.515000

98.007304	9.182000

98.009859	8.388000

98.012413	9.144000

98.014968	8.474000

98.017522	6.368000

98.020077	8.086000

98.022631	2.432000

98.025186	6.712000

98.027740	8.152000

98.030295	7.359000

98.032849	6.036000

98.035403	2.780000

98.037958	3.693000

98.040512	7.953000

98.043067	7.776000

98.045621	9.257000

98.048176	9.552000

98.050730	9.877000

98.053285	8.976000

98.055839	8.833000

98.058394	8.134000

98.060948	8.436000

98.063503	10.216000

98.066057	9.563000

98.068612	7.606000

98.071166	4.563000

98.073721	7.539000

98.076275	8.333000

98.078829	8.206000

98.081384	8.255000

98.083938	9.018000

98.086493	8.727000

98.089047	5.509000

98.091602	5.967000

98.094156	9.481000

98.096711	9.885000

98.099265	10.220000

98.101820	9.607000

98.104374	9.296000

98.106929	6.756000

98.109483	6.739000

98.112038	6.794000

98.114592	6.904000

98.117146	6.049000

98.119701	5.182000

98.122255	3.050000

98.124810	5.983000

98.127364	9.327000

98.129919	8.894000

98.132473	7.005000

98.135028	7.995000

98.137582	9.162000

98.140137	10.010000

98.142691	10.023000

98.145246	9.438000

98.147800	9.775000

98.150355	9.301000

98.152909	9.260000

98.155464	9.151000

98.158018	10.357000

98.160572	11.161000

98.163127	10.970000

98.165681	10.664000

98.168236	10.210000

98.170790	8.703000

98.173345	9.005000

98.175899	8.932000

98.178454	7.043000

98.181008	8.389000

98.183563	8.034000

98.186117	8.446000

98.188672	7.573000

98.191226	4.897000

98.193781	3.896000

98.196335	5.613000

98.198889	8.871000

98.201444	9.703000

98.203998	10.458000

98.206553	10.665000

98.209107	9.916000

98.211662	9.416000

98.214216	9.592000

98.216771	8.418000

98.219325	4.075000

98.221880	4.842000

98.224434	6.529000

98.226989	6.219000

98.229543	7.254000

98.232098	6.102000

98.234652	8.125000

98.237207	9.224000

98.239761	10.056000

98.242315	9.882000

98.244870	9.499000

98.247424	10.163000

98.249979	10.870000

98.252533	10.219000

98.255088	9.868000

98.257642	10.532000

98.260197	10.149000

98.262751	9.506000

98.265306	9.932000

98.267860	10.053000

98.270415	9.952000

98.272969	8.983000

98.275524	7.934000

98.278078	9.490000

98.280632	6.023000

98.283187	6.664000

98.285741	8.896000

98.288296	9.610000

98.290850	9.795000

98.293405	7.331000

98.295959	0.618000

98.298514	7.156000

98.301068	6.353000

98.303623	6.811000

98.306177	7.689000

98.308732	7.948000

98.311286	9.301000

98.313841	9.269000

98.316395	9.200000

98.318950	6.530000

98.321504	7.096000

98.324058	4.334000

98.326613	8.279000

98.329167	8.384000

98.331722	9.975000

98.334276	10.880000

98.336831	10.924000

98.339385	10.129000

98.341940	8.837000

98.344494	9.101000

98.347049	8.903000

98.349603	8.823000

98.352158	7.767000

98.354712	8.542000

98.357267	8.272000

98.359821	8.681000

98.362375	7.261000

98.364930	8.947000

98.367484	9.076000

98.370039	8.467000

98.372593	9.433000

98.375148	8.896000

98.377702	9.104000

98.380257	7.051000

98.382811	7.995000

98.385366	8.697000

98.387920	9.592000

98.390475	9.279000

98.393029	5.544000

98.395584	9.339000

98.398138	9.044000

98.400693	8.548000

98.403247	7.753000

98.405801	9.478000

98.408356	8.850000

98.410910	7.681000

98.413465	7.696000

98.416019	8.414000

98.418574	8.799000

98.421128	4.565000

98.423683	8.730000

98.426237	8.981000

98.428792	8.980000

98.431346	8.200000

98.433901	7.574000

98.436455	10.242000

98.439010	9.982000

98.441564	9.786000

98.444118	10.035000

98.446673	9.821000

98.449227	8.755000

98.451782	8.135000

98.454336	5.454000

98.456891	7.577000

98.459445	7.935000

98.462000	5.803000

98.464554	6.317000

98.467109	6.390000

98.469663	9.404000

98.472218	8.842000

98.474772	8.516000

98.477327	6.271000

98.479881	5.430000

98.482436	9.311000

98.484990	9.022000

98.487544	7.369000

98.490099	8.044000

98.492653	5.604000

98.495208	5.660000

98.497762	9.398000

98.500317	8.633000

98.502871	7.397000

98.505426	6.875000

98.507980	8.643000

98.510535	8.751000

98.513089	9.946000

98.515644	8.917000

98.518198	8.946000

98.520753	8.219000

98.523307	8.518000

98.525861	9.054000

98.528416	7.913000

98.530970	8.084000

98.533525	7.406000

98.536079	4.553000

98.538634	7.625000

98.541188	6.376000

98.543743	6.059000

98.546297	8.013000

98.548852	7.901000

98.551406	7.847000

98.553961	7.659000

98.556515	8.222000

98.559070	8.410000

98.561624	8.810000

98.564179	6.153000

98.566733	0.000000

98.569287	7.141000

98.571842	4.697000

98.574396	6.669000

98.576951	6.779000

98.579505	5.252000

98.582060	5.033000

98.584614	1.949000

98.587169	7.391000

98.589723	9.850000

98.592278	10.127000

98.594832	10.373000

98.597387	10.406000

98.599941	10.532000

98.602496	9.904000

98.605050	10.018000

98.607604	9.199000

98.610159	6.458000

98.612713	8.222000

98.615268	0.000000

98.617822	6.681000

98.620377	7.340000

98.622931	2.137000

98.625486	7.764000

98.628040	8.519000

98.630595	1.101000

98.633149	8.453000

98.635704	8.642000

98.638258	8.058000

98.640813	8.668000

98.643367	7.900000

98.645922	3.107000

98.648476	4.576000

98.651030	5.990000

98.653585	8.959000

98.656139	9.130000

98.658694	9.461000

98.661248	8.142000

98.663803	7.990000

98.666357	5.544000

98.668912	8.234000

98.671466	9.292000

98.674021	8.524000

98.676575	9.255000

98.679130	9.629000

98.681684	10.432000

98.684239	10.260000

98.686793	10.189000

98.689347	9.164000

98.691902	8.327000

98.694456	5.446000

98.697011	3.314000

98.699565	6.620000

98.702120	8.189000

98.704674	6.295000

98.707229	7.836000

98.709783	8.178000

98.712338	9.196000

98.714892	10.187000

98.717447	10.229000

98.720001	10.937000

98.722556	10.593000

98.725110	11.587000

98.727665	11.750000

98.730219	11.745000

98.732773	11.315000

98.735328	11.233000

98.737882	10.808000

98.740437	10.579000

98.742991	10.632000

98.745546	11.193000

98.748100	11.131000

98.750655	11.648000

98.753209	11.560000

98.755764	11.391000

98.758318	11.222000

98.760873	11.251000

98.763427	10.815000

98.765982	10.918000

98.768536	9.745000

98.771090	10.147000

98.773645	10.115000

98.776199	9.680000

98.778754	9.129000

98.781308	8.907000

98.783863	7.566000

98.786417	6.141000

98.788972	7.988000

98.791526	6.228000

98.794081	7.341000

98.796635	8.535000

98.799190	7.353000

98.801744	4.416000

98.804299	7.863000

98.806853	6.290000

98.809408	7.773000

98.811962	7.323000

98.814516	7.568000

98.817071	6.859000

98.819625	7.171000

98.822180	3.534000

98.824734	7.040000

98.827289	8.401000

98.829843	8.286000

98.832398	7.341000

98.834952	7.614000

98.837507	9.503000

98.840061	9.860000

98.842616	9.251000

98.845170	10.461000

98.847725	9.973000

98.850279	9.605000

98.852834	8.794000

98.855388	8.656000

98.857942	8.950000

98.860497	9.499000

98.863051	9.255000

98.865606	10.157000

98.868160	10.116000

98.870715	9.562000

98.873269	6.934000

98.875824	5.905000

98.878378	3.971000

98.880933	4.353000

98.883487	5.120000

98.886042	9.532000

98.888596	8.128000

98.891151	9.888000

98.893705	9.859000

98.896259	10.009000

98.898814	9.943000

98.901368	10.640000

98.903923	10.603000

98.906477	9.888000

98.909032	8.764000

98.911586	7.788000

98.914141	4.797000

98.916695	3.581000

98.919250	7.860000

98.921804	7.984000

98.924359	5.169000

98.926913	0.720000

98.929468	9.399000

98.932022	7.762000

98.934577	10.216000

98.937131	10.565000

98.939685	10.706000

98.942240	10.597000

98.944794	11.204000

98.947349	10.550000

98.949903	9.117000

98.952458	8.834000

98.955012	8.748000

98.957567	8.575000

98.960121	5.261000

98.962676	5.688000

98.965230	6.465000

98.967785	6.657000

98.970339	9.334000

98.972894	10.307000

98.975448	9.845000

98.978002	10.589000

98.980557	11.354000

98.983111	11.741000

98.985666	11.726000

98.988220	12.261000

98.990775	11.998000

98.993329	12.117000

98.995884	12.230000

98.998438	12.237000

99.000993	12.405000

99.003547	11.972000

99.006102	11.515000

99.008656	11.494000

99.011211	10.854000

99.013765	10.241000

99.016320	9.355000

99.018874	7.733000

99.021428	5.842000

99.023983	7.720000

99.026537	9.724000

99.029092	9.115000

99.031646	10.093000

99.034201	10.226000

99.036755	10.947000

99.039310	11.348000

99.041864	11.353000

99.044419	11.182000

99.046973	10.564000

99.049528	10.441000

99.052082	9.285000

99.054637	8.984000

99.057191	9.106000

99.059745	5.768000

99.062300	3.499000

99.064854	6.629000

99.067409	0.488000

99.069963	6.729000

99.072518	6.447000

99.075072	7.582000

99.077627	8.639000

99.080181	8.893000

99.082736	8.844000

99.085290	10.131000

99.087845	10.454000

99.090399	10.765000

99.092954	10.327000

99.095508	10.846000

99.098063	11.220000

99.100617	11.012000

99.103171	11.635000

99.105726	11.053000

99.108280	10.527000

99.110835	10.318000

99.113389	10.267000

99.115944	9.750000

99.118498	8.725000

99.121053	7.566000

99.123607	3.299000

99.126162	4.003000

99.128716	7.170000

99.131271	6.249000

99.133825	5.731000

99.136380	5.045000

99.138934	4.118000

99.141488	6.308000

99.144043	3.641000

99.146597	8.561000

99.149152	8.682000

99.151706	8.210000

99.154261	8.548000

99.156815	9.321000

99.159370	8.966000

99.161924	8.039000

99.164479	7.356000

99.167033	4.217000

99.169588	7.417000

99.172142	9.778000

99.174697	10.342000

99.177251	10.677000

99.179806	10.203000

99.182360	10.397000

99.184914	10.526000

99.187469	10.225000

99.190023	9.706000

99.192578	6.525000

99.195132	6.868000

99.197687	0.000000

99.200241	6.900000

99.202796	5.305000

99.205350	6.266000

99.207905	8.254000

99.210459	6.732000

99.213014	6.787000

99.215568	8.036000

99.218123	9.388000

99.220677	9.995000

99.223231	9.186000

99.225786	8.717000

99.228340	9.448000

99.230895	8.504000

99.233449	8.021000

99.236004	3.501000

99.238558	5.852000

99.241113	2.202000

99.243667	1.821000

99.246222	7.499000

99.248776	6.948000

99.251331	4.551000

99.253885	6.154000

99.256440	8.052000

99.258994	9.578000

99.261549	8.150000

99.264103	7.636000

99.266657	8.940000

99.269212	9.809000

99.271766	9.476000

99.274321	9.111000

99.276875	9.298000

99.279430	9.650000

99.281984	10.034000

99.284539	9.955000

99.287093	10.262000

99.289648	9.659000

99.292202	9.962000

99.294757	10.111000

99.297311	10.249000

99.299866	10.224000

99.302420	9.909000

99.304974	10.118000

99.307529	9.364000

99.310083	9.552000

99.312638	9.432000

99.315192	8.755000

99.317747	9.670000

99.320301	8.911000

99.322856	7.382000

99.325410	6.017000

99.327965	8.194000

99.330519	4.945000

99.333074	7.399000

99.335628	6.088000

99.338183	8.187000

99.340737	7.296000

99.343292	8.659000

99.345846	8.512000

99.348400	7.918000

99.350955	4.045000

99.353509	6.266000

99.356064	6.422000

99.358618	0.000000

99.361173	7.097000

99.363727	6.267000

99.366282	4.326000

99.368836	8.091000

99.371391	8.415000

99.373945	8.874000

99.376500	6.620000

99.379054	8.191000

99.381609	9.749000

99.384163	9.153000

99.386717	9.683000

99.389272	8.423000

99.391826	9.312000

99.394381	8.794000

99.396935	8.555000

99.399490	5.492000

99.402044	3.579000

99.404599	9.038000

99.407153	6.786000

99.409708	7.022000

99.412262	6.672000

99.414817	8.178000

99.417371	8.010000

99.419926	3.982000

99.422480	7.110000

99.425035	5.484000

99.427589	4.995000

99.430143	3.317000

99.432698	8.742000

99.435252	4.945000

99.437807	6.072000

99.440361	5.689000

99.442916	5.674000

99.445470	7.487000

99.448025	5.364000

99.450579	7.375000

99.453134	9.437000

99.455688	9.719000

99.458243	9.371000

99.460797	9.460000

99.463352	6.164000

99.465906	5.977000

99.468460	5.756000

99.471015	8.055000

99.473569	5.864000

99.476124	3.400000

99.478678	7.932000

99.481233	6.654000

99.483787	8.149000

99.486342	7.069000

99.488896	8.939000

99.491451	9.367000

99.494005	8.926000

99.496560	7.178000

99.499114	7.408000

99.501669	6.858000

99.504223	6.134000

99.506778	6.971000

99.509332	8.315000

99.511886	7.536000

99.514441	6.972000

99.516995	5.565000

99.519550	8.154000

99.522104	8.947000

99.524659	10.515000

99.527213	11.104000

99.529768	11.157000

99.532322	10.753000

99.534877	10.370000

99.537431	10.789000

99.539986	10.565000

99.542540	11.487000

99.545095	11.706000

99.547649	11.619000

99.550203	11.907000

99.552758	11.688000

99.555312	11.677000

99.557867	11.428000

99.560421	11.566000

99.562976	10.423000

99.565530	9.119000

99.568085	8.547000

99.570639	7.080000

99.573194	8.426000

99.575748	8.685000

99.578303	8.826000

99.580857	6.545000

99.583412	6.337000

99.585966	4.642000

99.588521	6.951000

99.591075	7.916000

99.593629	9.098000

99.596184	9.111000

99.598738	8.598000

99.601293	9.227000

99.603847	9.598000

99.606402	10.107000

99.608956	10.044000

99.611511	9.891000

99.614065	9.206000

99.616620	10.091000

99.619174	10.332000

99.621729	10.684000

99.624283	10.523000

99.626838	9.894000

99.629392	10.173000

99.631946	10.399000

99.634501	9.819000

99.637055	10.381000

99.639610	9.822000

99.642164	10.678000

99.644719	10.282000

99.647273	9.589000

99.649828	2.821000

99.652382	1.962000

99.654937	8.195000

99.657491	7.271000

99.660046	4.523000

99.662600	3.645000

99.665155	6.177000

99.667709	7.306000

99.670264	4.421000

99.672818	1.306000

99.675372	7.983000

99.677927	7.929000

99.680481	9.008000

99.683036	7.993000

99.685590	7.967000

99.688145	8.506000

99.690699	5.149000

99.693254	5.913000

99.695808	8.144000

99.698363	8.528000

99.700917	6.051000

99.703472	7.631000

99.706026	9.992000

99.708581	8.774000

99.711135	7.777000

99.713689	7.843000

99.716244	8.584000

99.718798	8.609000

99.721353	8.748000

99.723907	10.146000

99.726462	9.643000

99.729016	9.771000

99.731571	10.331000

99.734125	9.907000

99.736680	10.110000

99.739234	9.774000

99.741789	9.025000

99.744343	7.217000

99.746898	0.000000

99.749452	9.069000

99.752007	10.084000

99.754561	9.847000

99.757115	8.802000

99.759670	9.991000

99.762224	9.988000

99.764779	9.913000

99.767333	10.604000

99.769888	10.506000

99.772442	10.479000

99.774997	10.560000

99.777551	10.632000

99.780106	9.648000

99.782660	10.106000

99.785215	8.734000

99.787769	7.564000

99.790324	6.272000

99.792878	6.659000

99.795432	3.645000

99.797987	3.625000

99.800541	7.665000

99.803096	9.273000

99.805650	10.009000

99.808205	10.278000

99.810759	8.874000

99.813314	9.289000

99.815868	8.006000

99.818423	7.029000

99.820977	7.181000

99.823532	5.322000

99.826086	8.732000

99.828641	8.242000

99.831195	6.785000

99.833750	0.673000

99.836304	6.906000

99.838858	9.859000

99.841413	9.805000

99.843967	7.653000

99.846522	3.937000

99.849076	6.942000

99.851631	5.252000

99.854185	8.625000

99.856740	6.761000

99.859294	8.136000

99.861849	10.031000

99.864403	10.011000

99.866958	10.186000

99.869512	10.304000

99.872067	9.694000

99.874621	9.530000

99.877175	8.656000

99.879730	7.518000

99.882284	6.164000

99.884839	4.547000

99.887393	5.315000

99.889948	6.422000

99.892502	5.924000

99.895057	4.668000

99.897611	7.333000

99.900166	4.960000

99.902720	5.457000

99.905275	9.549000

99.907829	8.940000

99.910384	8.798000

99.912938	6.733000

99.915493	4.409000

99.918047	7.992000

99.920601	8.052000

99.923156	5.773000

99.925710	6.086000

99.928265	7.246000

99.930819	7.823000

99.933374	8.876000

99.935928	8.323000

99.938483	8.790000

99.941037	9.598000

99.943592	8.907000

99.946146	9.352000

99.948701	10.346000

99.951255	10.685000

99.953810	10.613000

99.956364	9.614000

99.958918	9.273000

99.961473	10.045000

99.964027	10.192000

99.966582	10.881000

99.969136	11.045000

99.971691	10.289000

99.974245	10.477000

99.976800	10.144000

99.979354	8.993000

99.981909	9.406000

99.984463	9.634000

99.987018	9.973000

99.989572	9.575000

99.992127	8.352000

99.994681	5.352000

99.997236	7.139000

99.999790	7.566000

100.002344	5.991000

100.004899	7.576000

100.007453	7.496000

100.010008	3.622000

100.012562	7.275000

100.015117	9.354000

100.017671	8.133000

100.020226	7.237000

100.022780	9.880000

100.025335	10.144000

100.027889	9.058000

100.030444	8.526000

100.032998	8.805000

100.035553	8.393000

100.038107	8.513000

100.040661	1.703000

100.043216	6.030000

100.045770	6.045000

100.048325	3.837000

100.050879	4.005000

100.053434	6.799000

100.055988	9.137000

100.058543	9.216000

100.061097	9.133000

100.063652	9.550000

100.066206	10.720000

100.068761	11.013000

100.071315	11.048000

100.073870	10.839000

100.076424	10.522000

100.078979	9.916000

100.081533	9.736000

100.084087	7.542000

100.086642	8.119000

100.089196	8.043000

100.091751	5.565000

100.094305	8.316000

100.096860	6.803000

100.099414	6.704000

100.101969	7.786000

100.104523	8.478000

100.107078	2.618000

100.109632	6.644000

100.112187	6.173000

100.114741	8.176000

100.117296	8.604000

100.119850	7.874000

100.122404	7.199000

100.124959	6.237000

100.127513	7.079000

100.130068	5.076000

100.132622	8.703000

100.135177	7.822000

100.137731	0.000000

100.140286	0.000000

100.142840	8.019000

100.145395	9.135000

100.147949	9.394000

100.150504	8.206000

100.153058	9.617000

100.155613	9.929000

100.158167	9.162000

100.160722	8.811000

100.163276	8.452000

100.165830	6.220000

100.168385	7.071000

100.170939	8.728000

100.173494	8.554000

100.176048	7.974000

100.178603	7.404000

100.181157	5.956000

100.183712	7.483000

100.186266	7.091000

100.188821	6.353000

100.191375	5.111000

100.193930	7.037000

100.196484	5.234000

100.199039	2.984000

100.201593	7.993000

100.204147	4.729000

100.206702	4.908000

100.209256	7.297000

100.211811	6.329000

100.214365	7.230000

100.216920	4.662000

100.219474	8.696000

100.222029	9.311000

100.224583	10.059000

100.227138	10.191000

100.229692	10.331000

100.232247	10.100000

100.234801	9.057000

100.237356	9.093000

100.239910	7.923000

100.242465	9.429000

100.245019	9.511000

100.247573	7.816000

100.250128	2.786000

100.252682	3.886000

100.255237	8.470000

100.257791	10.080000

100.260346	9.448000

100.262900	10.431000

100.265455	10.600000

100.268009	11.205000

100.270564	10.789000

100.273118	10.351000

100.275673	10.792000

100.278227	10.958000

100.280782	10.938000

100.283336	11.066000

100.285890	11.123000

100.288445	11.170000

100.290999	10.905000

100.293554	10.269000

100.296108	10.450000

100.298663	10.394000

100.301217	8.338000

100.303772	8.915000

100.306326	9.515000

100.308881	9.471000

100.311435	8.249000

100.313990	9.785000

100.316544	10.671000

100.319099	10.885000

100.321653	10.826000

100.324208	10.436000

100.326762	9.585000

100.329316	9.211000

100.331871	8.958000

100.334425	7.505000

100.336980	8.076000

100.339534	8.146000

100.342089	8.649000

100.344643	9.877000

100.347198	9.703000

100.349752	7.813000

100.352307	7.162000

100.354861	9.510000

100.357416	9.440000

100.359970	9.128000

100.362525	7.705000

100.365079	3.091000

100.367633	6.897000

100.370188	7.738000

100.372742	9.252000

100.375297	8.850000

100.377851	10.119000

100.380406	9.928000

100.382960	10.393000

100.385515	9.689000

100.388069	7.286000

100.390624	6.978000

100.393178	7.039000

100.395733	7.948000

100.398287	7.472000

100.400842	5.417000

100.403396	6.959000

100.405951	4.253000

100.408505	5.559000

100.411059	3.807000

100.413614	3.256000

100.416168	1.454000

100.418723	6.005000

100.421277	6.024000

100.423832	4.188000

100.426386	8.362000

100.428941	8.752000

100.431495	7.597000

100.434050	7.626000

100.436604	8.422000

100.439159	9.054000

100.441713	10.072000

100.444268	10.188000

100.446822	10.166000

100.449376	10.475000

100.451931	10.702000

100.454485	10.116000

100.457040	10.411000

100.459594	10.536000

100.462149	10.409000

100.464703	10.369000

100.467258	9.960000

100.469812	10.298000

100.472367	9.121000

100.474921	8.055000

100.477476	9.001000

100.480030	8.001000

100.482585	6.995000

100.485139	0.092000

100.487694	5.320000

100.490248	3.782000

100.492802	1.390000

100.495357	8.020000

100.497911	7.540000

100.500466	8.562000

100.503020	8.848000

100.505575	7.740000

100.508129	8.150000

100.510684	8.344000

100.513238	6.514000

100.515793	6.970000

100.518347	6.711000

100.520902	6.590000

100.523456	7.747000

100.526011	6.444000

100.528565	8.758000

100.531120	9.091000

100.533674	9.137000

100.536228	7.950000

100.538783	9.833000

100.541337	9.471000

100.543892	9.731000

100.546446	8.815000

100.549001	8.146000

100.551555	6.815000

100.554110	7.163000

100.556664	7.853000

100.559219	9.055000

100.561773	8.684000

100.564328	0.000000

100.566882	6.589000

100.569437	3.434000

100.571991	7.626000

100.574545	8.581000

100.577100	7.909000

100.579654	5.653000

100.582209	6.586000

100.584763	7.091000

100.587318	8.642000

100.589872	7.873000

100.592427	5.447000

100.594981	5.747000

100.597536	7.576000

100.600090	9.691000

100.602645	8.623000

100.605199	10.006000

100.607754	8.642000

100.610308	9.203000

100.612863	8.318000

100.615417	8.145000

100.617971	8.411000

100.620526	8.772000

100.623080	9.215000

100.625635	9.352000

100.628189	8.644000

100.630744	7.545000

100.633298	7.303000

100.635853	7.775000

100.638407	7.531000

100.640962	4.550000

100.643516	7.504000

100.646071	5.773000

100.648625	8.162000

100.651180	8.401000

100.653734	9.874000

100.656288	9.444000

100.658843	9.368000

100.661397	9.142000

100.663952	9.052000

100.666506	9.043000

100.669061	6.948000

100.671615	7.957000

100.674170	6.765000

100.676724	7.743000

100.679279	7.258000

100.681833	8.020000

100.684388	7.696000

100.686942	8.309000

100.689497	7.868000

100.692051	8.801000

100.694606	7.594000

100.697160	1.340000

100.699714	6.986000

100.702269	8.216000

100.704823	9.085000

100.707378	9.177000

100.709932	8.333000

100.712487	10.054000

100.715041	10.930000

100.717596	11.438000

100.720150	11.830000

100.722705	11.956000

100.725259	11.889000

100.727814	11.772000

100.730368	11.458000

100.732923	11.293000

100.735477	11.081000

100.738031	11.297000

100.740586	11.503000

100.743140	11.510000

100.745695	10.616000

100.748249	10.334000

100.750804	10.006000

100.753358	10.242000

100.755913	9.173000

100.758467	6.741000

100.761022	4.020000

100.763576	8.650000

100.766131	9.138000

100.768685	8.632000

100.771240	8.372000

100.773794	7.668000

100.776349	0.000000

100.778903	0.000000

100.781457	7.957000

100.784012	5.258000

100.786566	8.158000

100.789121	3.976000

100.791675	4.758000

100.794230	6.981000

100.796784	7.809000

100.799339	9.856000

100.801893	9.774000

100.804448	9.994000

100.807002	9.890000

100.809557	9.685000

100.812111	8.808000

100.814666	8.744000

100.817220	9.065000

100.819774	10.012000

100.822329	10.030000

100.824883	10.610000

100.827438	10.047000

100.829992	10.427000

100.832547	10.749000

100.835101	10.288000

100.837656	10.354000

100.840210	9.977000

100.842765	9.383000

100.845319	9.807000

100.847874	8.219000

100.850428	6.702000

100.852983	8.549000

100.855537	9.439000

100.858092	9.969000

100.860646	10.176000

100.863200	8.624000

100.865755	8.996000

100.868309	8.800000

100.870864	7.174000

100.873418	4.953000

100.875973	6.154000

100.878527	4.090000

100.881082	8.574000

100.883636	8.646000

100.886191	5.588000

100.888745	7.348000

100.891300	6.939000

100.893854	9.106000

100.896409	8.178000

100.898963	7.201000

100.901517	6.484000

100.904072	7.234000

100.906626	8.443000

100.909181	9.879000

100.911735	10.612000

100.914290	10.150000

100.916844	10.409000

100.919399	9.609000

100.921953	8.376000

100.924508	6.305000

100.927062	4.642000

100.929617	9.010000

100.932171	7.573000

100.934726	8.960000

100.937280	8.419000

100.939835	8.767000

100.942389	8.725000

100.944943	7.373000

100.947498	8.337000

100.950052	8.706000

100.952607	7.400000

100.955161	3.467000

100.957716	7.898000

100.960270	6.918000

100.962825	8.797000

100.965379	9.696000

100.967934	8.867000

100.970488	8.989000

100.973043	0.000000

100.975597	5.749000

100.978152	6.857000

100.980706	0.454000

100.983260	7.907000

100.985815	8.518000

100.988369	9.079000

100.990924	8.811000

100.993478	9.767000

100.996033	8.969000

100.998587	10.356000

101.001142	10.418000

101.003696	10.608000

101.006251	11.159000

101.008805	11.483000

101.011360	10.828000

101.013914	10.160000

101.016469	10.021000

101.019023	9.889000

101.021578	9.267000

101.024132	9.681000

101.026686	9.963000

101.029241	10.339000

101.031795	10.084000

101.034350	10.290000

101.036904	10.258000

101.039459	10.971000

101.042013	9.690000

101.044568	10.466000

101.047122	9.994000

101.049677	9.458000

101.052231	9.094000

101.054786	9.233000

101.057340	9.973000

101.059895	9.100000

101.062449	9.753000

101.065003	10.596000

101.067558	10.972000

101.070112	9.616000

101.072667	8.876000

101.075221	4.833000

101.077776	4.401000

101.080330	6.277000

101.082885	3.949000

101.085439	8.809000

101.087994	8.248000

101.090548	9.201000

101.093103	9.234000

101.095657	8.597000

101.098212	9.462000

101.100766	9.733000

101.103321	9.671000

101.105875	8.191000

101.108429	5.383000

101.110984	8.444000

101.113538	5.157000

101.116093	7.258000

101.118647	5.010000

101.121202	3.946000

101.123756	5.911000

101.126311	0.000000

101.128865	8.551000

101.131420	6.879000

101.133974	7.839000

101.136529	8.737000

101.139083	8.745000

101.141638	8.880000

101.144192	9.464000

101.146746	9.923000

101.149301	9.832000

101.151855	10.298000

101.154410	9.186000

101.156964	9.215000

101.159519	8.755000

101.162073	8.252000

101.164628	7.280000

101.167182	7.618000

101.169737	7.752000

101.172291	5.136000

101.174846	9.822000

101.177400	10.412000

101.179955	10.293000

101.182509	9.265000

101.185064	8.088000

101.187618	8.042000

101.190172	0.000000

101.192727	5.371000

101.195281	7.437000

101.197836	8.872000

101.200390	7.984000

101.202945	7.763000

101.205499	1.917000

101.208054	1.412000

101.210608	6.112000

101.213163	8.496000

101.215717	7.415000

101.218272	8.952000

101.220826	10.059000

101.223381	10.331000

101.225935	9.807000

101.228489	8.519000

101.231044	8.778000

101.233598	1.393000

101.236153	7.489000

101.238707	3.428000

101.241262	7.654000

101.243816	9.055000

101.246371	9.048000

101.248925	8.477000

101.251480	6.827000

101.254034	7.637000

101.256589	9.205000

101.259143	7.662000

101.261698	6.402000

101.264252	3.540000

101.266807	7.448000

101.269361	5.330000

101.271915	0.000000

101.274470	5.270000

101.277024	7.961000

101.279579	9.280000

101.282133	9.014000

101.284688	10.058000

101.287242	10.505000

101.289797	10.377000

101.292351	10.029000

101.294906	6.999000

101.297460	6.465000

101.300015	3.885000

101.302569	5.019000

101.305124	1.937000

101.307678	7.700000

101.310232	5.618000

101.312787	6.476000

101.315341	5.879000

101.317896	3.182000

101.320450	4.446000

101.323005	6.261000

101.325559	6.283000

101.328114	8.154000

101.330668	7.016000

101.333223	8.131000

101.335777	7.917000

101.338332	9.674000

101.340886	9.221000

101.343441	9.397000

101.345995	8.079000

101.348550	9.043000

101.351104	9.645000

101.353658	8.400000

101.356213	9.146000

101.358767	7.690000

101.361322	5.840000

101.363876	7.781000

101.366431	8.836000

101.368985	8.957000

101.371540	8.432000

101.374094	8.316000

101.376649	8.144000

101.379203	6.409000

101.381758	0.000000

101.384312	5.716000

101.386867	5.788000

101.389421	6.231000

101.391975	8.855000

101.394530	8.858000

101.397084	8.669000

101.399639	9.199000

101.402193	10.205000

101.404748	10.339000

101.407302	10.663000

101.409857	10.870000

101.412411	10.860000

101.414966	10.528000

101.417520	9.778000

101.420075	10.235000

101.422629	10.783000

101.425184	10.948000

101.427738	10.420000

101.430293	9.396000

101.432847	8.384000

101.435401	0.000000

101.437956	8.469000

101.440510	8.337000

101.443065	9.322000

101.445619	8.142000

101.448174	5.529000

101.450728	7.304000

101.453283	4.261000

101.455837	5.254000

101.458392	7.814000

101.460946	9.484000

101.463501	9.081000

101.466055	4.057000

101.468610	5.105000

101.471164	0.000000

101.473718	8.826000

101.476273	9.364000

101.478827	9.731000

101.481382	8.235000

101.483936	9.602000

101.486491	9.392000

101.489045	9.382000

101.491600	10.032000

101.494154	7.275000

101.496709	8.813000

101.499263	8.982000

101.501818	8.860000

101.504372	8.317000

101.506927	7.936000

101.509481	7.178000

101.512036	8.309000

101.514590	2.902000

101.517144	8.338000

101.519699	9.478000

101.522253	8.755000

101.524808	5.662000

101.527362	0.920000

101.529917	7.697000

101.532471	8.044000

101.535026	8.706000

101.537580	5.413000

101.540135	4.138000

101.542689	4.502000

101.545244	5.851000

101.547798	6.206000

101.550353	6.476000

101.552907	1.993000

101.555461	8.748000

101.558016	7.599000

101.560570	8.437000

101.563125	9.023000

101.565679	9.423000

101.568234	8.403000

101.570788	7.822000

101.573343	9.288000

101.575897	9.674000

101.578452	10.350000

101.581006	9.905000

101.583561	10.098000

101.586115	10.019000

101.588670	8.161000

101.591224	7.992000

101.593779	6.920000

101.596333	8.510000

101.598887	7.386000

101.601442	8.086000

101.603996	9.352000

101.606551	9.050000

101.609105	6.709000

101.611660	6.724000

101.614214	6.942000

101.616769	6.343000

101.619323	3.504000

101.621878	7.993000

101.624432	6.649000

101.626987	8.497000

101.629541	9.043000

101.632096	7.951000

101.634650	2.929000

101.637204	6.007000

101.639759	7.461000

101.642313	9.064000

101.644868	7.736000

101.647422	0.000000

101.649977	6.465000

101.652531	7.475000

101.655086	6.686000

101.657640	6.274000

101.660195	6.751000

101.662749	6.963000

101.665304	8.145000

101.667858	8.171000

101.670413	6.951000

101.672967	7.177000

101.675522	5.676000

101.678076	3.718000

101.680630	8.128000

101.683185	9.046000

101.685739	9.210000

101.688294	10.014000

101.690848	10.478000

101.693403	8.288000

101.695957	6.721000

101.698512	5.832000

101.701066	3.861000

101.703621	5.742000

101.706175	6.625000

101.708730	6.855000

101.711284	3.609000

101.713839	3.784000

101.716393	7.616000

101.718947	8.531000

101.721502	10.124000

101.724056	10.770000

101.726611	10.740000

101.729165	10.747000

101.731720	11.288000

101.734274	11.600000

101.736829	10.487000

101.739383	10.367000

101.741938	10.084000

101.744492	10.297000

101.747047	10.017000

101.749601	9.888000

101.752156	10.255000

101.754710	9.769000

101.757265	10.337000

101.759819	8.517000

101.762373	7.924000

101.764928	8.409000

101.767482	8.945000

101.770037	9.625000

101.772591	9.549000

101.775146	8.680000

101.777700	7.131000

101.780255	7.583000

101.782809	7.527000

101.785364	2.506000

101.787918	6.592000

101.790473	5.316000

101.793027	6.973000

101.795582	8.043000

101.798136	5.488000

101.800690	0.893000

101.803245	8.774000

101.805799	9.090000

101.808354	8.404000

101.810908	7.572000

101.813463	5.860000

101.816017	9.256000

101.818572	10.177000

101.821126	10.584000

101.823681	10.413000

101.826235	10.379000

101.828790	10.110000

101.831344	10.126000

101.833899	9.858000

101.836453	10.459000

101.839008	10.459000

101.841562	10.124000

101.844116	10.206000

101.846671	10.513000

101.849225	10.792000

101.851780	10.545000

101.854334	11.021000

101.856889	11.526000

101.859443	11.444000

101.861998	11.088000

101.864552	10.996000

101.867107	11.296000

101.869661	11.035000

101.872216	10.954000

101.874770	11.071000

101.877325	10.498000

101.879879	10.703000

101.882433	10.785000

101.884988	10.464000

101.887542	9.400000

101.890097	7.337000

101.892651	8.646000

101.895206	8.141000

101.897760	9.367000

101.900315	9.105000

101.902869	9.742000

101.905424	9.285000

101.907978	9.260000

101.910533	9.114000

101.913087	9.470000

101.915642	9.456000

101.918196	9.731000

101.920751	7.808000

101.923305	7.217000

101.925859	7.234000

101.928414	6.742000

101.930968	5.810000

101.933523	5.912000

101.936077	7.670000

101.938632	7.927000

101.941186	8.824000

101.943741	8.335000

101.946295	8.509000

101.948850	7.755000

101.951404	5.049000

101.953959	4.586000

101.956513	8.329000

101.959068	10.044000

101.961622	10.638000

101.964176	10.569000

101.966731	9.976000

101.969285	9.940000

101.971840	10.129000

101.974394	10.553000

101.976949	10.956000

101.979503	10.840000

101.982058	10.539000

101.984612	10.431000

101.987167	10.852000

101.989721	10.977000

101.992276	10.917000

101.994830	11.315000

101.997385	11.294000

101.999939	10.740000

102.002494	10.695000

102.005048	9.862000

102.007602	8.903000

102.010157	8.550000

102.012711	9.546000

102.015266	8.988000

102.017820	7.208000

102.020375	6.951000

102.022929	6.130000

102.025484	6.680000

102.028038	5.705000

102.030593	8.879000

102.033147	9.102000

102.035702	8.905000

102.038256	9.254000

102.040811	9.960000

102.043365	9.119000

102.045919	10.040000

102.048474	10.209000

102.051028	9.604000

102.053583	9.283000

102.056137	10.606000

102.058692	10.668000

102.061246	10.805000

102.063801	11.126000

102.066355	10.973000

102.068910	10.860000

102.071464	10.885000

102.074019	11.074000

102.076573	11.494000

102.079128	11.877000

102.081682	11.385000

102.084237	11.000000

102.086791	10.944000

102.089345	10.661000

102.091900	9.873000

102.094454	10.050000

102.097009	10.557000

102.099563	10.217000

102.102118	9.903000

102.104672	9.869000

102.107227	10.128000

102.109781	9.245000

102.112336	8.593000

102.114890	7.048000

102.117445	7.559000

102.119999	6.135000

102.122554	8.309000

102.125108	3.728000

102.127662	1.473000

102.130217	3.315000

102.132771	4.040000

102.135326	5.874000

102.137880	6.216000

102.140435	7.020000

102.142989	5.281000

102.145544	5.189000

102.148098	7.674000

102.150653	7.465000

102.153207	7.211000

102.155762	7.821000

102.158316	6.903000

102.160871	6.051000

102.163425	7.528000

102.165980	6.785000

102.168534	7.282000

102.171088	1.703000

102.173643	0.000000

102.176197	4.727000

102.178752	4.727000

102.181306	3.703000

102.183861	3.632000

102.186415	7.849000

102.188970	6.069000

102.191524	4.534000

102.194079	8.092000

102.196633	9.254000

102.199188	8.005000

102.201742	2.987000

102.204297	6.030000

102.206851	7.590000

102.209406	8.056000

102.211960	7.010000

102.214514	6.266000

102.217069	4.449000

102.219623	7.618000

102.222178	4.877000

102.224732	7.946000

102.227287	1.257000

102.229841	7.324000

102.232396	6.034000

102.234950	3.754000

102.237505	6.848000

102.240059	7.643000

102.242614	7.131000

102.245168	0.443000

102.247723	6.476000

102.250277	7.060000

102.252831	7.320000

102.255386	9.274000

102.257940	8.184000

102.260495	8.458000

102.263049	9.860000

102.265604	9.404000

102.268158	10.845000

102.270713	11.039000

102.273267	11.443000

102.275822	11.431000

102.278376	11.691000

102.280931	11.814000

102.283485	11.752000

102.286040	11.927000

102.288594	12.086000

102.291149	12.045000

102.293703	12.024000

102.296257	12.006000

102.298812	11.681000

102.301366	11.713000

102.303921	11.319000

102.306475	10.917000

102.309030	10.695000

102.311584	9.848000

102.314139	9.074000

102.316693	8.774000

102.319248	7.845000

102.321802	2.384000

102.324357	2.464000

102.326911	8.029000

102.329466	8.139000

102.332020	6.756000

102.334574	6.297000

102.337129	5.549000

102.339683	8.769000

102.342238	9.304000

102.344792	9.747000

102.347347	8.244000

102.349901	7.753000

102.352456	7.215000

102.355010	6.979000

102.357565	3.220000

102.360119	7.307000

102.362674	4.395000

102.365228	5.759000

102.367783	7.935000

102.370337	9.021000

102.372892	8.803000

102.375446	8.593000

102.378000	6.793000

102.380555	7.894000

102.383109	8.602000

102.385664	7.718000

102.388218	6.130000

102.390773	8.529000

102.393327	5.502000

102.395882	7.165000

102.398436	8.526000

102.400991	5.308000

102.403545	5.660000

102.406100	6.746000

102.408654	7.015000

102.411209	5.844000

102.413763	6.703000

102.416317	8.078000

102.418872	7.328000

102.421426	2.839000

102.423981	3.918000

102.426535	7.443000

102.429090	8.722000

102.431644	8.847000

102.434199	9.222000

102.436753	6.029000

102.439308	7.885000

102.441862	8.553000

102.444417	5.532000

102.446971	6.926000

102.449526	8.099000

102.452080	6.219000

102.454635	0.000000

102.457189	3.750000

102.459743	7.738000

102.462298	8.288000

102.464852	9.261000

102.467407	9.081000

102.469961	8.670000

102.472516	9.023000

102.475070	9.461000

102.477625	9.437000

102.480179	9.206000

102.482734	9.493000

102.485288	10.648000

102.487843	9.782000

102.490397	9.658000

102.492952	9.934000

102.495506	10.219000

102.498060	10.679000

102.500615	10.731000

102.503169	11.172000

102.505724	11.172000

102.508278	10.691000

102.510833	9.776000

102.513387	10.133000

102.515942	10.372000

102.518496	9.458000

102.521051	8.382000

102.523605	9.659000

102.526160	10.509000

102.528714	9.938000

102.531269	8.828000

102.533823	8.143000

102.536378	5.865000

102.538932	6.514000

102.541486	4.034000

102.544041	7.339000

102.546595	5.539000

102.549150	4.479000

102.551704	0.000000

102.554259	7.801000

102.556813	6.730000

102.559368	5.808000

102.561922	6.363000

102.564477	5.774000

102.567031	6.920000

102.569586	9.751000

102.572140	9.718000

102.574695	8.919000

102.577249	7.142000

102.579803	7.157000

102.582358	7.538000

102.584912	7.231000

102.587467	7.942000

102.590021	8.793000

102.592576	7.960000

102.595130	8.749000

102.597685	9.466000

102.600239	8.758000

102.602794	7.015000

102.605348	5.994000

102.607903	6.439000

102.610457	6.273000

102.613012	3.928000

102.615566	3.504000

102.618121	6.941000

102.620675	7.083000

102.623229	2.716000

102.625784	6.763000

102.628338	7.544000

102.630893	7.576000

102.633447	7.763000

102.636002	4.818000

102.638556	7.519000

102.641111	8.141000

102.643665	7.431000

102.646220	4.551000

102.648774	4.105000

102.651329	3.992000

102.653883	0.000000

102.656438	5.730000

102.658992	4.094000

102.661546	5.916000

102.664101	6.350000

102.666655	4.765000

102.669210	6.726000

102.671764	2.138000

102.674319	1.670000

102.676873	1.273000

102.679428	6.773000

102.681982	7.330000

102.684537	8.341000

102.687091	7.529000

102.689646	8.835000

102.692200	10.170000

102.694755	9.003000

102.697309	5.132000

102.699864	5.405000

102.702418	7.912000

102.704972	6.707000

102.707527	7.256000

102.710081	8.610000

102.712636	8.720000

102.715190	7.774000

102.717745	5.224000

102.720299	7.105000

102.722854	7.217000

102.725408	7.053000

102.727963	6.674000

102.730517	6.346000

102.733072	4.615000

102.735626	8.527000

102.738181	2.873000

102.740735	7.452000

102.743289	7.777000

102.745844	5.985000

102.748398	5.503000

102.750953	3.417000

102.753507	6.659000

102.756062	3.817000

102.758616	7.426000

102.761171	7.542000

102.763725	5.267000

102.766280	3.414000

102.768834	5.720000

102.771389	4.377000

102.773943	4.911000

102.776498	4.192000

102.779052	1.255000

102.781607	7.110000

102.784161	7.977000

102.786715	8.544000

102.789270	5.245000

102.791824	4.993000

102.794379	5.736000

102.796933	9.243000

102.799488	9.268000

102.802042	10.275000

102.804597	10.062000

102.807151	10.388000

102.809706	10.329000

102.812260	9.637000

102.814815	10.324000

102.817369	10.738000

102.819924	9.585000

102.822478	9.211000

102.825032	9.426000

102.827587	9.997000

102.830141	9.939000

102.832696	9.549000

102.835250	10.399000

102.837805	10.455000

102.840359	10.403000

102.842914	10.637000

102.845468	10.069000

102.848023	9.074000

102.850577	7.008000

102.853132	2.489000

102.855686	4.973000

102.858241	8.004000

102.860795	8.069000

102.863350	7.231000

102.865904	5.679000

102.868458	3.077000

102.871013	9.434000

102.873567	9.109000

102.876122	8.635000

102.878676	8.943000

102.881231	0.000000

102.883785	5.507000

102.886340	5.435000

102.888894	5.612000

102.891449	7.581000

102.894003	10.236000

102.896558	10.275000

102.899112	11.089000

102.901667	11.477000

102.904221	11.132000

102.906775	11.209000

102.909330	10.339000

102.911884	10.208000

102.914439	10.287000

102.916993	10.214000

102.919548	10.033000

102.922102	10.391000

102.924657	9.474000

102.927211	9.560000

102.929766	9.828000

102.932320	10.194000

102.934875	10.701000

102.937429	10.936000

102.939984	9.736000

102.942538	10.219000

102.945093	10.505000

102.947647	11.035000

102.950201	11.626000

102.952756	11.430000

102.955310	10.798000

102.957865	10.770000

102.960419	10.870000

102.962974	10.807000

102.965528	10.722000

102.968083	10.353000

102.970637	9.685000

102.973192	9.101000

102.975746	8.476000

102.978301	2.803000

102.980855	5.896000

102.983410	6.275000

102.985964	7.312000

102.988518	5.298000

102.991073	5.899000

102.993627	8.724000

102.996182	7.289000

102.998736	3.528000

103.001291	7.152000

103.003845	8.365000

103.006400	9.067000

103.008954	8.598000

103.011509	7.999000

103.014063	7.931000

103.016618	6.690000

103.019172	5.756000

103.021727	5.574000

103.024281	6.114000

103.026836	8.292000

103.029390	8.096000

103.031944	9.336000

103.034499	10.484000

103.037053	11.144000

103.039608	11.629000

103.042162	11.405000

103.044717	11.090000

103.047271	11.359000

103.049826	11.617000

103.052380	11.756000

103.054935	11.444000

103.057489	11.339000

103.060044	11.256000

103.062598	10.649000

103.065153	10.551000

103.067707	10.592000

103.070261	10.220000

103.072816	9.650000

103.075370	10.628000

103.077925	10.476000

103.080479	10.016000

103.083034	8.192000

103.085588	6.286000

103.088143	4.340000

103.090697	5.453000

103.093252	7.535000

103.095806	7.800000

103.098361	7.774000

103.100915	7.526000

103.103470	2.345000

103.106024	5.224000

103.108579	6.534000

103.111133	7.342000

103.113687	8.582000

103.116242	8.056000

103.118796	8.849000

103.121351	7.915000

103.123905	7.691000

103.126460	9.651000

103.129014	8.406000

103.131569	7.112000

103.134123	6.809000

103.136678	6.436000

103.139232	6.679000

103.141787	8.156000

103.144341	4.249000

103.146896	9.299000

103.149450	9.731000

103.152004	9.595000

103.154559	8.610000

103.157113	4.893000

103.159668	0.000000

103.162222	7.724000

103.164777	8.659000

103.167331	9.680000

103.169886	7.889000

103.172440	9.074000

103.174995	9.201000

103.177549	9.278000

103.180104	8.917000

103.182658	9.212000

103.185213	10.188000

103.187767	9.684000

103.190322	7.635000

103.192876	4.846000

103.195430	8.388000

103.197985	8.301000

103.200539	8.404000

103.203094	7.263000

103.205648	5.643000

103.208203	7.327000

103.210757	7.898000

103.213312	7.166000

103.215866	6.634000

103.218421	3.458000

103.220975	4.623000

103.223530	5.887000

103.226084	7.470000

103.228639	7.325000

103.231193	4.010000

103.233747	6.299000

103.236302	7.327000

103.238856	8.575000

103.241411	9.105000

103.243965	7.928000

103.246520	5.620000

103.249074	6.853000

103.251629	3.705000

103.254183	7.626000

103.256738	8.341000

103.259292	8.742000

103.261847	8.918000

103.264401	9.579000

103.266956	9.994000

103.269510	10.178000

103.272065	10.659000

103.274619	10.138000

103.277173	8.131000

103.279728	7.210000

103.282282	8.586000

103.284837	6.116000

103.287391	7.081000

103.289946	6.852000

103.292500	5.004000

103.295055	7.573000

103.297609	2.910000

103.300164	5.748000

103.302718	4.405000

103.305273	6.103000

103.307827	7.502000

103.310382	9.724000

103.312936	9.544000

103.315490	9.843000

103.318045	9.933000

103.320599	7.858000

103.323154	7.724000

103.325708	7.915000

103.328263	7.514000

103.330817	7.306000

103.333372	5.927000

103.335926	5.264000

103.338481	8.109000

103.341035	3.536000

103.343590	8.234000

103.346144	7.706000

103.348699	8.531000

103.351253	0.000000

103.353808	8.637000

103.356362	9.926000

103.358916	9.660000

103.361471	10.414000

103.364025	9.952000

103.366580	9.534000

103.369134	9.673000

103.371689	9.301000

103.374243	7.852000

103.376798	4.654000

103.379352	7.043000

103.381907	9.320000

103.384461	7.092000

103.387016	7.527000

103.389570	8.473000

103.392125	8.138000

103.394679	7.461000

103.397233	4.927000

103.399788	6.454000

103.402342	0.925000

103.404897	6.643000

103.407451	6.012000

103.410006	1.656000

103.412560	4.220000

103.415115	7.529000

103.417669	0.000000

103.420224	7.312000

103.422778	6.669000

103.425333	5.789000

103.427887	8.429000

103.430442	8.977000

103.432996	8.568000

103.435551	8.190000

103.438105	6.621000

103.440659	0.611000

103.443214	2.183000

103.445768	0.000000

103.448323	7.773000

103.450877	7.938000

103.453432	8.166000

103.455986	4.264000

103.458541	8.320000

103.461095	8.667000

103.463650	7.565000

103.466204	8.160000

103.468759	8.325000

103.471313	7.972000

103.473868	8.882000

103.476422	8.637000

103.478976	6.170000

103.481531	5.723000

103.484085	7.779000

103.486640	4.803000

103.489194	6.213000

103.491749	4.370000

103.494303	5.482000

103.496858	7.469000

103.499412	6.183000

103.501967	0.000000

103.504521	7.136000

103.507076	7.175000

103.509630	8.220000

103.512185	4.528000

103.514739	7.816000

103.517294	9.553000

103.519848	9.091000

103.522402	8.065000

103.524957	4.380000

103.527511	4.800000

103.530066	6.649000

103.532620	7.072000

103.535175	5.417000

103.537729	3.713000

103.540284	6.222000

103.542838	5.197000

103.545393	1.408000

103.547947	7.114000

103.550502	5.044000

103.553056	8.292000

103.555611	8.383000

103.558165	4.438000

103.560719	3.237000

103.563274	6.376000

103.565828	8.167000

103.568383	8.727000

103.570937	7.762000

103.573492	0.000000

103.576046	7.576000

103.578601	9.099000

103.581155	7.829000

103.583710	8.954000

103.586264	7.905000

103.588819	1.804000

103.591373	4.116000

103.593928	8.209000

103.596482	8.577000

103.599037	7.122000

103.601591	5.572000

103.604145	7.398000

103.606700	7.774000

103.609254	8.800000

103.611809	9.407000

103.614363	9.794000

103.616918	9.170000

103.619472	9.321000

103.622027	6.568000

103.624581	6.684000

103.627136	1.508000

103.629690	6.960000

103.632245	7.678000

103.634799	8.913000

103.637354	8.253000

103.639908	8.011000

103.642462	5.965000

103.645017	8.435000

103.647571	8.114000

103.650126	8.092000

103.652680	9.871000

103.655235	9.506000

103.657789	7.874000

103.660344	6.619000

103.662898	3.882000

103.665453	8.780000

103.668007	9.468000

103.670562	8.628000

103.673116	8.540000

103.675671	8.384000

103.678225	7.636000

103.680780	8.479000

103.683334	5.741000

103.685888	7.402000

103.688443	6.129000

103.690997	4.546000

103.693552	8.144000

103.696106	9.620000

103.698661	8.858000

103.701215	7.535000

103.703770	8.185000

103.706324	9.337000

103.708879	9.385000

103.711433	9.761000

103.713988	9.496000

103.716542	8.055000

103.719097	9.211000

103.721651	9.362000

103.724205	9.706000

103.726760	10.173000

103.729314	10.288000

103.731869	10.561000

103.734423	10.169000

103.736978	9.915000

103.739532	9.604000

103.742087	8.593000

103.744641	6.910000

103.747196	5.679000

103.749750	2.127000

103.752305	8.787000

103.754859	7.850000

103.757414	7.218000

103.759968	7.909000

103.762523	1.833000

103.765077	5.657000

103.767631	8.220000

103.770186	8.532000

103.772740	7.450000

103.775295	6.466000

103.777849	4.290000

103.780404	7.356000

103.782958	6.676000

103.785513	3.399000

103.788067	8.299000

103.790622	9.602000

103.793176	8.118000

103.795731	6.259000

103.798285	6.854000

103.800840	6.704000

103.803394	8.433000

103.805948	8.792000

103.808503	8.743000

103.811057	10.222000

103.813612	9.498000

103.816166	9.058000

